id,name,type,rarity,weight_class,wiki_first_seen,inferred_era
3868,Greatsword,Weapon,Basic,,2010-04-28T17:21:32Z,Core Tyria & non-expansion releases
3859,Warhorn,Weapon,Basic,,2010-04-28T18:30:07Z,Core Tyria & non-expansion releases
3865,Axe,Weapon,Basic,,2010-04-28T18:35:52Z,Core Tyria & non-expansion releases
3871,Dagger,Weapon,Basic,,2010-04-28T18:36:22Z,Core Tyria & non-expansion releases
3861,Mace,Weapon,Basic,,2010-04-28T18:36:28Z,Core Tyria & non-expansion releases
3864,Pistol,Weapon,Basic,,2010-04-28T18:36:36Z,Core Tyria & non-expansion releases
3866,Scepter,Weapon,Basic,,2010-04-28T18:36:42Z,Core Tyria & non-expansion releases
3873,Sword,Weapon,Basic,,2010-04-28T18:36:48Z,Core Tyria & non-expansion releases
3869,Hammer,Weapon,Basic,,2010-04-28T18:37:25Z,Core Tyria & non-expansion releases
3854,Longbow,Weapon,Basic,,2010-04-28T18:37:41Z,Core Tyria & non-expansion releases
3867,Rifle,Weapon,Basic,,2010-04-28T18:37:47Z,Core Tyria & non-expansion releases
3860,Short Bow,Weapon,Basic,,2010-04-28T18:37:54Z,Core Tyria & non-expansion releases
3872,Staff,Weapon,Basic,,2010-04-28T18:38:01Z,Core Tyria & non-expansion releases
3863,Focus,Weapon,Basic,,2010-04-28T18:38:38Z,Core Tyria & non-expansion releases
3855,Shield,Weapon,Basic,,2010-04-28T18:38:44Z,Core Tyria & non-expansion releases
3856,Torch,Weapon,Basic,,2010-04-28T18:38:51Z,Core Tyria & non-expansion releases
7862,Sunspear,Weapon,Basic,,2010-06-19T20:50:49Z,Core Tyria & non-expansion releases
12595,Sunspear,Weapon,Basic,,2010-06-19T20:50:49Z,Core Tyria & non-expansion releases
4580,Fellblade,Weapon,Basic,,2010-10-08T22:29:57Z,Core Tyria & non-expansion releases
4584,Fiery Dragon Sword,Weapon,Basic,,2010-10-08T22:44:15Z,Core Tyria & non-expansion releases
4575,Stygian Axe,Weapon,Basic,,2010-10-08T23:00:22Z,Core Tyria & non-expansion releases
4569,Flaming Beacon,Weapon,Basic,,2010-10-08T23:03:02Z,Core Tyria & non-expansion releases
4570,Mountaincall Warhorn,Weapon,Basic,,2010-10-08T23:24:15Z,Core Tyria & non-expansion releases
4576,Wayward Wand Scepter,Weapon,Basic,,2010-10-08T23:30:19Z,Core Tyria & non-expansion releases
4583,Gnarled Walking Staff,Weapon,Basic,,2010-10-08T23:35:07Z,Core Tyria & non-expansion releases
4573,Deldrimor Mace,Weapon,Basic,,2010-10-08T23:35:18Z,Core Tyria & non-expansion releases
4571,Living Short Bow,Weapon,Basic,,2010-10-08T23:35:57Z,Core Tyria & non-expansion releases
4574,Seathunder Pistol,Weapon,Basic,,2010-10-08T23:36:30Z,Core Tyria & non-expansion releases
4578,Diamond Aegis Shield,Weapon,Basic,,2010-10-08T23:38:37Z,Core Tyria & non-expansion releases
4582,Centurions Claw,Weapon,Basic,,2010-10-08T23:40:04Z,Core Tyria & non-expansion releases
4579,Wheelock Rifle,Weapon,Basic,,2010-10-08T23:47:45Z,Core Tyria & non-expansion releases
4572,Chimeric Prism Focus,Weapon,Basic,,2010-10-08T23:49:09Z,Core Tyria & non-expansion releases
4577,Ithas Longbow,Weapon,Basic,,2010-10-08T23:49:44Z,Core Tyria & non-expansion releases
4581,Icebreaker,Weapon,Basic,,2010-10-08T23:52:15Z,Core Tyria & non-expansion releases
4357,Royal Ascalonian Scepter,Weapon,Basic,,2011-01-11T16:30:18Z,Core Tyria & non-expansion releases
4400,Royal Ascalonian Staff,Weapon,Basic,,2011-01-11T17:04:59Z,Core Tyria & non-expansion releases
4373,Royal Ascalonian Dagger,Weapon,Basic,,2011-01-11T17:10:40Z,Core Tyria & non-expansion releases
360,Magus Gloves,Armor,Basic,Light,2011-01-12T18:27:42Z,Core Tyria & non-expansion releases
2041,Chainmail Footgear,Armor,Basic,Heavy,2011-01-12T19:03:34Z,Core Tyria & non-expansion releases
803,Heritage Shoes,Armor,Basic,Light,2011-01-12T19:43:59Z,Core Tyria & non-expansion releases
798,Heritage Pants,Armor,Basic,Light,2011-01-12T19:53:44Z,Core Tyria & non-expansion releases
796,Heritage Legguards,Armor,Basic,Medium,2011-01-12T19:55:36Z,Core Tyria & non-expansion releases
20,Chainmail Gauntlets,Armor,Basic,Heavy,2011-01-12T20:10:52Z,Core Tyria & non-expansion releases
799,Heritage Boots,Armor,Basic,Medium,2011-01-12T20:14:29Z,Core Tyria & non-expansion releases
818,Heritage Warhelm,Armor,Basic,Heavy,2011-01-12T20:23:43Z,Core Tyria & non-expansion releases
808,Heritage Pauldrons,Armor,Basic,Heavy,2011-01-12T20:23:45Z,Core Tyria & non-expansion releases
812,Heritage Gauntlets,Armor,Basic,Heavy,2011-01-12T20:24:03Z,Core Tyria & non-expansion releases
807,Heritage Warplate,Armor,Basic,Heavy,2011-01-12T20:24:23Z,Core Tyria & non-expansion releases
797,Heritage Legplates,Armor,Basic,Heavy,2011-01-12T20:24:33Z,Core Tyria & non-expansion releases
801,Heritage Warboots,Armor,Basic,Heavy,2011-01-12T20:24:36Z,Core Tyria & non-expansion releases
817,Heritage Bandana,Armor,Basic,Medium,2011-01-12T20:30:18Z,Core Tyria & non-expansion releases
805,Heritage Shoulderpads,Armor,Basic,Medium,2011-01-12T20:31:09Z,Core Tyria & non-expansion releases
811,Heritage Armguards,Armor,Basic,Medium,2011-01-12T20:32:06Z,Core Tyria & non-expansion releases
806,Heritage Jerkin,Armor,Basic,Medium,2011-01-12T20:32:54Z,Core Tyria & non-expansion releases
819,Heritage Masque,Armor,Basic,Light,2011-01-12T20:35:38Z,Core Tyria & non-expansion releases
810,Heritage Mantle,Armor,Basic,Light,2011-01-12T20:36:31Z,Core Tyria & non-expansion releases
813,Heritage Gloves,Armor,Basic,Light,2011-01-12T20:37:19Z,Core Tyria & non-expansion releases
809,Heritage Greatcoat,Armor,Basic,Light,2011-01-12T20:38:00Z,Core Tyria & non-expansion releases
4396,Royal Ascalonian Sword,Weapon,Basic,,2011-01-13T01:39:24Z,Core Tyria & non-expansion releases
4361,Royal Ascalonian Mace,Weapon,Basic,,2011-01-13T02:02:50Z,Core Tyria & non-expansion releases
4457,Royal Ascalonian Pistol,Weapon,Basic,,2011-01-13T02:03:17Z,Core Tyria & non-expansion releases
4372,Royal Ascalonian Greatsword,Weapon,Basic,,2011-01-13T02:05:29Z,Core Tyria & non-expansion releases
4385,Royal Ascalonian Hammer,Weapon,Basic,,2011-01-13T02:05:57Z,Core Tyria & non-expansion releases
4403,Royal Ascalonian Warhorn,Weapon,Basic,,2011-01-13T02:06:38Z,Core Tyria & non-expansion releases
4363,Royal Ascalonian Longbow,Weapon,Basic,,2011-01-13T02:23:25Z,Core Tyria & non-expansion releases
4498,Royal Ascalonian Rifle,Weapon,Basic,,2011-01-13T02:38:06Z,Core Tyria & non-expansion releases
4390,Royal Ascalonian Short Bow,Weapon,Basic,,2011-01-13T02:39:23Z,Core Tyria & non-expansion releases
4384,Royal Ascalonian Torch,Weapon,Basic,,2011-01-13T02:41:02Z,Core Tyria & non-expansion releases
4356,Royal Ascalonian Focus,Weapon,Basic,,2011-01-13T02:41:41Z,Core Tyria & non-expansion releases
4370,Royal Ascalonian Shield,Weapon,Basic,,2011-01-13T02:42:15Z,Core Tyria & non-expansion releases
19,Rawhide Boots,Armor,Basic,Medium,2011-01-13T04:17:28Z,Core Tyria & non-expansion releases
6,Rawhide Vest,Armor,Basic,Medium,2011-01-13T04:18:54Z,Core Tyria & non-expansion releases
32,Rawhide Bracers,Armor,Basic,Medium,2011-01-13T04:20:00Z,Core Tyria & non-expansion releases
5,Rawhide Leggings,Armor,Basic,Medium,2011-01-13T04:20:40Z,Core Tyria & non-expansion releases
16,Apprentice Shoes,Armor,Basic,Light,2011-01-13T04:21:58Z,Core Tyria & non-expansion releases
4,Apprentice Coat,Armor,Basic,Light,2011-01-13T04:22:23Z,Core Tyria & non-expansion releases
25,Apprentice Gloves,Armor,Basic,Light,2011-01-13T04:22:47Z,Core Tyria & non-expansion releases
3,Apprentice Pants,Armor,Basic,Light,2011-01-13T04:23:17Z,Core Tyria & non-expansion releases
3892,Soft Wood Scepter,Weapon,Basic,,2011-01-13T15:45:10Z,Core Tyria & non-expansion releases
4360,Royal Ascalonian Axe,Weapon,Basic,,2011-01-13T19:36:24Z,Core Tyria & non-expansion releases
4845,Courage,Weapon,Basic,,2011-03-05T03:23:04Z,Core Tyria & non-expansion releases
10249,Dragon's Claw,Weapon,Basic,,2011-03-16T11:03:39Z,Core Tyria & non-expansion releases
3857,Trident,Weapon,Basic,,2011-06-24T17:23:18Z,Core Tyria & non-expansion releases
240,Scale Gauntlets,Armor,Basic,Heavy,2011-12-14T00:18:10Z,Core Tyria & non-expansion releases
4833,Illusion,Weapon,Basic,,2011-12-14T14:46:12Z,Core Tyria & non-expansion releases
2051,Storm Eye,Armor,Basic,Light,2011-12-22T22:30:57Z,Core Tyria & non-expansion releases
4754,Siren's Call,Weapon,Basic,,2012-02-20T17:39:32Z,Core Tyria & non-expansion releases
6505,Venom,Weapon,Basic,,2012-02-21T17:55:52Z,Core Tyria & non-expansion releases
18,Country Pants,Armor,Basic,Light,2012-02-22T00:25:57Z,Core Tyria & non-expansion releases
6555,Merciless Hammer,Weapon,Basic,,2012-02-23T17:22:20Z,Core Tyria & non-expansion releases
2053,Panscopic Monocle,Armor,Basic,Medium,2012-02-24T00:19:56Z,Core Tyria & non-expansion releases
4004,Bronze Shield,Weapon,Basic,,2012-02-25T11:58:02Z,Core Tyria & non-expansion releases
3946,Bronze Axe,Weapon,Basic,,2012-02-25T12:22:48Z,Core Tyria & non-expansion releases
4048,Bronze Hammer,Weapon,Basic,,2012-02-25T12:32:04Z,Core Tyria & non-expansion releases
624,Ascalonian Performer Mask,Armor,Basic,Light,2012-03-15T22:35:22Z,Core Tyria & non-expansion releases
4005,Bronze Greatsword,Weapon,Basic,,2012-03-18T21:03:42Z,Core Tyria & non-expansion releases
3994,Bronze Dagger,Weapon,Basic,,2012-03-19T03:58:19Z,Core Tyria & non-expansion releases
4493,Royal Ascalonian Harpoon,Weapon,Basic,,2012-03-21T19:05:12Z,Core Tyria & non-expansion releases
4431,Royal Ascalonian Speargun,Weapon,Basic,,2012-03-21T19:14:52Z,Core Tyria & non-expansion releases
4421,Royal Ascalonian Trident,Weapon,Basic,,2012-03-21T19:18:33Z,Core Tyria & non-expansion releases
4828,Charrzooka,Weapon,Basic,,2012-03-26T17:10:52Z,Core Tyria & non-expansion releases
2052,Visionary's Helm,Armor,Basic,Heavy,2012-03-31T14:56:15Z,Core Tyria & non-expansion releases
619,Ascalonian Performer Mantle,Armor,Basic,Light,2012-04-03T08:28:54Z,Core Tyria & non-expansion releases
613,Ascalonian Performer Vestments,Armor,Basic,Light,2012-04-03T08:30:28Z,Core Tyria & non-expansion releases
627,Ascalonian Performer Gloves,Armor,Basic,Light,2012-04-03T09:20:01Z,Core Tyria & non-expansion releases
614,Ascalonian Performer Pants,Armor,Basic,Light,2012-04-03T09:21:30Z,Core Tyria & non-expansion releases
620,Ascalonian Performer Shoes,Armor,Basic,Light,2012-04-03T09:26:45Z,Core Tyria & non-expansion releases
623,Ascalonian Sentry Hat,Armor,Basic,Medium,2012-04-03T09:30:29Z,Core Tyria & non-expansion releases
617,Ascalonian Sentry Shoulderguards,Armor,Basic,Medium,2012-04-03T20:55:27Z,Core Tyria & non-expansion releases
611,Ascalonian Sentry Chestguard,Armor,Basic,Medium,2012-04-03T20:57:31Z,Core Tyria & non-expansion releases
626,Ascalonian Sentry Gloves,Armor,Basic,Medium,2012-04-03T20:59:56Z,Core Tyria & non-expansion releases
612,Ascalonian Sentry Leggings,Armor,Basic,Medium,2012-04-03T21:01:09Z,Core Tyria & non-expansion releases
618,Ascalonian Sentry Boots,Armor,Basic,Medium,2012-04-03T21:02:32Z,Core Tyria & non-expansion releases
625,Ascalonian Protector Helm,Armor,Basic,Heavy,2012-04-04T14:28:54Z,Core Tyria & non-expansion releases
621,Ascalonian Protector Pauldrons,Armor,Basic,Heavy,2012-04-06T12:03:19Z,Core Tyria & non-expansion releases
615,Ascalonian Protector Breastplate,Armor,Basic,Heavy,2012-04-06T12:44:45Z,Core Tyria & non-expansion releases
628,Ascalonian Protector Gauntlets,Armor,Basic,Heavy,2012-04-06T12:45:57Z,Core Tyria & non-expansion releases
616,Ascalonian Protector Legguards,Armor,Basic,Heavy,2012-04-06T12:47:50Z,Core Tyria & non-expansion releases
622,Ascalonian Protector Greaves,Armor,Basic,Heavy,2012-04-06T12:49:03Z,Core Tyria & non-expansion releases
2060,Fanged Dread Mask,Armor,Basic,Light,2012-04-29T05:53:29Z,Core Tyria & non-expansion releases
1007,Ringmaster's Hat,Armor,Basic,Medium,2012-04-29T06:00:10Z,Core Tyria & non-expansion releases
1009,Ringmaster's Hat,Armor,Basic,Heavy,2012-04-29T06:00:10Z,Core Tyria & non-expansion releases
1010,Ringmaster's Hat,Armor,Basic,Light,2012-04-29T06:00:10Z,Core Tyria & non-expansion releases
260,Seeker Mask,Armor,Basic,Medium,2012-04-29T23:49:13Z,Core Tyria & non-expansion releases
230,Seeker Shoulders,Armor,Basic,Medium,2012-05-01T00:43:26Z,Core Tyria & non-expansion releases
4607,Pirate Hatchet,Weapon,Basic,,2012-05-02T11:32:09Z,Core Tyria & non-expansion releases
219,Seeker Coat,Armor,Basic,Medium,2012-05-03T04:23:49Z,Core Tyria & non-expansion releases
250,Seeker Gloves,Armor,Basic,Medium,2012-05-03T05:45:20Z,Core Tyria & non-expansion releases
4621,Pirate Bloodletter,Weapon,Basic,,2012-05-03T20:29:23Z,Core Tyria & non-expansion releases
4633,Pirate Poppet,Weapon,Basic,,2012-05-03T20:30:07Z,Core Tyria & non-expansion releases
4603,Pirate Slayer,Weapon,Basic,,2012-05-03T20:30:58Z,Core Tyria & non-expansion releases
4620,Pirate Sledge,Weapon,Basic,,2012-05-03T20:32:11Z,Core Tyria & non-expansion releases
4596,Pirate Speargun,Weapon,Basic,,2012-05-03T20:48:11Z,Core Tyria & non-expansion releases
4659,Pirate Crescent,Weapon,Basic,,2012-05-03T20:49:24Z,Core Tyria & non-expansion releases
4600,Pirate Billy,Weapon,Basic,,2012-05-03T20:50:37Z,Core Tyria & non-expansion releases
4591,Pirate Flintlock,Weapon,Basic,,2012-05-03T20:52:20Z,Core Tyria & non-expansion releases
4616,Pirate Boomstick,Weapon,Basic,,2012-05-03T20:53:25Z,Core Tyria & non-expansion releases
4642,Pirate Cane,Weapon,Basic,,2012-05-03T20:55:21Z,Core Tyria & non-expansion releases
4658,Pirate Barricade,Weapon,Basic,,2012-05-03T20:56:40Z,Core Tyria & non-expansion releases
4649,Pirate Needler,Weapon,Basic,,2012-05-03T21:02:25Z,Core Tyria & non-expansion releases
4630,Pirate Harpoon,Weapon,Basic,,2012-05-03T21:04:55Z,Core Tyria & non-expansion releases
4623,Pirate Crook,Weapon,Basic,,2012-05-03T21:06:20Z,Core Tyria & non-expansion releases
4606,Pirate Cutlass,Weapon,Basic,,2012-05-03T21:07:22Z,Core Tyria & non-expansion releases
4585,Pirate Brazier,Weapon,Basic,,2012-05-03T21:08:21Z,Core Tyria & non-expansion releases
4641,Pirate Trident,Weapon,Basic,,2012-05-03T21:09:00Z,Core Tyria & non-expansion releases
4626,Pirate Bugle,Weapon,Basic,,2012-05-03T21:10:57Z,Core Tyria & non-expansion releases
237,Outlaw Boots,Armor,Basic,Medium,2012-05-05T19:29:56Z,Core Tyria & non-expansion releases
236,Seeker Boots,Armor,Basic,Medium,2012-05-08T07:39:23Z,Core Tyria & non-expansion releases
215,Seeker Pants,Armor,Basic,Medium,2012-05-09T19:59:53Z,Core Tyria & non-expansion releases
4298,Wolfborn Axe,Weapon,Basic,,2012-05-10T13:05:49Z,Core Tyria & non-expansion releases
4342,Wolfborn Dagger,Weapon,Basic,,2012-05-10T13:17:06Z,Core Tyria & non-expansion releases
688,Nightmare Court Regalia,Armor,Basic,Light,2012-05-11T02:46:24Z,Core Tyria & non-expansion releases
686,Nightmare Court Mantle,Armor,Basic,Light,2012-05-11T02:56:07Z,Core Tyria & non-expansion releases
684,Nightmare Court Robes,Armor,Basic,Light,2012-05-11T03:20:17Z,Core Tyria & non-expansion releases
689,Nightmare Court Gloves,Armor,Basic,Light,2012-05-11T03:26:41Z,Core Tyria & non-expansion releases
685,Nightmare Court Sarong,Armor,Basic,Light,2012-05-11T03:44:35Z,Core Tyria & non-expansion releases
687,Nightmare Court Footwraps,Armor,Basic,Light,2012-05-11T03:49:35Z,Core Tyria & non-expansion releases
701,Nightmare Court Faceguard,Armor,Basic,Medium,2012-05-11T04:48:54Z,Core Tyria & non-expansion releases
692,Nightmare Court Collar,Armor,Basic,Medium,2012-05-11T04:57:33Z,Core Tyria & non-expansion releases
690,Nightmare Court Guise,Armor,Basic,Medium,2012-05-11T05:09:21Z,Core Tyria & non-expansion releases
699,Nightmare Court Armguards,Armor,Basic,Medium,2012-05-11T05:15:46Z,Core Tyria & non-expansion releases
691,Nightmare Court Leggings,Armor,Basic,Medium,2012-05-11T05:23:49Z,Core Tyria & non-expansion releases
693,Nightmare Court Boots,Armor,Basic,Medium,2012-05-11T05:42:12Z,Core Tyria & non-expansion releases
698,Nightmare Court Helmet,Armor,Basic,Heavy,2012-05-11T05:48:37Z,Core Tyria & non-expansion releases
696,Nightmare Court Pauldrons,Armor,Basic,Heavy,2012-05-11T05:54:53Z,Core Tyria & non-expansion releases
694,Nightmare Court Breastplate,Armor,Basic,Heavy,2012-05-11T06:02:25Z,Core Tyria & non-expansion releases
700,Nightmare Court Gauntlets,Armor,Basic,Heavy,2012-05-11T06:07:36Z,Core Tyria & non-expansion releases
695,Nightmare Court Legguards,Armor,Basic,Heavy,2012-05-11T06:22:18Z,Core Tyria & non-expansion releases
697,Nightmare Court Greaves,Armor,Basic,Heavy,2012-05-11T06:32:43Z,Core Tyria & non-expansion releases
4464,Nightmare Axe,Weapon,Basic,,2012-05-11T07:46:33Z,Core Tyria & non-expansion releases
4294,Wolfborn Focus,Weapon,Basic,,2012-05-11T09:17:33Z,Core Tyria & non-expansion releases
4316,Wolfborn Greatsword,Weapon,Basic,,2012-05-11T09:18:47Z,Core Tyria & non-expansion releases
4334,Wolfborn Hammer,Weapon,Basic,,2012-05-11T09:20:00Z,Core Tyria & non-expansion releases
4315,Wolfborn Harpoon,Weapon,Basic,,2012-05-11T09:22:32Z,Core Tyria & non-expansion releases
4303,Wolfborn Longbow,Weapon,Basic,,2012-05-11T09:24:23Z,Core Tyria & non-expansion releases
4297,Wolfborn Mace,Weapon,Basic,,2012-05-11T09:25:34Z,Core Tyria & non-expansion releases
4293,Wolfborn Pistol,Weapon,Basic,,2012-05-11T09:29:35Z,Core Tyria & non-expansion releases
4305,Wolfborn Rifle,Weapon,Basic,,2012-05-11T09:30:30Z,Core Tyria & non-expansion releases
4302,Wolfborn Scepter,Weapon,Basic,,2012-05-11T09:34:09Z,Core Tyria & non-expansion releases
4304,Wolfborn Shield,Weapon,Basic,,2012-05-11T09:35:20Z,Core Tyria & non-expansion releases
4276,Wolfborn Short Bow,Weapon,Basic,,2012-05-11T09:37:11Z,Core Tyria & non-expansion releases
4283,Wolfborn Speargun,Weapon,Basic,,2012-05-11T09:39:52Z,Core Tyria & non-expansion releases
4344,Wolfborn Staff,Weapon,Basic,,2012-05-11T09:41:33Z,Core Tyria & non-expansion releases
4345,Wolfborn Sword,Weapon,Basic,,2012-05-11T09:59:18Z,Core Tyria & non-expansion releases
4272,Wolfborn Torch,Weapon,Basic,,2012-05-11T10:00:44Z,Core Tyria & non-expansion releases
4286,Wolfborn Trident,Weapon,Basic,,2012-05-11T10:01:45Z,Core Tyria & non-expansion releases
4275,Wolfborn Warhorn,Weapon,Basic,,2012-05-11T10:02:46Z,Core Tyria & non-expansion releases
4325,Adamant Guard Axe,Weapon,Basic,,2012-05-11T10:10:11Z,Core Tyria & non-expansion releases
4338,Adamant Guard Dagger,Weapon,Basic,,2012-05-11T10:11:56Z,Core Tyria & non-expansion releases
4322,Adamant Guard Gizmo,Weapon,Basic,,2012-05-11T10:14:14Z,Core Tyria & non-expansion releases
4308,Adamant Guard Greatsword,Weapon,Basic,,2012-05-11T10:15:08Z,Core Tyria & non-expansion releases
4323,Adamant Guard Hammer,Weapon,Basic,,2012-05-11T10:16:47Z,Core Tyria & non-expansion releases
4310,Adamant Guard Spear,Weapon,Basic,,2012-05-11T10:21:57Z,Core Tyria & non-expansion releases
4228,Adamant Guard Bow,Weapon,Basic,,2012-05-11T10:23:01Z,Core Tyria & non-expansion releases
4321,Adamant Guard Mace,Weapon,Basic,,2012-05-11T10:46:33Z,Core Tyria & non-expansion releases
4265,Adamant Guard Pistol,Weapon,Basic,,2012-05-11T10:47:18Z,Core Tyria & non-expansion releases
4301,Adamant Guard Rifle,Weapon,Basic,,2012-05-11T10:50:39Z,Core Tyria & non-expansion releases
4327,Adamant Guard Scepter,Weapon,Basic,,2012-05-11T11:06:13Z,Core Tyria & non-expansion releases
4319,Adamant Guard Shield,Weapon,Basic,,2012-05-11T11:08:01Z,Core Tyria & non-expansion releases
4306,Adamant Guard Short Bow,Weapon,Basic,,2012-05-11T11:11:44Z,Core Tyria & non-expansion releases
4281,Adamant Guard Cannon,Weapon,Basic,,2012-05-11T11:12:22Z,Core Tyria & non-expansion releases
4347,Adamant Guard Staff,Weapon,Basic,,2012-05-11T11:13:03Z,Core Tyria & non-expansion releases
4351,Adamant Guard Blade,Weapon,Basic,,2012-05-11T11:13:44Z,Core Tyria & non-expansion releases
4280,Adamant Guard Torch,Weapon,Basic,,2012-05-11T11:15:00Z,Core Tyria & non-expansion releases
4282,Adamant Guard Trident,Weapon,Basic,,2012-05-11T11:15:32Z,Core Tyria & non-expansion releases
4289,Adamant Guard Warhorn,Weapon,Basic,,2012-05-11T11:16:04Z,Core Tyria & non-expansion releases
661,Council Ministry Circlet,Armor,Basic,Light,2012-05-12T03:23:56Z,Core Tyria & non-expansion releases
657,Council Ministry Mantle,Armor,Basic,Light,2012-05-12T05:02:15Z,Core Tyria & non-expansion releases
654,Council Ministry Vestments,Armor,Basic,Light,2012-05-12T05:04:48Z,Core Tyria & non-expansion releases
663,Council Ministry Gloves,Armor,Basic,Light,2012-05-12T05:07:26Z,Core Tyria & non-expansion releases
655,Council Ministry Hose,Armor,Basic,Light,2012-05-12T05:09:43Z,Core Tyria & non-expansion releases
659,Council Ministry Shoes,Armor,Basic,Light,2012-05-12T05:15:13Z,Core Tyria & non-expansion releases
660,Council Watch Faceguard,Armor,Basic,Medium,2012-05-12T05:19:53Z,Core Tyria & non-expansion releases
656,Council Watch Shoulderguards,Armor,Basic,Medium,2012-05-12T05:25:36Z,Core Tyria & non-expansion releases
653,Council Watch Chestguard,Armor,Basic,Medium,2012-05-12T05:29:22Z,Core Tyria & non-expansion releases
662,Council Watch Gloves,Armor,Basic,Medium,2012-05-12T05:46:49Z,Core Tyria & non-expansion releases
652,Council Watch Leggings,Armor,Basic,Medium,2012-05-12T05:50:36Z,Core Tyria & non-expansion releases
658,Council Watch Boots,Armor,Basic,Medium,2012-05-12T05:53:24Z,Core Tyria & non-expansion releases
651,Council Guard Helm,Armor,Basic,Heavy,2012-05-12T06:00:46Z,Core Tyria & non-expansion releases
649,Council Guard Pauldrons,Armor,Basic,Heavy,2012-05-12T06:05:38Z,Core Tyria & non-expansion releases
647,Council Guard Breastplate,Armor,Basic,Heavy,2012-05-12T06:09:01Z,Core Tyria & non-expansion releases
664,Council Guard Gauntlets,Armor,Basic,Heavy,2012-05-12T06:11:52Z,Core Tyria & non-expansion releases
648,Council Guard Legguards,Armor,Basic,Heavy,2012-05-12T06:17:36Z,Core Tyria & non-expansion releases
650,Council Guard Greaves,Armor,Basic,Heavy,2012-05-12T06:23:10Z,Core Tyria & non-expansion releases
633,Grasping Dead Visage,Armor,Basic,Heavy,2012-05-13T04:25:34Z,Core Tyria & non-expansion releases
631,Grasping Dead Pauldrons,Armor,Basic,Heavy,2012-05-13T04:31:16Z,Core Tyria & non-expansion releases
630,Grasping Dead Breastplate,Armor,Basic,Heavy,2012-05-13T04:34:04Z,Core Tyria & non-expansion releases
646,Grasping Dead Gauntlets,Armor,Basic,Heavy,2012-05-13T04:38:07Z,Core Tyria & non-expansion releases
629,Grasping Dead Legguards,Armor,Basic,Heavy,2012-05-13T04:41:00Z,Core Tyria & non-expansion releases
632,Grasping Dead Greaves,Armor,Basic,Heavy,2012-05-13T04:43:52Z,Core Tyria & non-expansion releases
639,Gaze of the Lich,Armor,Basic,Light,2012-05-13T04:54:13Z,Core Tyria & non-expansion releases
634,Vestments of the Lich,Armor,Basic,Light,2012-05-13T05:03:35Z,Core Tyria & non-expansion releases
638,Wrappings of the Lich,Armor,Basic,Light,2012-05-13T05:07:12Z,Core Tyria & non-expansion releases
635,Trappings of the Lich,Armor,Basic,Light,2012-05-13T05:21:51Z,Core Tyria & non-expansion releases
637,Walkers of the Lich,Armor,Basic,Light,2012-05-13T05:24:33Z,Core Tyria & non-expansion releases
644,Accursed Visage,Armor,Basic,Medium,2012-05-13T05:35:29Z,Core Tyria & non-expansion releases
642,Accursed Shoulders,Armor,Basic,Medium,2012-05-13T05:39:51Z,Core Tyria & non-expansion releases
641,Accursed Guise,Armor,Basic,Medium,2012-05-13T05:43:28Z,Core Tyria & non-expansion releases
645,Accursed Vambraces,Armor,Basic,Medium,2012-05-13T05:45:30Z,Core Tyria & non-expansion releases
640,Accursed Leggings,Armor,Basic,Medium,2012-05-13T05:48:50Z,Core Tyria & non-expansion releases
643,Accursed Treads,Armor,Basic,Medium,2012-05-13T05:51:54Z,Core Tyria & non-expansion releases
4445,Axe of the Dragon's Deep,Weapon,Basic,,2012-05-13T07:12:24Z,Core Tyria & non-expansion releases
4509,Dagger of the Dragon's Deep,Weapon,Basic,,2012-05-13T07:19:16Z,Core Tyria & non-expansion releases
4414,Focus of the Dragon's Deep,Weapon,Basic,,2012-05-14T01:58:15Z,Core Tyria & non-expansion releases
4468,Greatsword of the Dragon's Deep,Weapon,Basic,,2012-05-14T02:06:07Z,Core Tyria & non-expansion releases
2044,Conqueror's Mantle,Armor,Basic,Heavy,2012-05-17T01:25:22Z,Core Tyria & non-expansion releases
2043,Fanatic's Mantle,Armor,Basic,Heavy,2012-05-17T01:51:17Z,Core Tyria & non-expansion releases
2048,Glacial Eye,Armor,Basic,Light,2012-05-17T04:39:42Z,Core Tyria & non-expansion releases
2049,Flame Eye,Armor,Basic,Light,2012-05-17T04:51:43Z,Core Tyria & non-expansion releases
2050,Stone Eye,Armor,Basic,Light,2012-05-17T04:57:23Z,Core Tyria & non-expansion releases
2340,Universal Multitool Pack,Back,Basic,,2012-05-17T05:37:18Z,Core Tyria & non-expansion releases
2054,Eagle-Eye Goggles,Armor,Basic,Medium,2012-05-17T06:33:28Z,Core Tyria & non-expansion releases
2045,Demon Masque,Armor,Basic,Light,2012-05-17T06:49:24Z,Core Tyria & non-expansion releases
2046,Skull Masque,Armor,Basic,Light,2012-05-17T06:53:36Z,Core Tyria & non-expansion releases
2047,Wraith Masque,Armor,Basic,Light,2012-05-17T06:55:37Z,Core Tyria & non-expansion releases
2058,Harlequin's Mask,Armor,Basic,Light,2012-05-17T07:32:20Z,Core Tyria & non-expansion releases
2059,Phantasm's Mask,Armor,Basic,Light,2012-05-17T07:32:24Z,Core Tyria & non-expansion releases
2057,Subterfuge Hood,Armor,Basic,Medium,2012-05-17T07:37:11Z,Core Tyria & non-expansion releases
2056,Determination Headband,Armor,Basic,Medium,2012-05-17T07:37:52Z,Core Tyria & non-expansion releases
2055,Anonymity Mask,Armor,Basic,Medium,2012-05-17T07:38:39Z,Core Tyria & non-expansion releases
186,Leather Shoes,Armor,Basic,Medium,2012-05-18T23:56:13Z,Core Tyria & non-expansion releases
156,Student Shoes,Armor,Basic,Light,2012-05-28T00:20:38Z,Core Tyria & non-expansion releases
81,Chainmail Helm,Armor,Basic,Heavy,2012-05-28T23:05:30Z,Core Tyria & non-expansion releases
258,Scale Helm,Armor,Basic,Heavy,2012-05-28T23:06:14Z,Core Tyria & non-expansion releases
89,Rawhide Mask,Armor,Basic,Medium,2012-05-28T23:07:47Z,Core Tyria & non-expansion releases
4721,Iron Legion Shield,Weapon,Basic,,2012-06-13T03:52:05Z,Core Tyria & non-expansion releases
3908,Green Wood Harpoon Gun,Weapon,Basic,,2012-06-13T19:47:06Z,Core Tyria & non-expansion releases
3921,Green Wood Longbow,Weapon,Basic,,2012-06-14T02:48:24Z,Core Tyria & non-expansion releases
3927,Soft Wood Harpoon Gun,Weapon,Basic,,2012-06-14T04:38:40Z,Core Tyria & non-expansion releases
3932,Bronze Pistol,Weapon,Basic,,2012-06-14T17:20:38Z,Core Tyria & non-expansion releases
3875,Iron Pistol,Weapon,Basic,,2012-06-14T17:39:48Z,Core Tyria & non-expansion releases
3898,Green Wood Warhorn,Weapon,Basic,,2012-06-14T19:31:06Z,Core Tyria & non-expansion releases
4076,Bronze Rifle,Weapon,Basic,,2012-06-15T18:24:07Z,Core Tyria & non-expansion releases
4092,Iron Rifle,Weapon,Basic,,2012-06-15T18:43:01Z,Core Tyria & non-expansion releases
3900,Green Wood Short Bow,Weapon,Basic,,2012-06-15T22:27:25Z,Core Tyria & non-expansion releases
3906,Soft Wood Short Bow,Weapon,Basic,,2012-06-15T22:52:41Z,Core Tyria & non-expansion releases
3883,Green Wood Torch,Weapon,Basic,,2012-06-16T17:58:09Z,Core Tyria & non-expansion releases
3890,Soft Wood Torch,Weapon,Basic,,2012-06-16T18:09:53Z,Core Tyria & non-expansion releases
3907,Soft Wood Warhorn,Weapon,Basic,,2012-06-16T23:39:37Z,Core Tyria & non-expansion releases
3895,Green Wood Scepter,Weapon,Basic,,2012-06-17T19:36:28Z,Core Tyria & non-expansion releases
225,Chain Boots,Armor,Basic,Heavy,2012-06-17T22:16:52Z,Core Tyria & non-expansion releases
155,Embroidered Sandals,Armor,Basic,Light,2012-06-17T23:41:51Z,Core Tyria & non-expansion releases
141,Embroidered Coat,Armor,Basic,Light,2012-06-18T01:06:12Z,Core Tyria & non-expansion releases
170,Embroidered Mask,Armor,Basic,Light,2012-06-18T21:43:29Z,Core Tyria & non-expansion releases
261,Outlaw Mask,Armor,Basic,Medium,2012-06-18T23:57:31Z,Core Tyria & non-expansion releases
251,Outlaw Gloves,Armor,Basic,Medium,2012-06-19T00:08:32Z,Core Tyria & non-expansion releases
220,Outlaw Coat,Armor,Basic,Medium,2012-06-19T00:22:43Z,Core Tyria & non-expansion releases
218,Outlaw Pants,Armor,Basic,Medium,2012-06-19T00:56:02Z,Core Tyria & non-expansion releases
231,Outlaw Shoulders,Armor,Basic,Medium,2012-06-19T01:02:25Z,Core Tyria & non-expansion releases
989,Sport Sunglasses,Armor,Basic,Medium,2012-06-21T04:05:23Z,Core Tyria & non-expansion releases
990,Sport Sunglasses,Armor,Basic,Light,2012-06-21T04:05:23Z,Core Tyria & non-expansion releases
991,Sport Sunglasses,Armor,Basic,Heavy,2012-06-21T04:05:23Z,Core Tyria & non-expansion releases
210,Scale Coat,Armor,Basic,Heavy,2012-06-21T20:48:20Z,Core Tyria & non-expansion releases
144,Splint Helm,Armor,Basic,Heavy,2012-06-22T14:54:56Z,Core Tyria & non-expansion releases
160,Acolyte Boots,Armor,Basic,Light,2012-06-28T02:56:41Z,Core Tyria & non-expansion releases
855,Cloth Aquabreather,Armor,Basic,Light,2012-06-30T10:32:30Z,Core Tyria & non-expansion releases
856,Leather Aquabreather,Armor,Basic,Medium,2012-06-30T10:44:56Z,Core Tyria & non-expansion releases
854,Metal Aquabreather,Armor,Basic,Heavy,2012-06-30T10:48:38Z,Core Tyria & non-expansion releases
4906,Whisper's Secret Staff,Weapon,Basic,,2012-06-30T13:03:40Z,Core Tyria & non-expansion releases
4929,Whisper's Secret Axe,Weapon,Basic,,2012-06-30T13:23:31Z,Core Tyria & non-expansion releases
4698,Blood Legion Shield,Weapon,Basic,,2012-06-30T14:52:29Z,Core Tyria & non-expansion releases
4997,Krytan Dagger,Weapon,Basic,,2012-06-30T19:44:14Z,Core Tyria & non-expansion releases
4949,Whisper's Secret Mace,Weapon,Basic,,2012-07-01T11:01:53Z,Core Tyria & non-expansion releases
4953,Whisper's Secret Scepter,Weapon,Basic,,2012-07-01T11:04:21Z,Core Tyria & non-expansion releases
4909,Whisper's Secret Rifle,Weapon,Basic,,2012-07-01T11:06:11Z,Core Tyria & non-expansion releases
4948,Whisper's Secret Focus,Weapon,Basic,,2012-07-01T11:49:46Z,Core Tyria & non-expansion releases
143,Student Coat,Armor,Basic,Light,2012-07-01T21:59:44Z,Core Tyria & non-expansion releases
146,Acolyte Coat,Armor,Basic,Light,2012-07-01T22:16:59Z,Core Tyria & non-expansion releases
3942,Soft Wood Longbow,Weapon,Basic,,2012-07-02T19:52:59Z,Core Tyria & non-expansion releases
165,Embroidered Wristguards,Armor,Basic,Light,2012-07-07T03:17:22Z,Core Tyria & non-expansion releases
166,Student Gloves,Armor,Basic,Light,2012-07-07T03:36:16Z,Core Tyria & non-expansion releases
249,Acolyte Gloves,Armor,Basic,Light,2012-07-07T03:49:12Z,Core Tyria & non-expansion releases
154,Student Mantle,Armor,Basic,Light,2012-07-08T04:58:53Z,Core Tyria & non-expansion releases
153,Embroidered Mantle,Armor,Basic,Light,2012-07-08T05:49:39Z,Core Tyria & non-expansion releases
3889,Green Wood Trident,Weapon,Basic,,2012-07-08T06:16:06Z,Core Tyria & non-expansion releases
3880,Green Wood Focus,Weapon,Basic,,2012-07-08T06:22:04Z,Core Tyria & non-expansion releases
4054,Green Wood Staff,Weapon,Basic,,2012-07-08T06:37:33Z,Core Tyria & non-expansion releases
171,Student Circlet,Armor,Basic,Light,2012-07-08T06:55:34Z,Core Tyria & non-expansion releases
142,Embroidered Pants,Armor,Basic,Light,2012-07-08T07:06:44Z,Core Tyria & non-expansion releases
145,Student Leggings,Armor,Basic,Light,2012-07-08T07:09:14Z,Core Tyria & non-expansion releases
147,Acolyte Pants,Armor,Basic,Light,2012-07-08T07:11:44Z,Core Tyria & non-expansion releases
3977,Bronze Spear,Weapon,Basic,,2012-07-09T02:16:58Z,Core Tyria & non-expansion releases
4271,Seraph Greatsword,Weapon,Basic,,2012-07-14T16:47:02Z,Core Tyria & non-expansion releases
4047,Bronze Sword,Weapon,Basic,,2012-07-16T22:08:15Z,Core Tyria & non-expansion releases
3945,Bronze Mace,Weapon,Basic,,2012-07-17T00:04:00Z,Core Tyria & non-expansion releases
56,Country Gloves,Armor,Basic,Light,2012-07-21T23:57:06Z,Core Tyria & non-expansion releases
4326,Seraph Axe,Weapon,Basic,,2012-07-22T01:57:19Z,Core Tyria & non-expansion releases
4346,Seraph Dagger,Weapon,Basic,,2012-07-22T02:07:01Z,Core Tyria & non-expansion releases
4324,Seraph Focus,Weapon,Basic,,2012-07-22T02:10:59Z,Core Tyria & non-expansion releases
4339,Seraph Hammer,Weapon,Basic,,2012-07-22T02:20:55Z,Core Tyria & non-expansion releases
4317,Seraph Spear,Weapon,Basic,,2012-07-22T02:30:52Z,Core Tyria & non-expansion releases
4331,Seraph Longbow,Weapon,Basic,,2012-07-22T02:36:25Z,Core Tyria & non-expansion releases
4274,Seraph Mace,Weapon,Basic,,2012-07-22T02:42:02Z,Core Tyria & non-expansion releases
4313,Seraph Pistol,Weapon,Basic,,2012-07-22T02:46:36Z,Core Tyria & non-expansion releases
4333,Seraph Rifle,Weapon,Basic,,2012-07-22T02:50:14Z,Core Tyria & non-expansion releases
4330,Seraph Scepter,Weapon,Basic,,2012-07-22T02:52:57Z,Core Tyria & non-expansion releases
4328,Seraph Shield,Weapon,Basic,,2012-07-22T02:59:38Z,Core Tyria & non-expansion releases
4307,Seraph Short Bow,Weapon,Basic,,2012-07-22T03:01:14Z,Core Tyria & non-expansion releases
4285,Seraph Speargun,Weapon,Basic,,2012-07-22T03:04:21Z,Core Tyria & non-expansion releases
4349,Seraph Staff,Weapon,Basic,,2012-07-22T03:08:21Z,Core Tyria & non-expansion releases
4352,Seraph Sword,Weapon,Basic,,2012-07-22T03:12:14Z,Core Tyria & non-expansion releases
4284,Seraph Torch,Weapon,Basic,,2012-07-22T03:14:41Z,Core Tyria & non-expansion releases
4291,Seraph Trident,Weapon,Basic,,2012-07-22T03:18:11Z,Core Tyria & non-expansion releases
4295,Seraph Warhorn,Weapon,Basic,,2012-07-22T03:21:30Z,Core Tyria & non-expansion releases
409,Scout's Boots,Armor,Basic,Medium,2012-07-22T19:00:16Z,Core Tyria & non-expansion releases
386,Scout's Leggings,Armor,Basic,Medium,2012-07-22T19:11:52Z,Core Tyria & non-expansion releases
384,Scout's Gloves,Armor,Basic,Medium,2012-07-22T19:16:02Z,Core Tyria & non-expansion releases
392,Scout's Coat,Armor,Basic,Medium,2012-07-22T19:19:50Z,Core Tyria & non-expansion releases
375,Scout's Shoulderpads,Armor,Basic,Medium,2012-07-22T19:23:58Z,Core Tyria & non-expansion releases
378,Scout's Mask,Armor,Basic,Medium,2012-07-22T19:27:30Z,Core Tyria & non-expansion releases
371,Commander's Helm,Armor,Basic,Heavy,2012-07-22T19:32:58Z,Core Tyria & non-expansion releases
372,Commander's Shoulderplates,Armor,Basic,Heavy,2012-07-22T19:36:13Z,Core Tyria & non-expansion releases
381,Commander's Armor,Armor,Basic,Heavy,2012-07-22T19:38:30Z,Core Tyria & non-expansion releases
376,Commander's Gauntlets,Armor,Basic,Heavy,2012-07-22T19:41:23Z,Core Tyria & non-expansion releases
377,Commander's Chausses,Armor,Basic,Heavy,2012-07-22T19:44:30Z,Core Tyria & non-expansion releases
394,Commander's Footgear,Armor,Basic,Heavy,2012-07-22T19:47:14Z,Core Tyria & non-expansion releases
404,Researcher's Shoes,Armor,Basic,Light,2012-07-22T19:49:49Z,Core Tyria & non-expansion releases
380,Researcher's Pants,Armor,Basic,Light,2012-07-22T19:54:55Z,Core Tyria & non-expansion releases
383,Researcher's Livery,Armor,Basic,Light,2012-07-22T19:59:28Z,Core Tyria & non-expansion releases
387,Researcher's Coat,Armor,Basic,Light,2012-07-22T20:02:34Z,Core Tyria & non-expansion releases
373,Researcher's Masque,Armor,Basic,Light,2012-07-22T20:02:36Z,Core Tyria & non-expansion releases
374,Researcher's Epaulets,Armor,Basic,Light,2012-07-22T20:05:34Z,Core Tyria & non-expansion releases
85,Apprentice Band,Armor,Basic,Light,2012-07-24T16:49:23Z,Core Tyria & non-expansion releases
3887,Soft Wood Focus,Weapon,Basic,,2012-07-24T23:13:42Z,Core Tyria & non-expansion releases
4067,Soft Wood Staff,Weapon,Basic,,2012-07-24T23:39:48Z,Core Tyria & non-expansion releases
3899,Soft Wood Trident,Weapon,Basic,,2012-07-24T23:50:22Z,Core Tyria & non-expansion releases
304,Auxiliary Powered Boots,Armor,Basic,Medium,2012-07-31T23:16:12Z,Core Tyria & non-expansion releases
296,Auxiliary Powered Coat,Armor,Basic,Medium,2012-07-31T23:17:32Z,Core Tyria & non-expansion releases
278,Auxiliary Powered Helm,Armor,Basic,Medium,2012-07-31T23:18:54Z,Core Tyria & non-expansion releases
288,Auxiliary Powered Gloves,Armor,Basic,Medium,2012-07-31T23:20:27Z,Core Tyria & non-expansion releases
287,Auxiliary Powered Leggings,Armor,Basic,Medium,2012-08-01T01:21:41Z,Core Tyria & non-expansion releases
271,Auxiliary Powered Epaulets,Armor,Basic,Medium,2012-08-01T01:22:47Z,Core Tyria & non-expansion releases
310,Electroplated Boots,Armor,Basic,Heavy,2012-08-01T01:28:55Z,Core Tyria & non-expansion releases
301,Electroplated Coat,Armor,Basic,Heavy,2012-08-01T01:29:51Z,Core Tyria & non-expansion releases
284,Electroplated Helm,Armor,Basic,Heavy,2012-08-01T01:30:49Z,Core Tyria & non-expansion releases
293,Electroplated Gloves,Armor,Basic,Heavy,2012-08-01T01:31:50Z,Core Tyria & non-expansion releases
295,Electroplated Leggings,Armor,Basic,Heavy,2012-08-01T01:32:46Z,Core Tyria & non-expansion releases
279,Electroplated Epaulets,Armor,Basic,Heavy,2012-08-01T01:33:28Z,Core Tyria & non-expansion releases
314,Savant Boots,Armor,Basic,Light,2012-08-01T01:34:52Z,Core Tyria & non-expansion releases
305,Savant Coat,Armor,Basic,Light,2012-08-01T01:35:26Z,Core Tyria & non-expansion releases
291,Savant Helm,Armor,Basic,Light,2012-08-01T01:36:04Z,Core Tyria & non-expansion releases
302,Savant Gloves,Armor,Basic,Light,2012-08-01T01:36:35Z,Core Tyria & non-expansion releases
300,Savant Leggings,Armor,Basic,Light,2012-08-01T01:37:39Z,Core Tyria & non-expansion releases
298,Savant Epaulets,Armor,Basic,Light,2012-08-01T01:38:42Z,Core Tyria & non-expansion releases
265,Protean Helm,Armor,Basic,Medium,2012-08-03T04:51:57Z,Core Tyria & non-expansion releases
266,Protean Epaulets,Armor,Basic,Medium,2012-08-03T04:53:02Z,Core Tyria & non-expansion releases
276,Protean Coat,Armor,Basic,Medium,2012-08-03T04:53:38Z,Core Tyria & non-expansion releases
272,Protean Gloves,Armor,Basic,Medium,2012-08-03T04:54:19Z,Core Tyria & non-expansion releases
274,Protean Leggings,Armor,Basic,Medium,2012-08-03T04:55:02Z,Core Tyria & non-expansion releases
292,Protean Boots,Armor,Basic,Medium,2012-08-03T04:55:40Z,Core Tyria & non-expansion releases
263,Adept Helm,Armor,Basic,Light,2012-08-03T04:58:02Z,Core Tyria & non-expansion releases
4701,Jotun Greatsword,Weapon,Basic,,2012-08-03T05:31:24Z,Core Tyria & non-expansion releases
1001,Top Hat,Armor,Basic,Heavy,2012-08-03T23:07:36Z,Core Tyria & non-expansion releases
1002,Top Hat,Armor,Basic,Light,2012-08-03T23:07:36Z,Core Tyria & non-expansion releases
1003,Top Hat,Armor,Basic,Medium,2012-08-03T23:07:36Z,Core Tyria & non-expansion releases
269,Adept Epaulets,Armor,Basic,Light,2012-08-03T23:31:42Z,Core Tyria & non-expansion releases
270,Adept Gloves,Armor,Basic,Light,2012-08-03T23:32:19Z,Core Tyria & non-expansion releases
289,Adept Boots,Armor,Basic,Light,2012-08-03T23:32:42Z,Core Tyria & non-expansion releases
273,Adept Coat,Armor,Basic,Light,2012-08-03T23:33:13Z,Core Tyria & non-expansion releases
268,Adept Leggings,Armor,Basic,Light,2012-08-03T23:33:43Z,Core Tyria & non-expansion releases
303,Galvanic Boots,Armor,Basic,Heavy,2012-08-03T23:42:09Z,Core Tyria & non-expansion releases
267,Galvanic Helm,Armor,Basic,Heavy,2012-08-03T23:42:59Z,Core Tyria & non-expansion releases
264,Galvanic Epaulets,Armor,Basic,Heavy,2012-08-03T23:43:18Z,Core Tyria & non-expansion releases
281,Galvanic Coat,Armor,Basic,Heavy,2012-08-03T23:43:51Z,Core Tyria & non-expansion releases
280,Galvanic Gloves,Armor,Basic,Heavy,2012-08-03T23:44:20Z,Core Tyria & non-expansion releases
277,Galvanic Leggings,Armor,Basic,Heavy,2012-08-03T23:44:47Z,Core Tyria & non-expansion releases
283,Genius Leggings,Armor,Basic,Light,2012-08-05T23:57:54Z,Core Tyria & non-expansion releases
275,Genius Helm,Armor,Basic,Light,2012-08-05T23:59:26Z,Core Tyria & non-expansion releases
282,Genius Epaulets,Armor,Basic,Light,2012-08-05T23:59:49Z,Core Tyria & non-expansion releases
286,Genius Coat,Armor,Basic,Light,2012-08-06T00:00:28Z,Core Tyria & non-expansion releases
285,Genius Gloves,Armor,Basic,Light,2012-08-06T00:00:48Z,Core Tyria & non-expansion releases
312,Genius Boots,Armor,Basic,Light,2012-08-06T00:01:22Z,Core Tyria & non-expansion releases
315,Prototype Boots,Armor,Basic,Medium,2012-08-06T01:18:16Z,Core Tyria & non-expansion releases
307,Prototype Leggings,Armor,Basic,Medium,2012-08-06T01:19:08Z,Core Tyria & non-expansion releases
297,Prototype Helm,Armor,Basic,Medium,2012-08-06T01:19:46Z,Core Tyria & non-expansion releases
290,Prototype Epaulets,Armor,Basic,Medium,2012-08-06T01:20:14Z,Core Tyria & non-expansion releases
308,Prototype Coat,Armor,Basic,Medium,2012-08-06T01:20:51Z,Core Tyria & non-expansion releases
306,Prototype Gloves,Armor,Basic,Medium,2012-08-06T01:21:30Z,Core Tyria & non-expansion releases
294,Electromagnetic Epaulets,Armor,Basic,Heavy,2012-08-06T01:23:29Z,Core Tyria & non-expansion releases
299,Electromagnetic Helm,Armor,Basic,Heavy,2012-08-06T01:24:04Z,Core Tyria & non-expansion releases
313,Electromagnetic Coat,Armor,Basic,Heavy,2012-08-06T01:24:53Z,Core Tyria & non-expansion releases
309,Electromagnetic Gloves,Armor,Basic,Heavy,2012-08-06T01:25:40Z,Core Tyria & non-expansion releases
311,Electromagnetic Leggings,Armor,Basic,Heavy,2012-08-06T01:26:31Z,Core Tyria & non-expansion releases
316,Electromagnetic Boots,Armor,Basic,Heavy,2012-08-06T01:27:35Z,Core Tyria & non-expansion releases
4329,Peacemaker's Axe,Weapon,Basic,,2012-08-06T20:30:18Z,Core Tyria & non-expansion releases
4348,Peacemaker's Dagger,Weapon,Basic,,2012-08-06T20:31:35Z,Core Tyria & non-expansion releases
4266,Peacemaker's Focus,Weapon,Basic,,2012-08-06T20:32:10Z,Core Tyria & non-expansion releases
4311,Peacemaker's Mace,Weapon,Basic,,2012-08-06T20:32:49Z,Core Tyria & non-expansion releases
4268,Peacemaker's Pistol,Weapon,Basic,,2012-08-06T20:33:13Z,Core Tyria & non-expansion releases
4267,Peacemaker's Scepter,Weapon,Basic,,2012-08-06T20:34:16Z,Core Tyria & non-expansion releases
4278,Peacemaker's Shield,Weapon,Basic,,2012-08-06T20:34:50Z,Core Tyria & non-expansion releases
4350,Peacemaker's Sword,Weapon,Basic,,2012-08-06T20:35:18Z,Core Tyria & non-expansion releases
4287,Peacemaker's Torch,Weapon,Basic,,2012-08-06T20:35:37Z,Core Tyria & non-expansion releases
4296,Peacemaker's Warhorn,Weapon,Basic,,2012-08-06T20:36:00Z,Core Tyria & non-expansion releases
4335,Peacemaker's Greatsword,Weapon,Basic,,2012-08-06T20:37:35Z,Core Tyria & non-expansion releases
4340,Peacemaker's Hammer,Weapon,Basic,,2012-08-06T20:37:55Z,Core Tyria & non-expansion releases
4332,Peacemaker's Longbow,Weapon,Basic,,2012-08-06T20:38:35Z,Core Tyria & non-expansion releases
4273,Peacemaker's Rifle,Weapon,Basic,,2012-08-06T20:39:00Z,Core Tyria & non-expansion releases
4312,Peacemaker's Short Bow,Weapon,Basic,,2012-08-06T20:39:27Z,Core Tyria & non-expansion releases
4318,Peacemaker's Spear,Weapon,Basic,,2012-08-06T20:39:54Z,Core Tyria & non-expansion releases
4288,Peacemaker's Speargun,Weapon,Basic,,2012-08-06T20:40:13Z,Core Tyria & non-expansion releases
4279,Peacemaker's Staff,Weapon,Basic,,2012-08-06T20:40:32Z,Core Tyria & non-expansion releases
4263,Peacemaker's Trident,Weapon,Basic,,2012-08-06T20:40:50Z,Core Tyria & non-expansion releases
3962,Iron Axe,Weapon,Basic,,2012-08-09T01:20:45Z,Core Tyria & non-expansion releases
3964,Iron Mace,Weapon,Basic,,2012-08-09T03:17:50Z,Core Tyria & non-expansion releases
4009,Iron Dagger,Weapon,Basic,,2012-08-09T03:26:11Z,Core Tyria & non-expansion releases
4062,Iron Sword,Weapon,Basic,,2012-08-09T03:28:44Z,Core Tyria & non-expansion releases
4012,Iron Shield,Weapon,Basic,,2012-08-09T03:33:37Z,Core Tyria & non-expansion releases
4015,Iron Greatsword,Weapon,Basic,,2012-08-09T03:39:18Z,Core Tyria & non-expansion releases
4060,Iron Hammer,Weapon,Basic,,2012-08-09T03:41:15Z,Core Tyria & non-expansion releases
4000,Iron Spear,Weapon,Basic,,2012-08-09T03:43:32Z,Core Tyria & non-expansion releases
428,Sheepskin Circlet,Armor,Basic,Light,2012-08-10T03:18:09Z,Core Tyria & non-expansion releases
427,Sheepskin Mantle,Armor,Basic,Light,2012-08-10T03:25:03Z,Core Tyria & non-expansion releases
438,Sheepskin Doublet,Armor,Basic,Light,2012-08-10T03:40:59Z,Core Tyria & non-expansion releases
435,Sheepskin Gloves,Armor,Basic,Light,2012-08-10T03:43:25Z,Core Tyria & non-expansion releases
433,Sheepskin Leggings,Armor,Basic,Light,2012-08-10T03:45:54Z,Core Tyria & non-expansion releases
454,Sheepskin Shoes,Armor,Basic,Light,2012-08-10T03:50:19Z,Core Tyria & non-expansion releases
441,Havroun Circlet,Armor,Basic,Light,2012-08-10T04:00:01Z,Core Tyria & non-expansion releases
439,Havroun Mantle,Armor,Basic,Light,2012-08-10T04:03:37Z,Core Tyria & non-expansion releases
456,Havroun Doublet,Armor,Basic,Light,2012-08-10T04:06:05Z,Core Tyria & non-expansion releases
449,Havroun Gloves,Armor,Basic,Light,2012-08-10T04:08:41Z,Core Tyria & non-expansion releases
450,Havroun Leggings,Armor,Basic,Light,2012-08-10T04:11:22Z,Core Tyria & non-expansion releases
473,Havroun Shoes,Armor,Basic,Light,2012-08-10T04:14:17Z,Core Tyria & non-expansion releases
477,Lupine Shoes,Armor,Basic,Light,2012-08-10T18:10:35Z,Core Tyria & non-expansion releases
466,Lupine Leggings,Armor,Basic,Light,2012-08-10T18:12:11Z,Core Tyria & non-expansion releases
468,Lupine Gloves,Armor,Basic,Light,2012-08-10T18:14:01Z,Core Tyria & non-expansion releases
472,Lupine Doublet,Armor,Basic,Light,2012-08-10T18:15:55Z,Core Tyria & non-expansion releases
458,Lupine Mantle,Armor,Basic,Light,2012-08-10T18:17:22Z,Core Tyria & non-expansion releases
459,Lupine Circlet,Armor,Basic,Light,2012-08-10T18:18:49Z,Core Tyria & non-expansion releases
475,Predatory Boots,Armor,Basic,Medium,2012-08-11T05:05:11Z,Core Tyria & non-expansion releases
447,Predatory Mask,Armor,Basic,Medium,2012-08-11T05:10:35Z,Core Tyria & non-expansion releases
448,Eagle Mail,Armor,Basic,Heavy,2012-08-11T05:13:19Z,Core Tyria & non-expansion releases
444,Eagle Gauntlets,Armor,Basic,Heavy,2012-08-11T05:14:55Z,Core Tyria & non-expansion releases
446,Eagle Chausses,Armor,Basic,Heavy,2012-08-11T05:16:33Z,Core Tyria & non-expansion releases
476,Wolf Boots,Armor,Basic,Medium,2012-08-11T05:19:28Z,Core Tyria & non-expansion releases
463,Wolf Bracers,Armor,Basic,Medium,2012-08-11T05:21:49Z,Core Tyria & non-expansion releases
478,Stag Greaves,Armor,Basic,Heavy,2012-08-11T05:23:10Z,Core Tyria & non-expansion releases
471,Stag Gauntlets,Armor,Basic,Heavy,2012-08-11T05:23:40Z,Core Tyria & non-expansion releases
5073,Orrian Axe,Weapon,Basic,,2012-08-11T10:11:47Z,Core Tyria & non-expansion releases
5093,Orrian Dagger,Weapon,Basic,,2012-08-11T10:11:54Z,Core Tyria & non-expansion releases
5051,Orrian Focus,Weapon,Basic,,2012-08-11T10:12:02Z,Core Tyria & non-expansion releases
4517,Nightmare Dagger,Weapon,Basic,,2012-08-11T13:41:44Z,Core Tyria & non-expansion releases
4433,Nightmare Focus,Weapon,Basic,,2012-08-11T13:43:04Z,Core Tyria & non-expansion releases
4482,Nightmare Greatsword,Weapon,Basic,,2012-08-11T13:47:04Z,Core Tyria & non-expansion releases
391,Aristocrat's Masque,Armor,Basic,Light,2012-08-11T23:30:02Z,Core Tyria & non-expansion releases
388,Falconer's Mask,Armor,Basic,Medium,2012-08-11T23:43:57Z,Core Tyria & non-expansion releases
382,Avenger's Helm,Armor,Basic,Heavy,2012-08-11T23:44:22Z,Core Tyria & non-expansion releases
390,Aristocrat's Epaulets,Armor,Basic,Light,2012-08-11T23:45:44Z,Core Tyria & non-expansion releases
385,Falconer's Shoulderpads,Armor,Basic,Medium,2012-08-11T23:46:06Z,Core Tyria & non-expansion releases
379,Avenger's Shoulderplates,Armor,Basic,Heavy,2012-08-11T23:46:34Z,Core Tyria & non-expansion releases
406,Aristocrat's Coat,Armor,Basic,Light,2012-08-11T23:47:18Z,Core Tyria & non-expansion releases
403,Falconer's Coat,Armor,Basic,Medium,2012-08-11T23:47:48Z,Core Tyria & non-expansion releases
396,Avenger's Armor,Armor,Basic,Heavy,2012-08-11T23:48:20Z,Core Tyria & non-expansion releases
400,Aristocrat's Livery,Armor,Basic,Light,2012-08-11T23:49:06Z,Core Tyria & non-expansion releases
420,Aristocrat's Shoes,Armor,Basic,Light,2012-08-11T23:49:19Z,Core Tyria & non-expansion releases
397,Falconer's Gloves,Armor,Basic,Medium,2012-08-11T23:49:48Z,Core Tyria & non-expansion releases
416,Falconer's Boots,Armor,Basic,Medium,2012-08-11T23:50:03Z,Core Tyria & non-expansion releases
393,Avenger's Gauntlets,Armor,Basic,Heavy,2012-08-11T23:50:36Z,Core Tyria & non-expansion releases
415,Avenger's Footgear,Armor,Basic,Heavy,2012-08-11T23:50:44Z,Core Tyria & non-expansion releases
405,Aristocrat's Pants,Armor,Basic,Light,2012-08-11T23:51:59Z,Core Tyria & non-expansion releases
398,Falconer's Leggings,Armor,Basic,Medium,2012-08-11T23:52:29Z,Core Tyria & non-expansion releases
389,Avenger's Chausses,Armor,Basic,Heavy,2012-08-11T23:53:11Z,Core Tyria & non-expansion releases
402,Sorcerer's Masque,Armor,Basic,Light,2012-08-12T00:12:07Z,Core Tyria & non-expansion releases
407,Assassin's Mask,Armor,Basic,Medium,2012-08-12T00:12:36Z,Core Tyria & non-expansion releases
399,Protector's Helm,Armor,Basic,Heavy,2012-08-12T00:12:59Z,Core Tyria & non-expansion releases
401,Sorcerer's Epaulets,Armor,Basic,Light,2012-08-12T00:13:27Z,Core Tyria & non-expansion releases
408,Assassin's Shoulderpads,Armor,Basic,Medium,2012-08-12T00:14:01Z,Core Tyria & non-expansion releases
395,Protector's Shoulderplates,Armor,Basic,Heavy,2012-08-12T00:14:20Z,Core Tyria & non-expansion releases
418,Sorcerer's Coat,Armor,Basic,Light,2012-08-12T00:15:01Z,Core Tyria & non-expansion releases
421,Assassin's Coat,Armor,Basic,Medium,2012-08-12T00:15:20Z,Core Tyria & non-expansion releases
412,Protector's Armor,Armor,Basic,Heavy,2012-08-12T00:16:03Z,Core Tyria & non-expansion releases
413,Sorcerer's Livery,Armor,Basic,Light,2012-08-12T00:16:46Z,Core Tyria & non-expansion releases
423,Sorcerer's Shoes,Armor,Basic,Light,2012-08-12T00:16:56Z,Core Tyria & non-expansion releases
419,Assassin's Gloves,Armor,Basic,Medium,2012-08-12T00:17:25Z,Core Tyria & non-expansion releases
424,Assassin's Boots,Armor,Basic,Medium,2012-08-12T00:17:37Z,Core Tyria & non-expansion releases
411,Protector's Gauntlets,Armor,Basic,Heavy,2012-08-12T00:18:03Z,Core Tyria & non-expansion releases
422,Protector's Footgear,Armor,Basic,Heavy,2012-08-12T00:18:17Z,Core Tyria & non-expansion releases
414,Sorcerer's Pants,Armor,Basic,Light,2012-08-12T00:18:50Z,Core Tyria & non-expansion releases
417,Assassin's Leggings,Armor,Basic,Medium,2012-08-12T00:19:11Z,Core Tyria & non-expansion releases
410,Protector's Chausses,Armor,Basic,Heavy,2012-08-12T00:19:33Z,Core Tyria & non-expansion releases
323,Invoker's Helm,Armor,Basic,Light,2012-08-12T02:03:35Z,Core Tyria & non-expansion releases
317,Warband Visor,Armor,Basic,Heavy,2012-08-12T02:25:31Z,Core Tyria & non-expansion releases
319,Drover Helm,Armor,Basic,Medium,2012-08-12T02:26:19Z,Core Tyria & non-expansion releases
321,Invoker's Shoulders,Armor,Basic,Light,2012-08-12T02:29:57Z,Core Tyria & non-expansion releases
320,Drover Shoulders,Armor,Basic,Medium,2012-08-12T02:30:22Z,Core Tyria & non-expansion releases
318,Warband Spaulders,Armor,Basic,Heavy,2012-08-12T02:31:53Z,Core Tyria & non-expansion releases
337,Invoker's Coat,Armor,Basic,Light,2012-08-12T02:32:45Z,Core Tyria & non-expansion releases
333,Drover Coat,Armor,Basic,Medium,2012-08-12T02:33:12Z,Core Tyria & non-expansion releases
328,Warband Hauberk,Armor,Basic,Heavy,2012-08-12T02:33:28Z,Core Tyria & non-expansion releases
332,Invoker's Gloves,Armor,Basic,Light,2012-08-12T02:44:00Z,Core Tyria & non-expansion releases
352,Invoker's Boots,Armor,Basic,Light,2012-08-12T02:44:10Z,Core Tyria & non-expansion releases
329,Drover Gloves,Armor,Basic,Medium,2012-08-12T02:44:37Z,Core Tyria & non-expansion releases
350,Drover Boots,Armor,Basic,Medium,2012-08-12T02:44:47Z,Core Tyria & non-expansion releases
324,Warband Fists,Armor,Basic,Heavy,2012-08-12T02:45:07Z,Core Tyria & non-expansion releases
342,Warband Boots,Armor,Basic,Heavy,2012-08-12T02:45:43Z,Core Tyria & non-expansion releases
334,Invoker's Leggings,Armor,Basic,Light,2012-08-12T02:47:03Z,Core Tyria & non-expansion releases
325,Drover Leggings,Armor,Basic,Medium,2012-08-12T02:48:53Z,Core Tyria & non-expansion releases
322,Warband Tassets,Armor,Basic,Heavy,2012-08-12T02:49:11Z,Core Tyria & non-expansion releases
327,Archon Helm,Armor,Basic,Light,2012-08-12T03:36:42Z,Core Tyria & non-expansion releases
331,Wrangler Helm,Armor,Basic,Medium,2012-08-12T03:37:08Z,Core Tyria & non-expansion releases
336,Legion Visor,Armor,Basic,Heavy,2012-08-12T03:38:27Z,Core Tyria & non-expansion releases
330,Archon Shoulders,Armor,Basic,Light,2012-08-12T03:39:39Z,Core Tyria & non-expansion releases
326,Wrangler Shoulders,Armor,Basic,Medium,2012-08-12T03:40:04Z,Core Tyria & non-expansion releases
335,Legion Spaulders,Armor,Basic,Heavy,2012-08-12T03:40:31Z,Core Tyria & non-expansion releases
344,Archon Coat,Armor,Basic,Light,2012-08-12T03:41:04Z,Core Tyria & non-expansion releases
351,Wrangler Coat,Armor,Basic,Medium,2012-08-12T03:42:32Z,Core Tyria & non-expansion releases
353,Legion Hauberk,Armor,Basic,Heavy,2012-08-12T03:42:51Z,Core Tyria & non-expansion releases
338,Archon Gloves,Armor,Basic,Light,2012-08-12T03:44:08Z,Core Tyria & non-expansion releases
358,Archon Boots,Armor,Basic,Light,2012-08-12T03:44:18Z,Core Tyria & non-expansion releases
345,Wrangler Gloves,Armor,Basic,Medium,2012-08-12T03:44:37Z,Core Tyria & non-expansion releases
362,Wrangler Boots,Armor,Basic,Medium,2012-08-12T03:45:24Z,Core Tyria & non-expansion releases
348,Legion Fists,Armor,Basic,Heavy,2012-08-12T03:45:52Z,Core Tyria & non-expansion releases
367,Legion Boots,Armor,Basic,Heavy,2012-08-12T03:46:04Z,Core Tyria & non-expansion releases
339,Archon Leggings,Armor,Basic,Light,2012-08-12T04:05:20Z,Core Tyria & non-expansion releases
341,Wrangler Leggings,Armor,Basic,Medium,2012-08-12T04:06:05Z,Core Tyria & non-expansion releases
346,Legion Tassets,Armor,Basic,Heavy,2012-08-12T04:13:19Z,Core Tyria & non-expansion releases
340,Magus Shroud,Armor,Basic,Light,2012-08-12T04:23:58Z,Core Tyria & non-expansion releases
349,Trapper Helm,Armor,Basic,Medium,2012-08-12T04:24:22Z,Core Tyria & non-expansion releases
357,Dreadnought Visor,Armor,Basic,Heavy,2012-08-12T04:24:35Z,Core Tyria & non-expansion releases
347,Magus Shoulders,Armor,Basic,Light,2012-08-12T04:25:09Z,Core Tyria & non-expansion releases
355,Trapper Shoulders,Armor,Basic,Medium,2012-08-12T04:25:35Z,Core Tyria & non-expansion releases
343,Dreadnought Spaulders,Armor,Basic,Heavy,2012-08-12T04:26:16Z,Core Tyria & non-expansion releases
364,Magus Coat,Armor,Basic,Light,2012-08-12T04:26:47Z,Core Tyria & non-expansion releases
366,Trapper Coat,Armor,Basic,Medium,2012-08-12T04:27:06Z,Core Tyria & non-expansion releases
359,Dreadnought Hauberk,Armor,Basic,Heavy,2012-08-12T04:27:31Z,Core Tyria & non-expansion releases
369,Magus Boots,Armor,Basic,Light,2012-08-12T04:28:26Z,Core Tyria & non-expansion releases
363,Trapper Gloves,Armor,Basic,Medium,2012-08-12T04:28:46Z,Core Tyria & non-expansion releases
370,Trapper Boots,Armor,Basic,Medium,2012-08-12T04:28:56Z,Core Tyria & non-expansion releases
354,Dreadnought Fists,Armor,Basic,Heavy,2012-08-12T04:29:14Z,Core Tyria & non-expansion releases
368,Dreadnought Warboots,Armor,Basic,Heavy,2012-08-12T04:29:27Z,Core Tyria & non-expansion releases
361,Magus Leggings,Armor,Basic,Light,2012-08-12T04:30:21Z,Core Tyria & non-expansion releases
365,Trapper Leggings,Armor,Basic,Medium,2012-08-12T04:30:50Z,Core Tyria & non-expansion releases
356,Dreadnought Tassets,Armor,Basic,Heavy,2012-08-12T04:31:09Z,Core Tyria & non-expansion releases
480,Snapdragon Helm,Armor,Basic,Light,2012-08-12T17:07:53Z,Core Tyria & non-expansion releases
481,Evergreen Helm,Armor,Basic,Medium,2012-08-12T17:08:28Z,Core Tyria & non-expansion releases
483,Arborist Helm,Armor,Basic,Heavy,2012-08-12T17:17:02Z,Core Tyria & non-expansion releases
485,Snapdragon Epaulets,Armor,Basic,Light,2012-08-12T17:20:19Z,Core Tyria & non-expansion releases
482,Evergreen Shoulderguards,Armor,Basic,Medium,2012-08-12T17:20:50Z,Core Tyria & non-expansion releases
479,Arborist Shoulderguards,Armor,Basic,Heavy,2012-08-12T17:21:15Z,Core Tyria & non-expansion releases
490,Snapdragon Coat,Armor,Basic,Light,2012-08-12T17:22:07Z,Core Tyria & non-expansion releases
493,Evergreen Coat,Armor,Basic,Medium,2012-08-12T17:27:51Z,Core Tyria & non-expansion releases
500,Arborist Coat,Armor,Basic,Heavy,2012-08-12T17:28:21Z,Core Tyria & non-expansion releases
486,Snapdragon Gloves,Armor,Basic,Light,2012-08-12T17:30:18Z,Core Tyria & non-expansion releases
505,Snapdragon Boots,Armor,Basic,Light,2012-08-12T17:30:33Z,Core Tyria & non-expansion releases
491,Evergreen Gloves,Armor,Basic,Medium,2012-08-12T17:30:54Z,Core Tyria & non-expansion releases
510,Evergreen Boots,Armor,Basic,Medium,2012-08-12T17:31:05Z,Core Tyria & non-expansion releases
494,Arborist Gloves,Armor,Basic,Heavy,2012-08-12T17:31:22Z,Core Tyria & non-expansion releases
519,Arborist Boots,Armor,Basic,Heavy,2012-08-12T17:31:30Z,Core Tyria & non-expansion releases
484,Snapdragon Leggings,Armor,Basic,Light,2012-08-12T17:32:17Z,Core Tyria & non-expansion releases
488,Evergreen Leggings,Armor,Basic,Medium,2012-08-12T17:32:33Z,Core Tyria & non-expansion releases
496,Arborist Leggings,Armor,Basic,Heavy,2012-08-12T17:32:53Z,Core Tyria & non-expansion releases
257,Chain Helm,Armor,Basic,Heavy,2012-08-12T21:21:01Z,Core Tyria & non-expansion releases
223,Chain Pauldrons,Armor,Basic,Heavy,2012-08-12T21:24:49Z,Core Tyria & non-expansion releases
209,Chain Coat,Armor,Basic,Heavy,2012-08-12T21:44:25Z,Core Tyria & non-expansion releases
239,Chain Gauntlets,Armor,Basic,Heavy,2012-08-12T21:49:31Z,Core Tyria & non-expansion releases
207,Chain Legs,Armor,Basic,Heavy,2012-08-12T22:13:28Z,Core Tyria & non-expansion releases
489,Orchid Helm,Armor,Basic,Light,2012-08-12T23:36:09Z,Core Tyria & non-expansion releases
495,Nightshade Helm,Armor,Basic,Medium,2012-08-12T23:37:15Z,Core Tyria & non-expansion releases
498,Warden Helm,Armor,Basic,Heavy,2012-08-12T23:38:15Z,Core Tyria & non-expansion releases
501,Orchid Epaulets,Armor,Basic,Light,2012-08-12T23:39:30Z,Core Tyria & non-expansion releases
502,Orchid Coat,Armor,Basic,Light,2012-08-12T23:40:36Z,Core Tyria & non-expansion releases
497,Orchid Gloves,Armor,Basic,Light,2012-08-13T00:14:35Z,Core Tyria & non-expansion releases
528,Orchid Boots,Armor,Basic,Light,2012-08-13T00:14:46Z,Core Tyria & non-expansion releases
499,Orchid Leggings,Armor,Basic,Light,2012-08-13T00:15:43Z,Core Tyria & non-expansion releases
507,Dryad Helm,Armor,Basic,Light,2012-08-13T01:24:45Z,Core Tyria & non-expansion releases
518,Dryad Epaulets,Armor,Basic,Light,2012-08-13T01:25:21Z,Core Tyria & non-expansion releases
520,Dryad Coat,Armor,Basic,Light,2012-08-13T01:25:59Z,Core Tyria & non-expansion releases
516,Dryad Gloves,Armor,Basic,Light,2012-08-13T01:26:40Z,Core Tyria & non-expansion releases
530,Dryad Boots,Armor,Basic,Light,2012-08-13T01:26:49Z,Core Tyria & non-expansion releases
515,Dryad Leggings,Armor,Basic,Light,2012-08-13T01:27:17Z,Core Tyria & non-expansion releases
487,Nightshade Shoulderguards,Armor,Basic,Medium,2012-08-13T01:30:18Z,Core Tyria & non-expansion releases
508,Nightshade Coat,Armor,Basic,Medium,2012-08-13T01:32:37Z,Core Tyria & non-expansion releases
506,Nightshade Gloves,Armor,Basic,Medium,2012-08-13T01:33:03Z,Core Tyria & non-expansion releases
521,Nightshade Boots,Armor,Basic,Medium,2012-08-13T01:33:36Z,Core Tyria & non-expansion releases
492,Warden Shoulderguards,Armor,Basic,Heavy,2012-08-13T01:39:28Z,Core Tyria & non-expansion releases
517,Warden Coat,Armor,Basic,Heavy,2012-08-13T01:40:05Z,Core Tyria & non-expansion releases
509,Warden Gloves,Armor,Basic,Heavy,2012-08-13T01:41:11Z,Core Tyria & non-expansion releases
527,Warden Boots,Armor,Basic,Heavy,2012-08-13T01:41:21Z,Core Tyria & non-expansion releases
512,Warden Leggings,Armor,Basic,Heavy,2012-08-13T01:41:48Z,Core Tyria & non-expansion releases
503,Nightshade Leggings,Armor,Basic,Medium,2012-08-13T01:42:51Z,Core Tyria & non-expansion releases
513,Firstborn Helm,Armor,Basic,Medium,2012-08-13T01:44:10Z,Core Tyria & non-expansion releases
504,Firstborn Shoulderguards,Armor,Basic,Medium,2012-08-13T01:45:05Z,Core Tyria & non-expansion releases
523,Firstborn Gloves,Armor,Basic,Medium,2012-08-13T01:45:32Z,Core Tyria & non-expansion releases
531,Firstborn Boots,Armor,Basic,Medium,2012-08-13T01:45:41Z,Core Tyria & non-expansion releases
525,Firstborn Coat,Armor,Basic,Medium,2012-08-13T01:46:21Z,Core Tyria & non-expansion releases
522,Firstborn Leggings,Armor,Basic,Medium,2012-08-13T01:47:05Z,Core Tyria & non-expansion releases
514,Oaken Helm,Armor,Basic,Heavy,2012-08-13T01:47:55Z,Core Tyria & non-expansion releases
511,Oaken Shoulderguards,Armor,Basic,Heavy,2012-08-13T01:49:03Z,Core Tyria & non-expansion releases
526,Oaken Gloves,Armor,Basic,Heavy,2012-08-13T01:49:59Z,Core Tyria & non-expansion releases
532,Oaken Boots,Armor,Basic,Heavy,2012-08-13T01:50:09Z,Core Tyria & non-expansion releases
529,Oaken Coat,Armor,Basic,Heavy,2012-08-13T01:50:40Z,Core Tyria & non-expansion releases
524,Oaken Leggings,Armor,Basic,Heavy,2012-08-13T01:51:43Z,Core Tyria & non-expansion releases
426,Wolfborn Mask,Armor,Basic,Medium,2012-08-13T02:58:35Z,Core Tyria & non-expansion releases
425,Wolfborn Shoulderpad,Armor,Basic,Medium,2012-08-13T03:01:26Z,Core Tyria & non-expansion releases
431,Wolfborn Bracers,Armor,Basic,Medium,2012-08-13T03:02:01Z,Core Tyria & non-expansion releases
452,Wolfborn Boots,Armor,Basic,Medium,2012-08-13T03:02:09Z,Core Tyria & non-expansion releases
437,Wolfborn Vest,Armor,Basic,Medium,2012-08-13T03:04:17Z,Core Tyria & non-expansion releases
432,Wolfborn Leggings,Armor,Basic,Medium,2012-08-13T03:04:39Z,Core Tyria & non-expansion releases
443,Predatory Shoulderpad,Armor,Basic,Medium,2012-08-13T03:06:18Z,Core Tyria & non-expansion releases
457,Predatory Bracers,Armor,Basic,Medium,2012-08-13T03:06:36Z,Core Tyria & non-expansion releases
460,Predatory Vest,Armor,Basic,Medium,2012-08-13T03:07:13Z,Core Tyria & non-expansion releases
455,Predatory Leggings,Armor,Basic,Medium,2012-08-13T03:07:42Z,Core Tyria & non-expansion releases
451,Wolf Mask,Armor,Basic,Medium,2012-08-13T03:08:29Z,Core Tyria & non-expansion releases
453,Wolf Shoulderpad,Armor,Basic,Medium,2012-08-13T03:09:01Z,Core Tyria & non-expansion releases
469,Wolf Vest,Armor,Basic,Medium,2012-08-13T03:10:13Z,Core Tyria & non-expansion releases
464,Wolf Leggings,Armor,Basic,Medium,2012-08-13T03:10:35Z,Core Tyria & non-expansion releases
430,Dolyak Hounskull,Armor,Basic,Heavy,2012-08-13T03:21:41Z,Core Tyria & non-expansion releases
429,Dolyak Spaulders,Armor,Basic,Heavy,2012-08-13T03:22:04Z,Core Tyria & non-expansion releases
440,Dolyak Gauntlets,Armor,Basic,Heavy,2012-08-13T03:22:23Z,Core Tyria & non-expansion releases
462,Dolyak Greaves,Armor,Basic,Heavy,2012-08-13T03:22:34Z,Core Tyria & non-expansion releases
445,Dolyak Mail,Armor,Basic,Heavy,2012-08-13T03:23:00Z,Core Tyria & non-expansion releases
442,Dolyak Chausses,Armor,Basic,Heavy,2012-08-13T03:23:20Z,Core Tyria & non-expansion releases
434,Eagle Hounskull,Armor,Basic,Heavy,2012-08-13T03:24:42Z,Core Tyria & non-expansion releases
436,Eagle Spaulders,Armor,Basic,Heavy,2012-08-13T03:25:05Z,Core Tyria & non-expansion releases
467,Eagle Greaves,Armor,Basic,Heavy,2012-08-13T03:25:39Z,Core Tyria & non-expansion releases
461,Stag Hounskull,Armor,Basic,Heavy,2012-08-13T03:27:34Z,Core Tyria & non-expansion releases
465,Stag Spaulders,Armor,Basic,Heavy,2012-08-13T03:27:55Z,Core Tyria & non-expansion releases
474,Stag Mail,Armor,Basic,Heavy,2012-08-13T03:29:02Z,Core Tyria & non-expansion releases
470,Stag Chausses,Armor,Basic,Heavy,2012-08-13T03:29:24Z,Core Tyria & non-expansion releases
4448,Mace of the Dragon's Deep,Weapon,Basic,,2012-08-13T07:03:15Z,Core Tyria & non-expansion releases
4440,Pistol of the Dragon's Deep,Weapon,Basic,,2012-08-13T07:03:38Z,Core Tyria & non-expansion releases
4441,Scepter of the Dragon's Deep,Weapon,Basic,,2012-08-13T07:03:47Z,Core Tyria & non-expansion releases
4518,Sword of the Dragon's Deep,Weapon,Basic,,2012-08-13T07:03:56Z,Core Tyria & non-expansion releases
4434,Shield of the Dragon's Deep,Weapon,Basic,,2012-08-13T07:04:57Z,Core Tyria & non-expansion releases
4362,Torch of the Dragon's Deep,Weapon,Basic,,2012-08-13T07:05:10Z,Core Tyria & non-expansion releases
4391,Warhorn of the Dragon's Deep,Weapon,Basic,,2012-08-13T07:05:21Z,Core Tyria & non-expansion releases
4469,Hammer of the Dragon's Deep,Weapon,Basic,,2012-08-13T07:05:58Z,Core Tyria & non-expansion releases
4430,Longbow of the Dragon's Deep,Weapon,Basic,,2012-08-13T07:06:10Z,Core Tyria & non-expansion releases
4491,Rifle of the Dragon's Deep,Weapon,Basic,,2012-08-13T07:06:21Z,Core Tyria & non-expansion releases
4367,Short Bow of the Dragon's Deep,Weapon,Basic,,2012-08-13T07:06:32Z,Core Tyria & non-expansion releases
4494,Staff of the Dragon's Deep,Weapon,Basic,,2012-08-13T07:06:40Z,Core Tyria & non-expansion releases
4476,Harpoon of the Dragon's Deep,Weapon,Basic,,2012-08-13T07:06:51Z,Core Tyria & non-expansion releases
636,Mantle of the Lich,Armor,Basic,Light,2012-08-13T12:03:27Z,Core Tyria & non-expansion releases
4416,Speargun of the Dragon's Deep,Weapon,Basic,,2012-08-13T18:21:59Z,Core Tyria & non-expansion releases
4406,Trident of the Dragon's Deep,Weapon,Basic,,2012-08-13T18:24:42Z,Core Tyria & non-expansion releases
5208,Steam Axe,Weapon,Basic,,2012-08-14T03:54:55Z,Core Tyria & non-expansion releases
5225,Steam Dagger,Weapon,Basic,,2012-08-14T03:55:13Z,Core Tyria & non-expansion releases
5199,Steam Mace,Weapon,Basic,,2012-08-14T03:55:27Z,Core Tyria & non-expansion releases
5168,Steam Pistol,Weapon,Basic,,2012-08-14T03:55:53Z,Core Tyria & non-expansion releases
5206,Steam Hammer,Weapon,Basic,,2012-08-14T03:57:50Z,Core Tyria & non-expansion releases
5099,Steam Rifle,Weapon,Basic,,2012-08-14T03:58:03Z,Core Tyria & non-expansion releases
5238,Steam Staff,Weapon,Basic,,2012-08-14T03:58:36Z,Core Tyria & non-expansion releases
5091,Steam Speargun,Weapon,Basic,,2012-08-14T03:59:11Z,Core Tyria & non-expansion releases
5144,Steam Trident,Weapon,Basic,,2012-08-14T03:59:28Z,Core Tyria & non-expansion releases
5210,Steam Scepter,Weapon,Basic,,2012-08-14T04:00:06Z,Core Tyria & non-expansion releases
208,Scale Legs,Armor,Basic,Heavy,2012-08-16T01:06:51Z,Core Tyria & non-expansion releases
227,Scale Boots,Armor,Basic,Heavy,2012-08-16T01:10:59Z,Core Tyria & non-expansion releases
224,Scale Pauldrons,Armor,Basic,Heavy,2012-08-16T01:22:48Z,Core Tyria & non-expansion releases
1034,Celebration Hat,Armor,Basic,Light,2012-08-22T02:46:46Z,Core Tyria & non-expansion releases
1036,Celebration Hat,Armor,Basic,Heavy,2012-08-22T02:46:46Z,Core Tyria & non-expansion releases
1038,Celebration Hat,Armor,Basic,Medium,2012-08-22T02:46:46Z,Core Tyria & non-expansion releases
992,Aviator Sunglasses,Armor,Basic,Medium,2012-08-22T05:23:52Z,Core Tyria & non-expansion releases
993,Aviator Sunglasses,Armor,Basic,Light,2012-08-22T05:23:52Z,Core Tyria & non-expansion releases
994,Aviator Sunglasses,Armor,Basic,Heavy,2012-08-22T05:23:52Z,Core Tyria & non-expansion releases
13795,Boxing Gloves,Armor,Basic,Heavy,2012-08-22T05:28:45Z,Core Tyria & non-expansion releases
13800,Boxing Gloves,Armor,Basic,Medium,2012-08-22T05:28:45Z,Core Tyria & non-expansion releases
13803,Boxing Gloves,Armor,Basic,Light,2012-08-22T05:28:45Z,Core Tyria & non-expansion releases
967,Inventor's Sunglasses,Armor,Basic,Medium,2012-08-22T06:17:16Z,Core Tyria & non-expansion releases
971,Inventor's Sunglasses,Armor,Basic,Heavy,2012-08-22T06:17:16Z,Core Tyria & non-expansion releases
1018,Inventor's Sunglasses,Armor,Basic,Light,2012-08-22T06:17:16Z,Core Tyria & non-expansion releases
1011,Reading Glasses,Armor,Basic,Heavy,2012-08-23T00:24:44Z,Core Tyria & non-expansion releases
1013,Reading Glasses,Armor,Basic,Light,2012-08-23T00:24:44Z,Core Tyria & non-expansion releases
1014,Reading Glasses,Armor,Basic,Medium,2012-08-23T00:24:44Z,Core Tyria & non-expansion releases
1008,Sailor's Beanie,Armor,Basic,Medium,2012-08-23T00:27:03Z,Core Tyria & non-expansion releases
1019,Sailor's Beanie,Armor,Basic,Light,2012-08-23T00:27:03Z,Core Tyria & non-expansion releases
1028,Sailor's Beanie,Armor,Basic,Heavy,2012-08-23T00:27:03Z,Core Tyria & non-expansion releases
5013,Krytan Axe,Weapon,Basic,,2012-08-23T01:34:27Z,Core Tyria & non-expansion releases
5005,Krytan Mace,Weapon,Basic,,2012-08-23T01:37:04Z,Core Tyria & non-expansion releases
4989,Krytan Scepter,Weapon,Basic,,2012-08-23T01:44:36Z,Core Tyria & non-expansion releases
5020,Krytan Sword,Weapon,Basic,,2012-08-23T01:45:01Z,Core Tyria & non-expansion releases
4994,Krytan Focus,Weapon,Basic,,2012-08-23T01:48:10Z,Core Tyria & non-expansion releases
5018,Krytan Shield,Weapon,Basic,,2012-08-23T01:48:27Z,Core Tyria & non-expansion releases
5001,Krytan Warhorn,Weapon,Basic,,2012-08-23T01:49:49Z,Core Tyria & non-expansion releases
4992,Krytan Torch,Weapon,Basic,,2012-08-23T01:50:12Z,Core Tyria & non-expansion releases
4995,Krytan Greatsword,Weapon,Basic,,2012-08-23T01:59:25Z,Core Tyria & non-expansion releases
5022,Krytan Warhammer,Weapon,Basic,,2012-08-23T02:02:17Z,Core Tyria & non-expansion releases
4998,Krytan Bow,Weapon,Basic,,2012-08-23T02:05:56Z,Core Tyria & non-expansion releases
5000,Krytan Short Bow,Weapon,Basic,,2012-08-23T02:06:27Z,Core Tyria & non-expansion releases
4990,Krytan Speargun,Weapon,Basic,,2012-08-23T02:06:41Z,Core Tyria & non-expansion releases
5164,Krytan Spear,Weapon,Basic,,2012-08-23T02:06:54Z,Core Tyria & non-expansion releases
5129,Krytan Trident,Weapon,Basic,,2012-08-23T02:07:06Z,Core Tyria & non-expansion releases
5021,Krytan Rifle,Weapon,Basic,,2012-08-23T02:07:20Z,Core Tyria & non-expansion releases
5019,Krytan Staff,Weapon,Basic,,2012-08-23T02:07:42Z,Core Tyria & non-expansion releases
5017,Aureate Axe,Weapon,Basic,,2012-08-23T02:24:51Z,Core Tyria & non-expansion releases
5012,Aureate Dirk,Weapon,Basic,,2012-08-23T02:25:20Z,Core Tyria & non-expansion releases
5016,Aureate Mace,Weapon,Basic,,2012-08-23T02:25:38Z,Core Tyria & non-expansion releases
5015,Aureate Pistol,Weapon,Basic,,2012-08-23T02:25:54Z,Core Tyria & non-expansion releases
5003,Aureate Virge,Weapon,Basic,,2012-08-23T02:26:14Z,Core Tyria & non-expansion releases
5025,Aureate Rinblade,Weapon,Basic,,2012-08-23T02:26:34Z,Core Tyria & non-expansion releases
5007,Aureate Charm,Weapon,Basic,,2012-08-23T02:26:57Z,Core Tyria & non-expansion releases
5023,Aureate Targe,Weapon,Basic,,2012-08-23T02:27:26Z,Core Tyria & non-expansion releases
4993,Aureate Sconce,Weapon,Basic,,2012-08-23T02:27:43Z,Core Tyria & non-expansion releases
5009,Aureate Warhorn,Weapon,Basic,,2012-08-23T02:28:04Z,Core Tyria & non-expansion releases
5006,Aureate Highlander Greatsword,Weapon,Basic,,2012-08-23T02:28:59Z,Core Tyria & non-expansion releases
5024,Aureate Warhammer,Weapon,Basic,,2012-08-23T02:29:46Z,Core Tyria & non-expansion releases
5010,Aureate Longbow,Weapon,Basic,,2012-08-23T02:30:19Z,Core Tyria & non-expansion releases
5029,Aureate Musket,Weapon,Basic,,2012-08-23T02:30:40Z,Core Tyria & non-expansion releases
5154,Aureate Short Bow,Weapon,Basic,,2012-08-23T02:30:56Z,Core Tyria & non-expansion releases
5002,Aureate Speargun,Weapon,Basic,,2012-08-23T02:31:07Z,Core Tyria & non-expansion releases
5011,Aureate Spear,Weapon,Basic,,2012-08-23T02:31:21Z,Core Tyria & non-expansion releases
4999,Aureate Trident,Weapon,Basic,,2012-08-23T02:31:32Z,Core Tyria & non-expansion releases
5027,Aureate Staff,Weapon,Basic,,2012-08-23T02:31:55Z,Core Tyria & non-expansion releases
259,Gladiator Helm,Armor,Basic,Heavy,2012-08-24T05:54:47Z,Core Tyria & non-expansion releases
4717,Wisteria,Weapon,Basic,,2012-08-26T06:26:17Z,Core Tyria & non-expansion releases
5682,Steel Axe,Weapon,Basic,,2012-08-28T15:19:35Z,Core Tyria & non-expansion releases
4472,Kodan Greatsword,Weapon,Basic,,2012-08-29T02:27:36Z,Core Tyria & non-expansion releases
26,Chainmail Shoulders,Armor,Basic,Heavy,2012-09-01T19:37:17Z,Core Tyria & non-expansion releases
5033,Glyphic Rifle,Weapon,Basic,,2012-09-02T06:04:24Z,Core Tyria & non-expansion releases
4679,Sunrise,Weapon,Legendary,,2012-09-03T00:03:40Z,Core Tyria & non-expansion releases
4683,The Bifrost,Weapon,Legendary,,2012-09-04T18:23:08Z,Core Tyria & non-expansion releases
8350,The Bifrost,Weapon,Legendary,,2012-09-04T18:23:08Z,Core Tyria & non-expansion releases
4674,Frostfang,Weapon,Legendary,,2012-09-04T19:45:49Z,Core Tyria & non-expansion releases
4625,Lionguard Rifle,Weapon,Basic,,2012-09-05T09:29:19Z,Core Tyria & non-expansion releases
4680,Twilight,Weapon,Legendary,,2012-09-06T02:36:34Z,Core Tyria & non-expansion releases
6424,Dusk,Weapon,Basic,,2012-09-06T02:50:25Z,Core Tyria & non-expansion releases
6211,Dawn,Weapon,Basic,,2012-09-06T02:51:34Z,Core Tyria & non-expansion releases
4684,Bolt,Weapon,Legendary,,2012-09-06T19:56:16Z,Core Tyria & non-expansion releases
37,Magician Coat,Armor,Basic,Light,2012-09-06T20:40:35Z,Core Tyria & non-expansion releases
73,Magician Gloves,Armor,Basic,Light,2012-09-06T20:50:01Z,Core Tyria & non-expansion releases
4669,The Dreamer,Weapon,Legendary,,2012-09-06T22:57:06Z,Core Tyria & non-expansion releases
71,Swindler Gloves,Armor,Basic,Medium,2012-09-07T17:13:55Z,Core Tyria & non-expansion releases
90,Conjurer Mantle,Armor,Basic,Light,2012-09-07T17:16:12Z,Core Tyria & non-expansion releases
24,Worn Scale Coat,Armor,Basic,Heavy,2012-09-07T18:32:05Z,Core Tyria & non-expansion releases
23,Worn Scale Legs,Armor,Basic,Heavy,2012-09-07T18:40:11Z,Core Tyria & non-expansion releases
65,Worn Scale Boots,Armor,Basic,Heavy,2012-09-07T18:42:22Z,Core Tyria & non-expansion releases
106,Conjurer Mask,Armor,Basic,Light,2012-09-07T22:57:57Z,Core Tyria & non-expansion releases
97,Swindler Mask,Armor,Basic,Medium,2012-09-07T23:04:49Z,Core Tyria & non-expansion releases
68,Worn Scale Gauntlets,Armor,Basic,Heavy,2012-09-07T23:19:09Z,Core Tyria & non-expansion releases
5008,Krytan Pistol,Weapon,Basic,,2012-09-07T23:31:31Z,Core Tyria & non-expansion releases
5192,Glyphic Axe,Weapon,Basic,,2012-09-07T23:37:33Z,Core Tyria & non-expansion releases
66,Worn Scale Pauldrons,Armor,Basic,Heavy,2012-09-07T23:39:29Z,Core Tyria & non-expansion releases
28,Swindler Pants,Armor,Basic,Medium,2012-09-07T23:46:07Z,Core Tyria & non-expansion releases
99,Worn Scale Helm,Armor,Basic,Heavy,2012-09-07T23:50:45Z,Core Tyria & non-expansion releases
60,Swindler Pauldrons,Armor,Basic,Medium,2012-09-07T23:56:16Z,Core Tyria & non-expansion releases
5234,Glyphic Handblade,Weapon,Basic,,2012-09-08T13:24:15Z,Core Tyria & non-expansion releases
5207,Glyphic Ward,Weapon,Basic,,2012-09-08T13:31:12Z,Core Tyria & non-expansion releases
5692,Steel Dagger,Weapon,Basic,,2012-09-08T20:12:02Z,Core Tyria & non-expansion releases
5693,Steel Greatsword,Weapon,Basic,,2012-09-08T20:51:14Z,Core Tyria & non-expansion releases
5694,Steel Hammer,Weapon,Basic,,2012-09-08T20:57:47Z,Core Tyria & non-expansion releases
5696,Steel Mace,Weapon,Basic,,2012-09-08T21:13:43Z,Core Tyria & non-expansion releases
5689,Steel Shield,Weapon,Basic,,2012-09-08T21:44:06Z,Core Tyria & non-expansion releases
5695,Steel Spear,Weapon,Basic,,2012-09-08T21:49:38Z,Core Tyria & non-expansion releases
5691,Steel Sword,Weapon,Basic,,2012-09-08T22:00:25Z,Core Tyria & non-expansion releases
6231,The Legend,Weapon,Basic,,2012-09-09T02:40:13Z,Core Tyria & non-expansion releases
6286,Zap,Weapon,Basic,,2012-09-09T02:47:03Z,Core Tyria & non-expansion releases
5148,Shiverpeak Handcannon,Weapon,Basic,,2012-09-09T11:34:43Z,Core Tyria & non-expansion releases
5351,Mystic Staff,Weapon,Basic,,2012-09-09T11:55:19Z,Core Tyria & non-expansion releases
5348,Mystic Claymore,Weapon,Basic,,2012-09-09T19:21:01Z,Core Tyria & non-expansion releases
4524,Modniir Carver,Weapon,Basic,,2012-09-10T02:23:39Z,Core Tyria & non-expansion releases
4643,Modniir Stinger,Weapon,Basic,,2012-09-10T02:39:55Z,Core Tyria & non-expansion releases
4726,Zhaitan's Reach,Weapon,Basic,,2012-09-11T00:07:08Z,Core Tyria & non-expansion releases
1386,Priory's Historical Cowl,Armor,Basic,Light,2012-09-11T01:24:23Z,Core Tyria & non-expansion releases
1377,Priory's Historical Mantle,Armor,Basic,Light,2012-09-11T01:25:56Z,Core Tyria & non-expansion releases
1384,Priory's Historical Vestments,Armor,Basic,Light,2012-09-11T01:27:29Z,Core Tyria & non-expansion releases
1383,Priory's Historical Gloves,Armor,Basic,Light,2012-09-11T01:30:33Z,Core Tyria & non-expansion releases
1385,Priory's Historical Pants,Armor,Basic,Light,2012-09-11T01:32:27Z,Core Tyria & non-expansion releases
1392,Priory's Historical Shoes,Armor,Basic,Light,2012-09-11T01:33:21Z,Core Tyria & non-expansion releases
53,Country Boots,Armor,Basic,Light,2012-09-11T07:08:54Z,Core Tyria & non-expansion releases
5328,Mystic Pistol,Weapon,Basic,,2012-09-11T08:05:56Z,Core Tyria & non-expansion releases
50,Worn Chain Gauntlets,Armor,Basic,Heavy,2012-09-11T14:24:47Z,Core Tyria & non-expansion releases
1389,Priory's Historical Mask,Armor,Basic,Medium,2012-09-11T16:01:12Z,Core Tyria & non-expansion releases
1378,Priory's Historical Shoulderpads,Armor,Basic,Medium,2012-09-11T16:03:32Z,Core Tyria & non-expansion releases
1387,Priory's Historical Jerkin,Armor,Basic,Medium,2012-09-11T16:04:30Z,Core Tyria & non-expansion releases
1388,Priory's Historical Vambraces,Armor,Basic,Medium,2012-09-11T16:05:55Z,Core Tyria & non-expansion releases
1390,Priory's Historical Leggings,Armor,Basic,Medium,2012-09-11T16:07:24Z,Core Tyria & non-expansion releases
1393,Priory's Historical Boots,Armor,Basic,Medium,2012-09-11T16:09:49Z,Core Tyria & non-expansion releases
1379,Priory's Historical Helmet,Armor,Basic,Heavy,2012-09-11T16:10:25Z,Core Tyria & non-expansion releases
1376,Priory's Historical Pauldrons,Armor,Basic,Heavy,2012-09-11T16:12:06Z,Core Tyria & non-expansion releases
1380,Priory's Historical Breastplate,Armor,Basic,Heavy,2012-09-11T16:13:01Z,Core Tyria & non-expansion releases
1381,Priory's Historical Tassets,Armor,Basic,Heavy,2012-09-11T16:14:55Z,Core Tyria & non-expansion releases
1382,Priory's Historical Gauntlets,Armor,Basic,Heavy,2012-09-11T16:14:58Z,Core Tyria & non-expansion releases
1391,Priory's Historical Greaves,Armor,Basic,Heavy,2012-09-11T16:16:05Z,Core Tyria & non-expansion releases
255,Masquerade Mask,Armor,Basic,Light,2012-09-11T19:10:07Z,Core Tyria & non-expansion releases
6269,Storm,Weapon,Basic,,2012-09-12T02:54:26Z,Core Tyria & non-expansion releases
228,Masquerade Mantle,Armor,Basic,Light,2012-09-12T10:34:57Z,Core Tyria & non-expansion releases
5330,Mystic Crescent,Weapon,Basic,,2012-09-12T10:41:54Z,Core Tyria & non-expansion releases
217,Masquerade Raiments,Armor,Basic,Light,2012-09-12T10:45:13Z,Core Tyria & non-expansion releases
247,Masquerade Gloves,Armor,Basic,Light,2012-09-12T10:48:40Z,Core Tyria & non-expansion releases
213,Masquerade Leggings,Armor,Basic,Light,2012-09-12T10:51:58Z,Core Tyria & non-expansion releases
234,Masquerade Boots,Armor,Basic,Light,2012-09-12T10:55:53Z,Core Tyria & non-expansion releases
4862,Accursed Chains,Weapon,Basic,,2012-09-12T18:28:51Z,Core Tyria & non-expansion releases
4848,Gaze,Weapon,Basic,,2012-09-12T18:35:00Z,Core Tyria & non-expansion releases
5217,Glyphic Longblade,Weapon,Basic,,2012-09-13T02:44:30Z,Core Tyria & non-expansion releases
6421,Leaf of Kudzu,Weapon,Basic,,2012-09-13T06:26:27Z,Core Tyria & non-expansion releases
4099,Pearl Broadsword,Weapon,Basic,,2012-09-13T07:58:17Z,Core Tyria & non-expansion releases
5339,Mystic Wand,Weapon,Basic,,2012-09-13T13:39:48Z,Core Tyria & non-expansion releases
5690,Steel Pistol,Weapon,Basic,,2012-09-13T14:29:03Z,Core Tyria & non-expansion releases
4869,Skybringer,Weapon,Basic,,2012-09-13T19:19:31Z,Core Tyria & non-expansion releases
4870,Dhuumseal,Weapon,Basic,,2012-09-13T22:31:25Z,Core Tyria & non-expansion releases
4893,Bramblethorne,Weapon,Basic,,2012-09-13T22:54:43Z,Core Tyria & non-expansion releases
4675,The Flameseeker Prophecies,Weapon,Legendary,,2012-09-14T00:57:16Z,Core Tyria & non-expansion releases
4864,Ebonblade,Weapon,Basic,,2012-09-14T00:57:28Z,Core Tyria & non-expansion releases
36,Rawhide Shoulders,Armor,Basic,Medium,2012-09-14T08:14:21Z,Core Tyria & non-expansion releases
1719,Studded Shoulders,Armor,Basic,Medium,2012-09-14T08:14:28Z,Core Tyria & non-expansion releases
4822,Tsunami,Weapon,Basic,,2012-09-14T12:03:16Z,Core Tyria & non-expansion releases
5350,Mystic Spike,Weapon,Basic,,2012-09-14T14:23:43Z,Core Tyria & non-expansion releases
4730,Shard of the Deep,Weapon,Basic,,2012-09-14T14:34:00Z,Core Tyria & non-expansion releases
6509,Tooth of Frostfang,Weapon,Basic,,2012-09-14T14:55:18Z,Core Tyria & non-expansion releases
5231,Einhänder,Weapon,Basic,,2012-09-14T15:36:08Z,Core Tyria & non-expansion releases
14,Worn Chain Legs,Armor,Basic,Heavy,2012-09-14T16:07:33Z,Core Tyria & non-expansion releases
6240,Chaos Gun,Weapon,Basic,,2012-09-14T17:56:01Z,Core Tyria & non-expansion releases
5352,Mystic Sword,Weapon,Basic,,2012-09-14T20:40:26Z,Core Tyria & non-expansion releases
5056,Legionnaire Greatsword,Weapon,Basic,,2012-09-14T21:51:18Z,Core Tyria & non-expansion releases
4794,Kymswarden,Weapon,Basic,,2012-09-14T22:14:08Z,Core Tyria & non-expansion releases
3933,Godskull Slayer,Weapon,Basic,,2012-09-14T22:24:51Z,Core Tyria & non-expansion releases
5338,Mystic Hornbow,Weapon,Basic,,2012-09-14T22:57:36Z,Core Tyria & non-expansion releases
176,Leather Coat,Armor,Basic,Medium,2012-09-15T03:04:26Z,Core Tyria & non-expansion releases
5082,Orrian Longsword,Weapon,Basic,,2012-09-15T06:59:30Z,Core Tyria & non-expansion releases
4676,Kudzu,Weapon,Legendary,,2012-09-15T19:03:39Z,Core Tyria & non-expansion releases
4682,Incinerator,Weapon,Legendary,,2012-09-15T19:17:49Z,Core Tyria & non-expansion releases
4681,The Juggernaut,Weapon,Legendary,,2012-09-15T19:19:32Z,Core Tyria & non-expansion releases
4664,Frenzy,Weapon,Legendary,,2012-09-15T19:30:54Z,Core Tyria & non-expansion releases
4667,Howler,Weapon,Legendary,,2012-09-15T19:40:28Z,Core Tyria & non-expansion releases
4666,Kraitkin,Weapon,Legendary,,2012-09-15T19:42:22Z,Core Tyria & non-expansion releases
4673,Meteorlogicus,Weapon,Legendary,,2012-09-15T19:43:42Z,Core Tyria & non-expansion releases
4672,The Minstrel,Weapon,Legendary,,2012-09-15T19:45:00Z,Core Tyria & non-expansion releases
4670,The Moot,Weapon,Legendary,,2012-09-15T19:45:57Z,Core Tyria & non-expansion releases
4668,Quip,Weapon,Legendary,,2012-09-15T19:50:13Z,Core Tyria & non-expansion releases
5319,Mystic Caller,Weapon,Basic,,2012-09-15T22:57:55Z,Core Tyria & non-expansion releases
4678,Eternity,Weapon,Legendary,,2012-09-15T23:50:40Z,Core Tyria & non-expansion releases
8396,Eternity,Weapon,Legendary,,2012-09-15T23:50:40Z,Core Tyria & non-expansion releases
8417,Eternity,Weapon,Legendary,,2012-09-15T23:50:40Z,Core Tyria & non-expansion releases
4706,Urchin's Needles,Weapon,Basic,,2012-09-16T03:32:10Z,Core Tyria & non-expansion releases
4898,Tear of Grenth,Weapon,Basic,,2012-09-16T13:30:34Z,Core Tyria & non-expansion releases
5215,Ceremonial Scimitar,Weapon,Basic,,2012-09-16T21:40:54Z,Core Tyria & non-expansion releases
5165,Glyphic Spear,Weapon,Basic,,2012-09-16T21:47:49Z,Core Tyria & non-expansion releases
5122,Glyphic Speargun,Weapon,Basic,,2012-09-16T21:51:33Z,Core Tyria & non-expansion releases
5050,Glyphic Trispear,Weapon,Basic,,2012-09-16T21:52:22Z,Core Tyria & non-expansion releases
4745,Blastmaster 3000,Weapon,Basic,,2012-09-17T10:46:07Z,Core Tyria & non-expansion releases
6427,The Lover,Weapon,Basic,,2012-09-17T13:55:05Z,Core Tyria & non-expansion releases
6481,The Chosen,Weapon,Basic,,2012-09-17T14:32:36Z,Core Tyria & non-expansion releases
6363,Howl,Weapon,Basic,,2012-09-17T14:37:52Z,Core Tyria & non-expansion releases
6284,The Colossus,Weapon,Basic,,2012-09-17T14:39:40Z,Core Tyria & non-expansion releases
6230,Carcharias,Weapon,Basic,,2012-09-17T14:40:24Z,Core Tyria & non-expansion releases
4671,Kamohoali'i Kotaki,Weapon,Legendary,,2012-09-17T14:52:40Z,Core Tyria & non-expansion releases
6199,The Bard,Weapon,Basic,,2012-09-17T17:22:40Z,Core Tyria & non-expansion releases
6265,The Energizer,Weapon,Basic,,2012-09-17T17:24:14Z,Core Tyria & non-expansion releases
6514,The Hunter,Weapon,Basic,,2012-09-17T17:25:15Z,Core Tyria & non-expansion releases
4677,The Predator,Weapon,Legendary,,2012-09-17T17:59:03Z,Core Tyria & non-expansion releases
4737,Rodgort's Flame,Weapon,Basic,,2012-09-17T18:11:50Z,Core Tyria & non-expansion releases
6451,Rodgort's Flame,Weapon,Basic,,2012-09-17T18:11:50Z,Core Tyria & non-expansion releases
4665,Rodgort,Weapon,Legendary,,2012-09-17T18:22:22Z,Core Tyria & non-expansion releases
4856,Phoenix Talon,Weapon,Basic,,2012-09-18T02:47:07Z,Core Tyria & non-expansion releases
133,Splint Pauldrons,Armor,Basic,Heavy,2012-09-18T04:24:45Z,Core Tyria & non-expansion releases
4901,Wooden Sword,Weapon,Basic,,2012-09-18T10:25:30Z,Core Tyria & non-expansion releases
4904,Rusttooth,Weapon,Basic,,2012-09-19T07:12:18Z,Core Tyria & non-expansion releases
4840,Cooguloosh,Weapon,Basic,,2012-09-19T09:19:48Z,Core Tyria & non-expansion releases
4873,Flux Matrix,Weapon,Basic,,2012-09-19T09:57:01Z,Core Tyria & non-expansion releases
4863,Glint's Scale,Weapon,Basic,,2012-09-19T10:07:18Z,Core Tyria & non-expansion releases
4843,Godswalk Enchiridion,Weapon,Basic,,2012-09-19T10:13:38Z,Core Tyria & non-expansion releases
4853,Naegling,Weapon,Basic,,2012-09-19T10:28:39Z,Core Tyria & non-expansion releases
4771,The Fate of Menzies,Weapon,Basic,,2012-09-19T10:33:57Z,Core Tyria & non-expansion releases
4876,Heart of Mellaggan,Weapon,Basic,,2012-09-19T15:43:08Z,Core Tyria & non-expansion releases
4544,Guild Rifle,Weapon,Basic,,2012-09-19T19:05:41Z,Core Tyria & non-expansion releases
4553,Guild Staff,Weapon,Basic,,2012-09-20T05:59:06Z,Core Tyria & non-expansion releases
4545,Guild Pistol,Weapon,Basic,,2012-09-20T06:21:10Z,Core Tyria & non-expansion releases
5349,Mystic Battlehammer,Weapon,Basic,,2012-09-20T14:39:32Z,Core Tyria & non-expansion releases
4827,Vera,Weapon,Basic,,2012-09-20T20:51:13Z,Core Tyria & non-expansion releases
4866,Squeedily Spooch,Weapon,Basic,,2012-09-21T02:05:52Z,Core Tyria & non-expansion releases
723,Flame Legion Greaves,Armor,Basic,Heavy,2012-09-21T13:53:06Z,Core Tyria & non-expansion releases
5340,Mystic Battleaxe,Weapon,Basic,,2012-09-21T15:51:41Z,Core Tyria & non-expansion releases
732,Flame Legion Coat,Armor,Basic,Medium,2012-09-21T20:07:35Z,Core Tyria & non-expansion releases
5333,Mystic Cudgel,Weapon,Basic,,2012-09-21T21:54:38Z,Core Tyria & non-expansion releases
4546,Guild Longbow,Weapon,Basic,,2012-09-22T04:16:24Z,Core Tyria & non-expansion releases
1991,Iron's Tailpipe Bandana,Armor,Basic,Medium,2012-09-22T14:22:44Z,Core Tyria & non-expansion releases
1992,Iron's Tailpipe Bandana,Armor,Basic,Heavy,2012-09-22T14:22:44Z,Core Tyria & non-expansion releases
2011,Iron's Tailpipe Bandana,Armor,Basic,Light,2012-09-22T14:22:44Z,Core Tyria & non-expansion releases
4661,Ebon Vanguard Greatsword,Weapon,Basic,,2012-09-22T21:47:01Z,Core Tyria & non-expansion releases
4598,Ebon Vanguard Axe,Weapon,Basic,,2012-09-22T21:51:40Z,Core Tyria & non-expansion releases
4612,Ebon Vanguard Hammer,Weapon,Basic,,2012-09-22T21:53:43Z,Core Tyria & non-expansion releases
4624,Ebon Vanguard Longbow,Weapon,Basic,,2012-09-22T21:57:25Z,Core Tyria & non-expansion releases
4588,Ebon Vanguard Speargun,Weapon,Basic,,2012-09-22T22:05:39Z,Core Tyria & non-expansion releases
4597,Ebon Vanguard Harpoon,Weapon,Basic,,2012-09-22T22:06:25Z,Core Tyria & non-expansion releases
4640,Ebon Vanguard Trident,Weapon,Basic,,2012-09-22T22:07:18Z,Core Tyria & non-expansion releases
4610,Ebon Vanguard Rifle,Weapon,Basic,,2012-09-22T22:09:08Z,Core Tyria & non-expansion releases
4648,Ebon Vanguard Short Bow,Weapon,Basic,,2012-09-22T22:10:19Z,Core Tyria & non-expansion releases
4638,Ebon Vanguard Staff,Weapon,Basic,,2012-09-22T22:10:35Z,Core Tyria & non-expansion releases
4615,Ebon Vanguard Dagger,Weapon,Basic,,2012-09-22T22:31:43Z,Core Tyria & non-expansion releases
4654,Ebon Vanguard Mace,Weapon,Basic,,2012-09-22T22:32:46Z,Core Tyria & non-expansion releases
4644,Ebon Vanguard Pistol,Weapon,Basic,,2012-09-22T22:33:00Z,Core Tyria & non-expansion releases
4590,Ebon Vanguard Scepter,Weapon,Basic,,2012-09-22T22:33:18Z,Core Tyria & non-expansion releases
4629,Ebon Vanguard Sword,Weapon,Basic,,2012-09-22T22:33:31Z,Core Tyria & non-expansion releases
4586,Ebon Vanguard Focus,Weapon,Basic,,2012-09-22T22:33:57Z,Core Tyria & non-expansion releases
4657,Ebon Vanguard Shield,Weapon,Basic,,2012-09-22T22:34:18Z,Core Tyria & non-expansion releases
4637,Ebon Vanguard Torch,Weapon,Basic,,2012-09-22T22:34:32Z,Core Tyria & non-expansion releases
4589,Ebon Vanguard Warhorn,Weapon,Basic,,2012-09-22T22:35:44Z,Core Tyria & non-expansion releases
730,Flame Legion Mask,Armor,Basic,Light,2012-09-23T00:43:06Z,Core Tyria & non-expansion releases
727,Flame Legion Epaulets,Armor,Basic,Light,2012-09-23T01:15:32Z,Core Tyria & non-expansion releases
726,Flame Legion Vestments,Armor,Basic,Light,2012-09-23T01:34:47Z,Core Tyria & non-expansion releases
1421,Whisper's Secret Cowl,Armor,Basic,Light,2012-09-23T12:41:09Z,Core Tyria & non-expansion releases
1419,Whisper's Secret Robes,Armor,Basic,Light,2012-09-23T12:47:04Z,Core Tyria & non-expansion releases
1427,Whisper's Secret Footwear,Armor,Basic,Light,2012-09-23T12:52:04Z,Core Tyria & non-expansion releases
1424,Whisper's Secret Hood,Armor,Basic,Medium,2012-09-23T12:53:48Z,Core Tyria & non-expansion releases
1413,Whisper's Secret Shoulderguards,Armor,Basic,Medium,2012-09-23T12:55:15Z,Core Tyria & non-expansion releases
1422,Whisper's Secret Longvest,Armor,Basic,Medium,2012-09-23T12:56:50Z,Core Tyria & non-expansion releases
1428,Whisper's Secret Boots,Armor,Basic,Medium,2012-09-23T12:59:42Z,Core Tyria & non-expansion releases
1417,Whisper's Secret Helmet,Armor,Basic,Heavy,2012-09-23T13:00:59Z,Core Tyria & non-expansion releases
1412,Whisper's Secret Pauldrons,Armor,Basic,Heavy,2012-09-23T13:02:19Z,Core Tyria & non-expansion releases
1416,Whisper's Secret Breastplate,Armor,Basic,Heavy,2012-09-23T13:03:10Z,Core Tyria & non-expansion releases
1415,Whisper's Secret Gauntlets,Armor,Basic,Heavy,2012-09-23T13:04:11Z,Core Tyria & non-expansion releases
1414,Whisper's Secret Tassets,Armor,Basic,Heavy,2012-09-23T13:05:18Z,Core Tyria & non-expansion releases
1426,Whisper's Secret Greaves,Armor,Basic,Heavy,2012-09-23T13:06:10Z,Core Tyria & non-expansion releases
125,Splint Coat,Armor,Basic,Heavy,2012-09-23T16:14:11Z,Core Tyria & non-expansion releases
242,Splint Gauntlets,Armor,Basic,Heavy,2012-09-23T16:22:12Z,Core Tyria & non-expansion releases
126,Splint Legs,Armor,Basic,Heavy,2012-09-23T16:31:42Z,Core Tyria & non-expansion releases
134,Splint Greaves,Armor,Basic,Heavy,2012-09-23T16:35:12Z,Core Tyria & non-expansion releases
149,Tempered Scale Helm,Armor,Basic,Heavy,2012-09-23T18:14:40Z,Core Tyria & non-expansion releases
137,Tempered Scale Pauldrons,Armor,Basic,Heavy,2012-09-23T18:17:10Z,Core Tyria & non-expansion releases
129,Tempered Scale Chestplate,Armor,Basic,Heavy,2012-09-23T18:21:39Z,Core Tyria & non-expansion releases
130,Tempered Scale Legs,Armor,Basic,Heavy,2012-09-23T18:23:56Z,Core Tyria & non-expansion releases
244,Tempered Scale Gauntlets,Armor,Basic,Heavy,2012-09-23T18:30:04Z,Core Tyria & non-expansion releases
139,Tempered Scale Greaves,Armor,Basic,Heavy,2012-09-23T18:32:17Z,Core Tyria & non-expansion releases
4731,Vision of the Mists,Weapon,Basic,,2012-09-24T16:41:25Z,Core Tyria & non-expansion releases
173,Acolyte Mask,Armor,Basic,Light,2012-09-25T13:18:48Z,Core Tyria & non-expansion releases
733,Flame Legion Shoulders,Armor,Basic,Medium,2012-09-25T16:31:15Z,Core Tyria & non-expansion releases
5193,Zweihänder,Weapon,Basic,,2012-09-26T00:54:04Z,Core Tyria & non-expansion releases
4548,Guild Shield,Weapon,Basic,,2012-09-26T20:26:37Z,Core Tyria & non-expansion releases
4849,Kryta's Salvation,Weapon,Basic,,2012-09-27T02:34:09Z,Core Tyria & non-expansion releases
3984,Corrupted Shard,Weapon,Basic,,2012-09-27T03:04:32Z,Core Tyria & non-expansion releases
4074,Pearl Reaver,Weapon,Basic,,2012-09-27T17:28:56Z,Core Tyria & non-expansion releases
734,Flame Legion Boots,Armor,Basic,Medium,2012-09-28T00:55:11Z,Core Tyria & non-expansion releases
4764,Deathwish,Weapon,Basic,,2012-09-28T14:55:03Z,Core Tyria & non-expansion releases
4722,Emberspire,Weapon,Basic,,2012-09-28T15:17:38Z,Core Tyria & non-expansion releases
4728,Delusion,Weapon,Basic,,2012-09-28T15:42:30Z,Core Tyria & non-expansion releases
4890,Imryldyeen,Weapon,Basic,,2012-09-28T19:02:49Z,Core Tyria & non-expansion releases
722,Flame Legion Pauldrons,Armor,Basic,Heavy,2012-09-28T23:52:02Z,Core Tyria & non-expansion releases
721,Flame Legion Breastplate,Armor,Basic,Heavy,2012-09-29T00:01:59Z,Core Tyria & non-expansion releases
737,Flame Legion Gauntlets,Armor,Basic,Heavy,2012-09-29T00:07:19Z,Core Tyria & non-expansion releases
720,Flame Legion Legguards,Armor,Basic,Heavy,2012-09-29T00:13:41Z,Core Tyria & non-expansion releases
5322,Mystic Trident,Weapon,Basic,,2012-09-29T04:32:09Z,Core Tyria & non-expansion releases
5337,Mystic Rifle,Weapon,Basic,,2012-09-30T08:07:15Z,Core Tyria & non-expansion releases
5180,Flame Greatsword,Weapon,Basic,,2012-09-30T16:12:21Z,Core Tyria & non-expansion releases
4264,Warden Sword,Weapon,Basic,,2012-09-30T17:23:08Z,Core Tyria & non-expansion releases
4705,Whisperblade,Weapon,Basic,,2012-09-30T17:23:45Z,Core Tyria & non-expansion releases
5201,Glyphic Longbow,Weapon,Basic,,2012-09-30T19:22:20Z,Core Tyria & non-expansion releases
5242,Mystic Barricade,Weapon,Basic,,2012-09-30T23:48:57Z,Core Tyria & non-expansion releases
4903,Icy Dragon Sword,Weapon,Basic,,2012-10-01T03:47:43Z,Core Tyria & non-expansion releases
4097,Pearl Carver,Weapon,Basic,,2012-10-01T10:50:58Z,Core Tyria & non-expansion releases
4112,Pearl Sabre,Weapon,Basic,,2012-10-01T10:51:53Z,Core Tyria & non-expansion releases
4109,Pearl Crusher,Weapon,Basic,,2012-10-01T10:53:31Z,Core Tyria & non-expansion releases
4075,Pearl Bludgeoner,Weapon,Basic,,2012-10-01T10:53:57Z,Core Tyria & non-expansion releases
4086,Pearl Impaler,Weapon,Basic,,2012-10-01T10:54:35Z,Core Tyria & non-expansion releases
4098,Pearl Shell,Weapon,Basic,,2012-10-01T10:55:19Z,Core Tyria & non-expansion releases
4816,Anura,Weapon,Basic,,2012-10-01T23:54:42Z,Core Tyria & non-expansion releases
3896,Godskull Sickle,Weapon,Basic,,2012-10-02T23:02:12Z,Core Tyria & non-expansion releases
3940,Godskull Kris,Weapon,Basic,,2012-10-02T23:08:50Z,Core Tyria & non-expansion releases
3980,Godskull Crusher,Weapon,Basic,,2012-10-02T23:13:36Z,Core Tyria & non-expansion releases
3901,Godskull Warclub,Weapon,Basic,,2012-10-02T23:19:09Z,Core Tyria & non-expansion releases
3935,Godskull Targe,Weapon,Basic,,2012-10-02T23:22:34Z,Core Tyria & non-expansion releases
3923,Godskull Impaler,Weapon,Basic,,2012-10-02T23:25:37Z,Core Tyria & non-expansion releases
3983,Godskull Edge,Weapon,Basic,,2012-10-02T23:27:59Z,Core Tyria & non-expansion releases
4834,Ambrosia,Weapon,Basic,,2012-10-03T18:45:56Z,Core Tyria & non-expansion releases
4689,Dreadwing,Weapon,Basic,,2012-10-03T22:25:22Z,Core Tyria & non-expansion releases
4700,Faithful,Weapon,Basic,,2012-10-03T22:36:37Z,Core Tyria & non-expansion releases
4815,Jaws of Death,Weapon,Basic,,2012-10-03T22:38:59Z,Core Tyria & non-expansion releases
4808,Knot of Justice,Weapon,Basic,,2012-10-03T22:41:08Z,Core Tyria & non-expansion releases
4818,Labrys,Weapon,Basic,,2012-10-03T22:42:24Z,Core Tyria & non-expansion releases
4825,Maw of the Damned,Weapon,Basic,,2012-10-03T22:44:11Z,Core Tyria & non-expansion releases
4821,Ophidian,Weapon,Basic,,2012-10-03T22:50:10Z,Core Tyria & non-expansion releases
4867,Breath of Flame,Weapon,Basic,,2012-10-03T22:52:07Z,Core Tyria & non-expansion releases
4811,Razorstone,Weapon,Basic,,2012-10-03T22:52:57Z,Core Tyria & non-expansion releases
4709,Reaver of the Mists,Weapon,Basic,,2012-10-03T22:54:51Z,Core Tyria & non-expansion releases
4892,Claws of the Desert,Weapon,Basic,,2012-10-03T23:22:51Z,Core Tyria & non-expansion releases
4891,Glimmerfang,Weapon,Basic,,2012-10-03T23:29:56Z,Core Tyria & non-expansion releases
4896,Jormag's Needle,Weapon,Basic,,2012-10-03T23:31:38Z,Core Tyria & non-expansion releases
4878,Kenshi's Wing,Weapon,Basic,,2012-10-03T23:34:57Z,Core Tyria & non-expansion releases
4875,Malefacterym,Weapon,Basic,,2012-10-03T23:36:18Z,Core Tyria & non-expansion releases
4889,Moonshank,Weapon,Basic,,2012-10-03T23:42:46Z,Core Tyria & non-expansion releases
4877,Soulshard,Weapon,Basic,,2012-10-03T23:44:08Z,Core Tyria & non-expansion releases
4751,Usoku's Needle,Weapon,Basic,,2012-10-03T23:45:37Z,Core Tyria & non-expansion releases
4802,Adam,Weapon,Basic,,2012-10-04T00:00:36Z,Core Tyria & non-expansion releases
4814,Arcanus Obscurus,Weapon,Basic,,2012-10-04T00:10:04Z,Core Tyria & non-expansion releases
4711,Bloodseeker,Weapon,Basic,,2012-10-04T00:12:32Z,Core Tyria & non-expansion releases
4800,Chalice of the Gods,Weapon,Basic,,2012-10-04T00:14:24Z,Core Tyria & non-expansion releases
4759,Infinite Wisdom,Weapon,Basic,,2012-10-04T00:19:27Z,Core Tyria & non-expansion releases
4752,Mojo,Weapon,Basic,,2012-10-04T00:20:53Z,Core Tyria & non-expansion releases
5346,Mystic Artifact,Weapon,Basic,,2012-10-04T00:24:59Z,Core Tyria & non-expansion releases
4871,Spirit Links,Weapon,Basic,,2012-10-04T00:29:35Z,Core Tyria & non-expansion releases
4857,The Anomaly,Weapon,Basic,,2012-10-04T00:38:25Z,Core Tyria & non-expansion releases
4809,X7-10 Alpha,Weapon,Basic,,2012-10-04T00:42:08Z,Core Tyria & non-expansion releases
4708,Silence,Weapon,Basic,,2012-10-04T00:57:35Z,Core Tyria & non-expansion releases
4850,"Khrysaor, the Golden Sword",Weapon,Basic,,2012-10-04T01:25:04Z,Core Tyria & non-expansion releases
4879,Ironfist,Weapon,Basic,,2012-10-04T01:41:28Z,Core Tyria & non-expansion releases
4838,Magmaton,Weapon,Basic,,2012-10-04T01:45:24Z,Core Tyria & non-expansion releases
4881,Remnant of Ascalon,Weapon,Basic,,2012-10-04T01:49:58Z,Core Tyria & non-expansion releases
4880,The Briny Deep,Weapon,Basic,,2012-10-04T01:54:17Z,Core Tyria & non-expansion releases
4820,The Punisher,Weapon,Basic,,2012-10-04T01:58:07Z,Core Tyria & non-expansion releases
4817,The Ugly Stick,Weapon,Basic,,2012-10-04T02:00:09Z,Core Tyria & non-expansion releases
4740,Drakestrike,Weapon,Basic,,2012-10-04T02:16:08Z,Core Tyria & non-expansion releases
4743,Flamebelcher,Weapon,Basic,,2012-10-04T02:18:24Z,Core Tyria & non-expansion releases
5313,Mystic Speargun,Weapon,Basic,,2012-10-04T02:28:34Z,Core Tyria & non-expansion releases
4735,The Stingray,Weapon,Basic,,2012-10-04T02:34:16Z,Core Tyria & non-expansion releases
4697,Bow of the White Hart,Weapon,Basic,,2012-10-04T02:59:38Z,Core Tyria & non-expansion releases
4777,Droknar's Recurve Bow,Weapon,Basic,,2012-10-04T03:00:43Z,Core Tyria & non-expansion releases
4779,Éibhear Dunn,Weapon,Basic,,2012-10-04T03:01:51Z,Core Tyria & non-expansion releases
4703,Eir's Longbow,Weapon,Basic,,2012-10-04T03:02:48Z,Core Tyria & non-expansion releases
4826,Final Curse,Weapon,Basic,,2012-10-04T03:04:10Z,Core Tyria & non-expansion releases
4830,Ganadriva,Weapon,Basic,,2012-10-04T03:09:27Z,Core Tyria & non-expansion releases
4691,Droknar's Forgehammer,Weapon,Basic,,2012-10-04T03:17:28Z,Core Tyria & non-expansion releases
4768,Fixer Upper,Weapon,Basic,,2012-10-04T03:19:25Z,Core Tyria & non-expansion releases
4801,Kevin,Weapon,Basic,,2012-10-04T03:24:59Z,Core Tyria & non-expansion releases
4807,Moonshine,Weapon,Basic,,2012-10-04T03:29:42Z,Core Tyria & non-expansion releases
4942,Whisper's Secret Dagger,Weapon,Basic,,2012-10-04T15:00:07Z,Core Tyria & non-expansion releases
4924,Whisper's Secret Pistol,Weapon,Basic,,2012-10-04T15:01:03Z,Core Tyria & non-expansion releases
4907,Whisper's Secret Sword,Weapon,Basic,,2012-10-04T15:01:59Z,Core Tyria & non-expansion releases
4966,Whisper's Secret Shield,Weapon,Basic,,2012-10-04T15:03:19Z,Core Tyria & non-expansion releases
4935,Whisper's Secret Torch,Weapon,Basic,,2012-10-04T15:04:10Z,Core Tyria & non-expansion releases
4939,Whisper's Secret Warhorn,Weapon,Basic,,2012-10-04T15:05:03Z,Core Tyria & non-expansion releases
4931,Whisper's Secret Greatsword,Weapon,Basic,,2012-10-04T15:06:56Z,Core Tyria & non-expansion releases
4941,Whisper's Secret Hammer,Weapon,Basic,,2012-10-04T15:07:48Z,Core Tyria & non-expansion releases
4962,Whisper's Secret Longbow,Weapon,Basic,,2012-10-04T15:09:02Z,Core Tyria & non-expansion releases
4958,Whisper's Secret Short Bow,Weapon,Basic,,2012-10-04T15:22:36Z,Core Tyria & non-expansion releases
4933,Whisper's Secret Harpoon,Weapon,Basic,,2012-10-04T15:25:17Z,Core Tyria & non-expansion releases
4923,Whisper's Secret Speargun,Weapon,Basic,,2012-10-04T15:26:59Z,Core Tyria & non-expansion releases
4918,Whisper's Secret Trident,Weapon,Basic,,2012-10-04T15:28:11Z,Core Tyria & non-expansion releases
4707,Kryta's Embrace,Weapon,Basic,,2012-10-04T20:51:33Z,Core Tyria & non-expansion releases
4798,Handheld Disaster,Weapon,Basic,,2012-10-04T21:25:56Z,Core Tyria & non-expansion releases
4757,Master Blaster,Weapon,Basic,,2012-10-04T21:27:06Z,Core Tyria & non-expansion releases
4704,Ruinmaker,Weapon,Basic,,2012-10-04T21:28:42Z,Core Tyria & non-expansion releases
4831,Azure Railgun,Weapon,Basic,,2012-10-04T21:35:33Z,Core Tyria & non-expansion releases
4841,Sarraceniaceae,Weapon,Basic,,2012-10-04T21:39:14Z,Core Tyria & non-expansion releases
4836,Spectral Wave Modulator,Weapon,Basic,,2012-10-04T21:40:15Z,Core Tyria & non-expansion releases
4829,Coldsnap,Weapon,Basic,,2012-10-04T22:00:04Z,Core Tyria & non-expansion releases
4687,Emberglow,Weapon,Basic,,2012-10-04T22:08:13Z,Core Tyria & non-expansion releases
4773,Hypnotic Scepter,Weapon,Basic,,2012-10-04T22:12:21Z,Core Tyria & non-expansion releases
4769,Oikoumene,Weapon,Basic,,2012-10-04T22:13:42Z,Core Tyria & non-expansion releases
4727,Eidolon,Weapon,Basic,,2012-10-04T22:19:56Z,Core Tyria & non-expansion releases
4832,Grimward,Weapon,Basic,,2012-10-04T22:21:03Z,Core Tyria & non-expansion releases
4702,Guardian of the Six,Weapon,Basic,,2012-10-04T22:23:15Z,Core Tyria & non-expansion releases
4699,Jora's Defender,Weapon,Basic,,2012-10-04T22:27:37Z,Core Tyria & non-expansion releases
4776,Shield of the Moon,Weapon,Basic,,2012-10-04T22:37:35Z,Core Tyria & non-expansion releases
4824,Shield of the Wing,Weapon,Basic,,2012-10-04T22:39:25Z,Core Tyria & non-expansion releases
4860,Wall of the Mists,Weapon,Basic,,2012-10-04T22:40:26Z,Core Tyria & non-expansion releases
4725,Avirdanag,Weapon,Basic,,2012-10-04T22:52:13Z,Core Tyria & non-expansion releases
4775,Bow of the Pale Stag,Weapon,Basic,,2012-10-04T22:53:43Z,Core Tyria & non-expansion releases
4785,Droknar's Short Bow,Weapon,Basic,,2012-10-04T23:07:30Z,Core Tyria & non-expansion releases
4772,Éibhear Finn,Weapon,Basic,,2012-10-04T23:09:13Z,Core Tyria & non-expansion releases
4780,Eir's Short Bow,Weapon,Basic,,2012-10-04T23:10:22Z,Core Tyria & non-expansion releases
4778,Trosa's Short Bow,Weapon,Basic,,2012-10-04T23:14:15Z,Core Tyria & non-expansion releases
4789,Al'ir'aska,Weapon,Basic,,2012-10-05T01:58:58Z,Core Tyria & non-expansion releases
4770,Dragonfury,Weapon,Basic,,2012-10-05T02:00:18Z,Core Tyria & non-expansion releases
4783,Dragonspine,Weapon,Basic,,2012-10-05T02:01:59Z,Core Tyria & non-expansion releases
5335,Mystic Spear,Weapon,Basic,,2012-10-05T02:15:06Z,Core Tyria & non-expansion releases
4791,Nitro,Weapon,Basic,,2012-10-05T02:16:41Z,Core Tyria & non-expansion releases
4786,Spade of the Deep,Weapon,Basic,,2012-10-05T02:19:19Z,Core Tyria & non-expansion releases
5083,Verdant Greatsword,Weapon,Basic,,2012-10-05T02:47:21Z,Core Tyria & non-expansion releases
4894,Memory of the Sky,Weapon,Basic,,2012-10-05T03:02:14Z,Core Tyria & non-expansion releases
5314,Mystic Torch,Weapon,Basic,,2012-10-05T19:13:01Z,Core Tyria & non-expansion releases
4782,Ak-Muhl's Jaw,Weapon,Basic,,2012-10-06T01:48:38Z,Core Tyria & non-expansion releases
4761,Alderune's Last Stand,Weapon,Basic,,2012-10-06T02:06:00Z,Core Tyria & non-expansion releases
4804,Crystalline Blade,Weapon,Basic,,2012-10-06T02:09:29Z,Core Tyria & non-expansion releases
4902,Firebringer,Weapon,Basic,,2012-10-06T02:12:00Z,Core Tyria & non-expansion releases
4710,Resonator,Weapon,Basic,,2012-10-06T02:19:31Z,Core Tyria & non-expansion releases
4738,Stygian Blade,Weapon,Basic,,2012-10-06T02:20:56Z,Core Tyria & non-expansion releases
4716,Twin Sisters,Weapon,Basic,,2012-10-06T02:21:56Z,Core Tyria & non-expansion releases
4900,Winged Spatha,Weapon,Basic,,2012-10-06T02:24:34Z,Core Tyria & non-expansion releases
4741,Firelighter,Weapon,Basic,,2012-10-06T02:39:42Z,Core Tyria & non-expansion releases
4748,Peasant's Solution,Weapon,Basic,,2012-10-06T02:59:36Z,Core Tyria & non-expansion releases
4747,The Maelstrom,Weapon,Basic,,2012-10-06T03:04:33Z,Core Tyria & non-expansion releases
4758,Kodanroar,Weapon,Basic,,2012-10-06T03:11:58Z,Core Tyria & non-expansion releases
4755,The Hunt,Weapon,Basic,,2012-10-06T03:19:02Z,Core Tyria & non-expansion releases
6702,The Hunt,Weapon,Basic,,2012-10-06T03:19:02Z,Core Tyria & non-expansion releases
4750,Tinwail,Weapon,Basic,,2012-10-06T03:20:01Z,Core Tyria & non-expansion releases
4724,Windstorm,Weapon,Basic,,2012-10-06T03:20:52Z,Core Tyria & non-expansion releases
3978,Pearl Conch,Weapon,Basic,,2012-10-06T04:03:10Z,Core Tyria & non-expansion releases
5151,Glyphic Short Bow,Weapon,Basic,,2012-10-06T18:17:17Z,Core Tyria & non-expansion releases
4118,Beaded Warstaff,Weapon,Basic,,2012-10-06T21:38:32Z,Core Tyria & non-expansion releases
4799,Song of the Numberless Pack,Weapon,Basic,,2012-10-07T13:00:11Z,Core Tyria & non-expansion releases
4899,Melandru's Gaze,Weapon,Basic,,2012-10-08T19:56:25Z,Core Tyria & non-expansion releases
4861,Titans' Vengeance,Weapon,Basic,,2012-10-08T20:03:35Z,Core Tyria & non-expansion releases
4729,Reaper of Souls,Weapon,Basic,,2012-10-08T20:06:18Z,Core Tyria & non-expansion releases
4868,Goblet of Kings,Weapon,Basic,,2012-10-08T20:07:40Z,Core Tyria & non-expansion releases
4837,Seasatchel,Weapon,Basic,,2012-10-08T20:10:13Z,Core Tyria & non-expansion releases
4883,Foefire's Essence,Weapon,Basic,,2012-10-08T20:12:19Z,Core Tyria & non-expansion releases
4882,Volcanus,Weapon,Basic,,2012-10-08T20:15:37Z,Core Tyria & non-expansion releases
4859,Wintersbite,Weapon,Basic,,2012-10-08T20:22:06Z,Core Tyria & non-expansion releases
4823,Wintersbark,Weapon,Basic,,2012-10-08T20:23:21Z,Core Tyria & non-expansion releases
235,Barbaric Helm,Armor,Basic,Heavy,2012-10-08T21:23:07Z,Core Tyria & non-expansion releases
206,Barbaric Pauldrons,Armor,Basic,Heavy,2012-10-08T21:37:43Z,Core Tyria & non-expansion releases
199,Barbaric Coat,Armor,Basic,Heavy,2012-10-08T21:40:11Z,Core Tyria & non-expansion releases
245,Barbaric Gloves,Armor,Basic,Heavy,2012-10-08T21:42:32Z,Core Tyria & non-expansion releases
197,Barbaric Legplates,Armor,Basic,Heavy,2012-10-08T21:44:49Z,Core Tyria & non-expansion releases
232,Barbaric Boots,Armor,Basic,Heavy,2012-10-08T21:46:25Z,Core Tyria & non-expansion releases
5227,Flame Staff,Weapon,Basic,,2012-10-09T01:42:44Z,Core Tyria & non-expansion releases
4763,Immobulus,Weapon,Basic,,2012-10-09T03:47:11Z,Core Tyria & non-expansion releases
4474,Nightmare Mace,Weapon,Basic,,2012-10-10T10:06:19Z,Core Tyria & non-expansion releases
4512,Nightmare Hammer,Weapon,Basic,,2012-10-10T10:09:25Z,Core Tyria & non-expansion releases
4490,Nightmare Harpoon,Weapon,Basic,,2012-10-10T10:11:23Z,Core Tyria & non-expansion releases
4446,Nightmare Longbow,Weapon,Basic,,2012-10-10T10:18:57Z,Core Tyria & non-expansion releases
4496,Nightmare Rifle,Weapon,Basic,,2012-10-10T10:20:57Z,Core Tyria & non-expansion releases
4456,Nightmare Pistol,Weapon,Basic,,2012-10-10T10:24:45Z,Core Tyria & non-expansion releases
4465,Nightmare Scepter,Weapon,Basic,,2012-10-10T10:27:28Z,Core Tyria & non-expansion releases
4505,Nightmare Shield,Weapon,Basic,,2012-10-10T10:29:05Z,Core Tyria & non-expansion releases
4538,Nightmare Sword,Weapon,Basic,,2012-10-10T10:42:49Z,Core Tyria & non-expansion releases
4380,Nightmare Torch,Weapon,Basic,,2012-10-10T10:44:41Z,Core Tyria & non-expansion releases
4399,Nightmare Warhorn,Weapon,Basic,,2012-10-10T10:46:34Z,Core Tyria & non-expansion releases
4383,Nightmare Short Bow,Weapon,Basic,,2012-10-10T10:48:29Z,Core Tyria & non-expansion releases
4529,Nightmare Staff,Weapon,Basic,,2012-10-10T10:56:40Z,Core Tyria & non-expansion releases
4415,Nightmare Trident,Weapon,Basic,,2012-10-10T10:58:22Z,Core Tyria & non-expansion releases
3944,Beaded Bastion,Weapon,Basic,,2012-10-10T11:31:06Z,Core Tyria & non-expansion releases
4021,Beaded Caller,Weapon,Basic,,2012-10-10T11:46:18Z,Core Tyria & non-expansion releases
3947,Beaded Claymore,Weapon,Basic,,2012-10-10T11:48:59Z,Core Tyria & non-expansion releases
4003,Beaded Crusher,Weapon,Basic,,2012-10-10T11:55:36Z,Core Tyria & non-expansion releases
4056,Beaded Firearm,Weapon,Basic,,2012-10-10T12:00:18Z,Core Tyria & non-expansion releases
3904,Beaded Greataxe,Weapon,Basic,,2012-10-10T12:06:21Z,Core Tyria & non-expansion releases
4044,Beaded Harpoon Shooter,Weapon,Basic,,2012-10-10T12:11:47Z,Core Tyria & non-expansion releases
4011,Beaded Icon,Weapon,Basic,,2012-10-10T12:15:20Z,Core Tyria & non-expansion releases
3997,Beaded Lacerator,Weapon,Basic,,2012-10-10T12:17:13Z,Core Tyria & non-expansion releases
3938,Beaded Lancea,Weapon,Basic,,2012-10-10T12:18:02Z,Core Tyria & non-expansion releases
3910,Beaded Morning Star,Weapon,Basic,,2012-10-10T12:18:45Z,Core Tyria & non-expansion releases
4030,Beaded Needler,Weapon,Basic,,2012-10-10T12:21:15Z,Core Tyria & non-expansion releases
4119,Beaded Shooter,Weapon,Basic,,2012-10-10T12:22:37Z,Core Tyria & non-expansion releases
3951,Beaded Spike,Weapon,Basic,,2012-10-10T12:23:42Z,Core Tyria & non-expansion releases
4050,Beaded Stinger,Weapon,Basic,,2012-10-10T12:24:13Z,Core Tyria & non-expansion releases
3996,Beaded Torch,Weapon,Basic,,2012-10-10T12:24:54Z,Core Tyria & non-expansion releases
4031,Beaded Trident,Weapon,Basic,,2012-10-10T12:25:38Z,Core Tyria & non-expansion releases
4032,Beaded Wand,Weapon,Basic,,2012-10-10T12:28:38Z,Core Tyria & non-expansion releases
3986,Bandit Cleaver,Weapon,Basic,,2012-10-11T02:15:01Z,Core Tyria & non-expansion releases
4029,Bandit Shiv,Weapon,Basic,,2012-10-11T02:41:04Z,Core Tyria & non-expansion releases
4020,Bandit Sunderer,Weapon,Basic,,2012-10-11T02:51:54Z,Core Tyria & non-expansion releases
4066,Bandit Demolisher,Weapon,Basic,,2012-10-11T03:01:22Z,Core Tyria & non-expansion releases
4070,Bandit Slicer,Weapon,Basic,,2012-10-11T03:06:49Z,Core Tyria & non-expansion releases
3979,Bandit Mallet,Weapon,Basic,,2012-10-11T03:09:20Z,Core Tyria & non-expansion releases
4018,Bandit Spear,Weapon,Basic,,2012-10-11T03:12:15Z,Core Tyria & non-expansion releases
4023,Bandit Ward,Weapon,Basic,,2012-10-11T03:15:39Z,Core Tyria & non-expansion releases
3909,Bandit Baton,Weapon,Basic,,2012-10-11T04:04:14Z,Core Tyria & non-expansion releases
3948,Bandit Revolver,Weapon,Basic,,2012-10-11T04:10:44Z,Core Tyria & non-expansion releases
3903,Bandit Focus,Weapon,Basic,,2012-10-11T04:16:26Z,Core Tyria & non-expansion releases
3920,Bandit Bugle,Weapon,Basic,,2012-10-11T08:31:12Z,Core Tyria & non-expansion releases
3894,Bandit Torch,Weapon,Basic,,2012-10-11T08:51:45Z,Core Tyria & non-expansion releases
3949,Bandit Longbow,Weapon,Basic,,2012-10-11T08:57:27Z,Core Tyria & non-expansion releases
3926,Bandit Short Bow,Weapon,Basic,,2012-10-11T09:02:20Z,Core Tyria & non-expansion releases
4096,Bandit Musket,Weapon,Basic,,2012-10-11T09:08:37Z,Core Tyria & non-expansion releases
4077,Bandit Spire,Weapon,Basic,,2012-10-11T09:17:17Z,Core Tyria & non-expansion releases
3931,Bandit Harpoon Gun,Weapon,Basic,,2012-10-11T09:29:17Z,Core Tyria & non-expansion releases
3905,Bandit Trident,Weapon,Basic,,2012-10-11T09:35:16Z,Core Tyria & non-expansion releases
4017,Krait Recurve Bow,Weapon,Basic,,2012-10-11T10:10:52Z,Core Tyria & non-expansion releases
4605,Lionguard Pistol,Weapon,Basic,,2012-10-13T17:09:12Z,Core Tyria & non-expansion releases
4858,Lidless Eye,Weapon,Basic,,2012-10-13T17:30:00Z,Core Tyria & non-expansion releases
4760,Honor of Humanity,Weapon,Basic,,2012-10-13T21:14:37Z,Core Tyria & non-expansion releases
5697,Steel Rifle,Weapon,Basic,,2012-10-14T11:40:16Z,Core Tyria & non-expansion releases
4045,Pearl Stinger,Weapon,Basic,,2012-10-15T08:13:23Z,Core Tyria & non-expansion releases
3952,Pearl Needler,Weapon,Basic,,2012-10-15T08:24:30Z,Core Tyria & non-expansion releases
4117,Pearl Blunderbuss,Weapon,Basic,,2012-10-15T08:32:05Z,Core Tyria & non-expansion releases
4113,Pearl Quarterstaff,Weapon,Basic,,2012-10-15T08:39:53Z,Core Tyria & non-expansion releases
3976,Pearl Handcannon,Weapon,Basic,,2012-10-15T09:07:38Z,Core Tyria & non-expansion releases
3995,Pearl Rod,Weapon,Basic,,2012-10-15T09:18:54Z,Core Tyria & non-expansion releases
3955,Pearl Siren,Weapon,Basic,,2012-10-15T09:36:19Z,Core Tyria & non-expansion releases
3975,Pearl Brazier,Weapon,Basic,,2012-10-15T09:44:19Z,Core Tyria & non-expansion releases
3939,Pearl Trident,Weapon,Basic,,2012-10-15T15:37:24Z,Core Tyria & non-expansion releases
3967,Pearl Speargun,Weapon,Basic,,2012-10-15T15:51:48Z,Core Tyria & non-expansion releases
1398,Vigil's Honor Helmet,Armor,Basic,Heavy,2012-10-16T03:16:55Z,Core Tyria & non-expansion releases
1394,Vigil's Honor Pauldrons,Armor,Basic,Heavy,2012-10-16T03:19:13Z,Core Tyria & non-expansion releases
1397,Vigil's Honor Breastplate,Armor,Basic,Heavy,2012-10-16T03:27:08Z,Core Tyria & non-expansion releases
1400,Vigil's Honor Gauntlets,Armor,Basic,Heavy,2012-10-16T03:29:42Z,Core Tyria & non-expansion releases
1399,Vigil's Honor Tassets,Armor,Basic,Heavy,2012-10-16T03:30:39Z,Core Tyria & non-expansion releases
1409,Vigil's Honor Greaves,Armor,Basic,Heavy,2012-10-16T03:31:12Z,Core Tyria & non-expansion releases
4819,Aether,Weapon,Basic,,2012-10-17T20:19:41Z,Core Tyria & non-expansion releases
4337,Warden Greatsword,Weapon,Basic,,2012-10-18T02:30:08Z,Core Tyria & non-expansion releases
4656,Lionguard Axe,Weapon,Basic,,2012-10-18T04:40:33Z,Core Tyria & non-expansion releases
4663,Lionguard Dagger,Weapon,Basic,,2012-10-18T05:07:54Z,Core Tyria & non-expansion releases
4619,Lionguard Mace,Weapon,Basic,,2012-10-18T05:09:47Z,Core Tyria & non-expansion releases
4602,Lionguard Scepter,Weapon,Basic,,2012-10-18T05:12:35Z,Core Tyria & non-expansion releases
4611,Lionguard Sword,Weapon,Basic,,2012-10-18T05:25:10Z,Core Tyria & non-expansion releases
4601,Lionguard Gizmo,Weapon,Basic,,2012-10-18T15:56:45Z,Core Tyria & non-expansion releases
4622,Lionguard Shield,Weapon,Basic,,2012-10-18T16:02:06Z,Core Tyria & non-expansion releases
4635,Lionguard Brand,Weapon,Basic,,2012-10-18T16:03:40Z,Core Tyria & non-expansion releases
4609,Lionguard Greatsword,Weapon,Basic,,2012-10-18T16:12:41Z,Core Tyria & non-expansion releases
4627,Lionguard Hammer,Weapon,Basic,,2012-10-18T16:14:26Z,Core Tyria & non-expansion releases
4614,Lionguard Bow,Weapon,Basic,,2012-10-18T16:16:12Z,Core Tyria & non-expansion releases
4646,Lionguard Short Bow,Weapon,Basic,,2012-10-18T16:18:12Z,Core Tyria & non-expansion releases
4628,Lionguard Staff,Weapon,Basic,,2012-10-18T16:19:39Z,Core Tyria & non-expansion releases
4636,Lionguard Cannon,Weapon,Basic,,2012-10-18T16:21:00Z,Core Tyria & non-expansion releases
4650,Lionguard Spear,Weapon,Basic,,2012-10-18T16:21:54Z,Core Tyria & non-expansion releases
4639,Lionguard Trident,Weapon,Basic,,2012-10-18T16:22:13Z,Core Tyria & non-expansion releases
4593,Lionguard Warhorn,Weapon,Basic,,2012-10-18T16:24:48Z,Core Tyria & non-expansion releases
4926,Vigil's Honor Axe,Weapon,Basic,,2012-10-18T17:02:20Z,Core Tyria & non-expansion releases
4981,Vigil's Honor Dagger,Weapon,Basic,,2012-10-18T17:14:13Z,Core Tyria & non-expansion releases
4967,Vigil's Honor Mace,Weapon,Basic,,2012-10-18T18:45:51Z,Core Tyria & non-expansion releases
4917,Vigil's Honor Pistol,Weapon,Basic,,2012-10-18T18:49:07Z,Core Tyria & non-expansion releases
4914,Vigil's Honor Scepter,Weapon,Basic,,2012-10-18T18:54:12Z,Core Tyria & non-expansion releases
4946,Vigil's Honor Sword,Weapon,Basic,,2012-10-18T18:54:35Z,Core Tyria & non-expansion releases
4915,Vigil's Honor Focus,Weapon,Basic,,2012-10-18T18:55:02Z,Core Tyria & non-expansion releases
4934,Vigil's Honor Shield,Weapon,Basic,,2012-10-18T18:56:23Z,Core Tyria & non-expansion releases
4957,Vigil's Honor Torch,Weapon,Basic,,2012-10-18T18:56:46Z,Core Tyria & non-expansion releases
4910,Vigil's Honor Warhorn,Weapon,Basic,,2012-10-18T18:58:34Z,Core Tyria & non-expansion releases
4928,Vigil's Honor Greatsword,Weapon,Basic,,2012-10-18T18:59:29Z,Core Tyria & non-expansion releases
4947,Vigil's Honor Hammer,Weapon,Basic,,2012-10-18T19:00:23Z,Core Tyria & non-expansion releases
4925,Vigil's Honor Longbow,Weapon,Basic,,2012-10-18T19:00:43Z,Core Tyria & non-expansion releases
4936,Vigil's Honor Rifle,Weapon,Basic,,2012-10-18T19:01:00Z,Core Tyria & non-expansion releases
4965,Vigil's Honor Short Bow,Weapon,Basic,,2012-10-18T19:01:27Z,Core Tyria & non-expansion releases
4943,Vigil's Honor Staff,Weapon,Basic,,2012-10-18T19:01:59Z,Core Tyria & non-expansion releases
4930,Vigil's Honor Harpoon,Weapon,Basic,,2012-10-18T19:02:22Z,Core Tyria & non-expansion releases
4921,Vigil's Honor Speargun,Weapon,Basic,,2012-10-18T19:02:43Z,Core Tyria & non-expansion releases
4912,Vigil's Honor Trident,Weapon,Basic,,2012-10-18T19:02:58Z,Core Tyria & non-expansion releases
4341,Warden Dagger,Weapon,Basic,,2012-10-20T22:13:45Z,Core Tyria & non-expansion releases
4855,Cragstone,Weapon,Basic,,2012-10-21T01:33:28Z,Core Tyria & non-expansion releases
4884,Foefire's Power,Weapon,Basic,,2012-10-21T01:34:49Z,Core Tyria & non-expansion releases
4714,Infinite Light,Weapon,Basic,,2012-10-22T01:17:34Z,Core Tyria & non-expansion releases
4692,The Crossing,Weapon,Basic,,2012-10-24T04:27:22Z,Core Tyria & non-expansion releases
1012,Aviator Cap,Armor,Basic,Light,2012-10-24T09:21:22Z,Core Tyria & non-expansion releases
1023,Aviator Cap,Armor,Basic,Heavy,2012-10-24T09:21:22Z,Core Tyria & non-expansion releases
1030,Aviator Cap,Armor,Basic,Medium,2012-10-24T09:21:22Z,Core Tyria & non-expansion releases
983,Bunny Ears,Armor,Basic,Light,2012-10-24T09:30:14Z,Core Tyria & non-expansion releases
984,Bunny Ears,Armor,Basic,Heavy,2012-10-24T09:30:14Z,Core Tyria & non-expansion releases
985,Bunny Ears,Armor,Basic,Medium,2012-10-24T09:30:14Z,Core Tyria & non-expansion releases
1181,Bunny Ears,Armor,Basic,Clothing,2012-10-24T09:30:14Z,Core Tyria & non-expansion releases
999,Devil Horns,Armor,Basic,Heavy,2012-10-24T10:01:05Z,Core Tyria & non-expansion releases
1000,Devil Horns,Armor,Basic,Light,2012-10-24T10:01:05Z,Core Tyria & non-expansion releases
1027,Devil Horns,Armor,Basic,Medium,2012-10-24T10:01:05Z,Core Tyria & non-expansion releases
4982,Pact Gladius,Weapon,Basic,,2012-10-24T17:37:51Z,Core Tyria & non-expansion releases
4974,Pact Battleaxe,Weapon,Basic,,2012-10-25T03:23:04Z,Core Tyria & non-expansion releases
4979,Pact Dirk,Weapon,Basic,,2012-10-25T03:31:07Z,Core Tyria & non-expansion releases
4964,Pact Morning Star,Weapon,Basic,,2012-10-25T03:33:48Z,Core Tyria & non-expansion releases
4959,Pact Handgun,Weapon,Basic,,2012-10-25T03:35:53Z,Core Tyria & non-expansion releases
4971,Pact Scepter,Weapon,Basic,,2012-10-25T03:36:16Z,Core Tyria & non-expansion releases
4975,Pact Focus,Weapon,Basic,,2012-10-25T03:37:00Z,Core Tyria & non-expansion releases
4970,Pact Tower Shield,Weapon,Basic,,2012-10-25T03:38:56Z,Core Tyria & non-expansion releases
4954,Pact Brazier,Weapon,Basic,,2012-10-25T03:39:28Z,Core Tyria & non-expansion releases
4955,Pact Herald,Weapon,Basic,,2012-10-25T03:40:42Z,Core Tyria & non-expansion releases
4977,Pact Avenger,Weapon,Basic,,2012-10-25T03:41:29Z,Core Tyria & non-expansion releases
4978,Pact Crusher,Weapon,Basic,,2012-10-25T03:41:54Z,Core Tyria & non-expansion releases
4973,Pact Hornbow,Weapon,Basic,,2012-10-25T03:42:08Z,Core Tyria & non-expansion releases
4960,Pact Shotgun,Weapon,Basic,,2012-10-25T03:42:29Z,Core Tyria & non-expansion releases
4963,Pact Needler,Weapon,Basic,,2012-10-25T03:42:49Z,Core Tyria & non-expansion releases
4980,Pact Quarterstaff,Weapon,Basic,,2012-10-25T03:43:15Z,Core Tyria & non-expansion releases
4951,Pact Harpoon Gun,Weapon,Basic,,2012-10-25T03:43:40Z,Core Tyria & non-expansion releases
4968,Pact Spear,Weapon,Basic,,2012-10-25T03:43:49Z,Core Tyria & non-expansion releases
4956,Pact Trident,Weapon,Basic,,2012-10-25T03:43:56Z,Core Tyria & non-expansion releases
4686,Arachnophobia,Weapon,Basic,,2012-10-26T00:37:51Z,Core Tyria & non-expansion releases
4688,The Mad Moon,Weapon,Basic,,2012-10-26T00:42:47Z,Core Tyria & non-expansion releases
995,Phantom's Hood,Armor,Basic,Heavy,2012-10-26T00:59:08Z,Core Tyria & non-expansion releases
1025,Phantom's Hood,Armor,Basic,Light,2012-10-26T00:59:08Z,Core Tyria & non-expansion releases
1026,Phantom's Hood,Armor,Basic,Medium,2012-10-26T00:59:08Z,Core Tyria & non-expansion releases
4905,Unspoken Curse,Weapon,Basic,,2012-10-26T13:20:37Z,Core Tyria & non-expansion releases
183,Winged Headpiece,Armor,Basic,Light,2012-10-26T16:49:26Z,Core Tyria & non-expansion releases
8068,Winged Headpiece,Armor,Basic,Light,2012-10-26T16:49:26Z,Core Tyria & non-expansion releases
8071,Winged Headpiece,Armor,Basic,Medium,2012-10-26T16:49:26Z,Core Tyria & non-expansion releases
8072,Winged Headpiece,Armor,Basic,Heavy,2012-10-26T16:49:26Z,Core Tyria & non-expansion releases
5159,Shiverpeak Hatchet,Weapon,Basic,,2012-10-29T16:18:10Z,Core Tyria & non-expansion releases
5114,Shiverpeak Dirk,Weapon,Basic,,2012-10-29T16:26:44Z,Core Tyria & non-expansion releases
5158,Shiverpeak Club,Weapon,Basic,,2012-10-29T16:28:34Z,Core Tyria & non-expansion releases
5171,Shiverpeak Wand,Weapon,Basic,,2012-10-29T16:46:03Z,Core Tyria & non-expansion releases
5150,Shiverpeak Talisman,Weapon,Basic,,2012-10-29T16:51:50Z,Core Tyria & non-expansion releases
5176,Shiverpeak Shield,Weapon,Basic,,2012-10-29T16:53:10Z,Core Tyria & non-expansion releases
5098,Shiverpeak Beacon,Weapon,Basic,,2012-10-29T16:59:09Z,Core Tyria & non-expansion releases
5111,Shiverpeak Warhorn,Weapon,Basic,,2012-10-29T17:00:03Z,Core Tyria & non-expansion releases
5213,Shiverpeak Maul,Weapon,Basic,,2012-10-29T17:12:10Z,Core Tyria & non-expansion releases
5172,Shiverpeak Bow,Weapon,Basic,,2012-10-29T17:13:05Z,Core Tyria & non-expansion releases
5175,Shiverpeak Arquebus,Weapon,Basic,,2012-10-29T17:15:48Z,Core Tyria & non-expansion releases
5113,Shiverpeak Short Bow,Weapon,Basic,,2012-10-29T17:16:57Z,Core Tyria & non-expansion releases
5229,Shiverpeak Staff,Weapon,Basic,,2012-10-29T17:18:22Z,Core Tyria & non-expansion releases
5136,Shiverpeak Spear,Weapon,Basic,,2012-10-29T17:20:03Z,Core Tyria & non-expansion releases
5058,Shiverpeak Speargun,Weapon,Basic,,2012-10-29T17:21:21Z,Core Tyria & non-expansion releases
5106,Shiverpeak Trident,Weapon,Basic,,2012-10-29T17:23:01Z,Core Tyria & non-expansion releases
979,Witch's Hat,Armor,Basic,Light,2012-10-31T16:38:48Z,Core Tyria & non-expansion releases
980,Witch's Hat,Armor,Basic,Heavy,2012-10-31T16:38:48Z,Core Tyria & non-expansion releases
981,Witch's Hat,Armor,Basic,Medium,2012-10-31T16:38:48Z,Core Tyria & non-expansion releases
5107,Ceremonial Dagger,Weapon,Basic,,2012-10-31T18:50:13Z,Core Tyria & non-expansion releases
4091,Krait Ripper,Weapon,Basic,,2012-10-31T19:07:05Z,Core Tyria & non-expansion releases
729,Flame Legion Wraps,Armor,Basic,Light,2012-11-01T17:32:56Z,Core Tyria & non-expansion releases
725,Flame Legion Pants,Armor,Basic,Light,2012-11-01T17:40:14Z,Core Tyria & non-expansion releases
728,Flame Legion Shoes,Armor,Basic,Light,2012-11-01T17:44:05Z,Core Tyria & non-expansion releases
4784,Azureflame,Weapon,Basic,,2012-11-02T15:37:34Z,Core Tyria & non-expansion releases
4920,Priory's Historical Scepter,Weapon,Basic,,2012-11-02T19:06:40Z,Core Tyria & non-expansion releases
4938,Priory's Historical Dagger,Weapon,Basic,,2012-11-02T19:12:23Z,Core Tyria & non-expansion releases
4972,Priory's Historical Axe,Weapon,Basic,,2012-11-02T19:23:09Z,Core Tyria & non-expansion releases
4937,Priory's Historical Mace,Weapon,Basic,,2012-11-02T19:23:49Z,Core Tyria & non-expansion releases
4919,Priory's Historical Pistol,Weapon,Basic,,2012-11-02T19:24:19Z,Core Tyria & non-expansion releases
4950,Priory's Historical Sword,Weapon,Basic,,2012-11-02T19:25:00Z,Core Tyria & non-expansion releases
4916,Priory's Historical Focus,Weapon,Basic,,2012-11-02T19:25:44Z,Core Tyria & non-expansion releases
4945,Priory's Historical Shield,Weapon,Basic,,2012-11-02T19:26:53Z,Core Tyria & non-expansion releases
4952,Priory's Historical Torch,Weapon,Basic,,2012-11-02T19:27:27Z,Core Tyria & non-expansion releases
4911,Priory's Historical Warhorn,Weapon,Basic,,2012-11-02T19:27:55Z,Core Tyria & non-expansion releases
4976,Priory's Historical Greatsword,Weapon,Basic,,2012-11-02T19:28:58Z,Core Tyria & non-expansion releases
4940,Priory's Historical Hammer,Weapon,Basic,,2012-11-02T19:29:24Z,Core Tyria & non-expansion releases
4927,Priory's Historical Longbow,Weapon,Basic,,2012-11-02T19:29:48Z,Core Tyria & non-expansion releases
4969,Priory's Historical Rifle,Weapon,Basic,,2012-11-02T19:30:16Z,Core Tyria & non-expansion releases
4961,Priory's Historical Short Bow,Weapon,Basic,,2012-11-02T19:30:38Z,Core Tyria & non-expansion releases
4944,Priory's Historical Staff,Weapon,Basic,,2012-11-02T19:31:11Z,Core Tyria & non-expansion releases
4922,Priory's Historical Speargun,Weapon,Basic,,2012-11-02T19:31:43Z,Core Tyria & non-expansion releases
4913,Priory's Historical Trident,Weapon,Basic,,2012-11-02T19:32:03Z,Core Tyria & non-expansion releases
4932,Priory's Historical Harpoon,Weapon,Basic,,2012-11-02T19:32:44Z,Core Tyria & non-expansion releases
4481,Molten Greatsword,Weapon,Basic,,2012-11-05T08:33:59Z,Core Tyria & non-expansion releases
5191,Ceremonial Winged Axe,Weapon,Basic,,2012-11-05T14:10:27Z,Core Tyria & non-expansion releases
4865,Orrian Bow,Weapon,Basic,,2012-11-05T15:52:16Z,Core Tyria & non-expansion releases
4851,Abyssal Scepter,Weapon,Basic,,2012-11-05T16:31:35Z,Core Tyria & non-expansion releases
4744,Combustion,Weapon,Basic,,2012-11-05T18:20:17Z,Core Tyria & non-expansion releases
4810,Combustion,Weapon,Basic,,2012-11-05T18:20:17Z,Core Tyria & non-expansion releases
3876,Destroyer Scepter,Weapon,Basic,,2012-11-05T20:45:40Z,Core Tyria & non-expansion releases
3925,Destroyer Dagger,Weapon,Basic,,2012-11-05T21:16:00Z,Core Tyria & non-expansion releases
4038,Destroyer Staff,Weapon,Basic,,2012-11-05T21:26:12Z,Core Tyria & non-expansion releases
102,Privateer Hat,Armor,Basic,Medium,2012-11-05T22:28:57Z,Core Tyria & non-expansion releases
157,Acolyte Mantle,Armor,Basic,Light,2012-11-06T01:58:30Z,Core Tyria & non-expansion releases
4269,Warden Staff,Weapon,Basic,,2012-11-06T14:09:46Z,Core Tyria & non-expansion releases
4847,Eye of Rodgort,Weapon,Basic,,2012-11-06T18:47:52Z,Core Tyria & non-expansion releases
4260,Warden Axe,Weapon,Basic,,2012-11-07T01:17:52Z,Core Tyria & non-expansion releases
4259,Warden Mace,Weapon,Basic,,2012-11-07T01:28:33Z,Core Tyria & non-expansion releases
4270,Warden Pistol,Weapon,Basic,,2012-11-07T01:30:44Z,Core Tyria & non-expansion releases
4258,Warden Scepter,Weapon,Basic,,2012-11-07T01:53:19Z,Core Tyria & non-expansion releases
4309,Warden Focus,Weapon,Basic,,2012-11-07T02:11:15Z,Core Tyria & non-expansion releases
4262,Warden Shield,Weapon,Basic,,2012-11-07T02:13:19Z,Core Tyria & non-expansion releases
4290,Warden Torch,Weapon,Basic,,2012-11-07T02:21:20Z,Core Tyria & non-expansion releases
4257,Warden Warhorn,Weapon,Basic,,2012-11-07T02:22:54Z,Core Tyria & non-expansion releases
4343,Warden Hammer,Weapon,Basic,,2012-11-07T02:27:10Z,Core Tyria & non-expansion releases
4261,Warden Longbow,Weapon,Basic,,2012-11-07T02:28:35Z,Core Tyria & non-expansion releases
4336,Warden Rifle,Weapon,Basic,,2012-11-07T02:30:04Z,Core Tyria & non-expansion releases
4314,Warden Short Bow,Weapon,Basic,,2012-11-07T02:33:08Z,Core Tyria & non-expansion releases
4320,Warden Spear,Weapon,Basic,,2012-11-07T02:36:48Z,Core Tyria & non-expansion releases
4292,Warden Speargun,Weapon,Basic,,2012-11-07T02:39:03Z,Core Tyria & non-expansion releases
4277,Warden Trident,Weapon,Basic,,2012-11-07T02:40:59Z,Core Tyria & non-expansion releases
4487,Dark Asuran Greatsword,Weapon,Basic,,2012-11-07T08:25:37Z,Core Tyria & non-expansion releases
3916,Destroyer Greatsword,Weapon,Basic,,2012-11-07T08:29:37Z,Core Tyria & non-expansion releases
4475,Golden Wing Greatsword,Weapon,Basic,,2012-11-07T08:48:21Z,Core Tyria & non-expansion releases
4461,Inquest Greatsword,Weapon,Basic,,2012-11-07T08:53:59Z,Core Tyria & non-expansion releases
4089,Krait Slayer,Weapon,Basic,,2012-11-07T08:57:01Z,Core Tyria & non-expansion releases
4071,Ogre Longsword,Weapon,Basic,,2012-11-07T09:04:54Z,Core Tyria & non-expansion releases
5194,Norn Greatsword,Weapon,Basic,,2012-11-07T09:06:59Z,Core Tyria & non-expansion releases
5034,Etched Avenger,Weapon,Basic,,2012-11-07T09:11:19Z,Core Tyria & non-expansion releases
4660,Modniir Sunderer,Weapon,Basic,,2012-11-07T18:17:48Z,Core Tyria & non-expansion releases
5212,Tribal Greatsword,Weapon,Basic,,2012-11-07T18:32:01Z,Core Tyria & non-expansion releases
4040,Dredge Sunderer,Weapon,Basic,,2012-11-07T18:35:38Z,Core Tyria & non-expansion releases
4756,Feathers of Dwayna,Weapon,Basic,,2012-11-07T18:39:51Z,Core Tyria & non-expansion releases
5218,Great Steamblade,Weapon,Basic,,2012-11-07T18:49:50Z,Core Tyria & non-expansion releases
4790,Final Rest,Weapon,Basic,,2012-11-07T19:02:56Z,Core Tyria & non-expansion releases
4002,Dredge Bonehewer,Weapon,Basic,,2012-11-07T22:20:49Z,Core Tyria & non-expansion releases
4042,Dredge Bloodletter,Weapon,Basic,,2012-11-07T22:30:00Z,Core Tyria & non-expansion releases
3991,Dredge Flanged Mace,Weapon,Basic,,2012-11-07T22:35:29Z,Core Tyria & non-expansion releases
3970,Dredge Firearm,Weapon,Basic,,2012-11-07T22:42:27Z,Core Tyria & non-expansion releases
3922,Dredge Baton,Weapon,Basic,,2012-11-07T22:55:37Z,Core Tyria & non-expansion releases
4085,Dredge Edge,Weapon,Basic,,2012-11-07T23:17:05Z,Core Tyria & non-expansion releases
4428,Nightmare Speargun,Weapon,Basic,,2012-11-08T02:03:19Z,Core Tyria & non-expansion releases
4592,Modniir Eviscerator,Weapon,Basic,,2012-11-08T04:00:33Z,Core Tyria & non-expansion releases
4651,Modniir Punisher,Weapon,Basic,,2012-11-08T04:03:07Z,Core Tyria & non-expansion releases
4647,Modniir Revolver,Weapon,Basic,,2012-11-08T04:04:58Z,Core Tyria & non-expansion releases
4655,Modniir Baton,Weapon,Basic,,2012-11-08T04:08:12Z,Core Tyria & non-expansion releases
4618,Modniir Saber,Weapon,Basic,,2012-11-08T04:14:03Z,Core Tyria & non-expansion releases
4652,Modniir Effigy,Weapon,Basic,,2012-11-08T04:17:45Z,Core Tyria & non-expansion releases
4587,Modniir Harbinger,Weapon,Basic,,2012-11-08T04:24:16Z,Core Tyria & non-expansion releases
4632,Modniir Wartorch,Weapon,Basic,,2012-11-08T04:26:20Z,Core Tyria & non-expansion releases
4595,Modniir Ward,Weapon,Basic,,2012-11-08T04:28:36Z,Core Tyria & non-expansion releases
4662,Modniir Pulverizer,Weapon,Basic,,2012-11-08T04:46:08Z,Core Tyria & non-expansion releases
4594,Modniir Flatbow,Weapon,Basic,,2012-11-08T04:48:49Z,Core Tyria & non-expansion releases
4608,Modniir Boomstick,Weapon,Basic,,2012-11-08T05:03:43Z,Core Tyria & non-expansion releases
4613,Modniir Quarterstaff,Weapon,Basic,,2012-11-08T05:11:51Z,Core Tyria & non-expansion releases
4645,Modniir Impaler,Weapon,Basic,,2012-11-08T05:18:57Z,Core Tyria & non-expansion releases
4631,Modniir Harpoon Gun,Weapon,Basic,,2012-11-08T05:22:16Z,Core Tyria & non-expansion releases
4634,Modniir Trident,Weapon,Basic,,2012-11-08T05:28:14Z,Core Tyria & non-expansion releases
5189,Verdant Focus,Weapon,Basic,,2012-11-08T12:43:36Z,Core Tyria & non-expansion releases
3913,Dredge Canary,Weapon,Basic,,2012-11-08T23:56:39Z,Core Tyria & non-expansion releases
4041,Dredge Barricade,Weapon,Basic,,2012-11-09T00:05:41Z,Core Tyria & non-expansion releases
3912,Dredge Lamp,Weapon,Basic,,2012-11-09T00:11:04Z,Core Tyria & non-expansion releases
3936,Dredge Double Horn,Weapon,Basic,,2012-11-09T00:14:25Z,Core Tyria & non-expansion releases
4082,Dredge Pulverizer,Weapon,Basic,,2012-11-09T00:29:16Z,Core Tyria & non-expansion releases
3966,Dredge Reflex Bow,Weapon,Basic,,2012-11-09T00:37:50Z,Core Tyria & non-expansion releases
3937,Dredge Short Bow,Weapon,Basic,,2012-11-09T00:42:33Z,Core Tyria & non-expansion releases
4104,Dredge Boomstick,Weapon,Basic,,2012-11-09T00:51:09Z,Core Tyria & non-expansion releases
5237,Glyphic Staff,Weapon,Basic,,2012-11-09T00:54:14Z,Core Tyria & non-expansion releases
4528,Molten Staff,Weapon,Basic,,2012-11-09T00:56:24Z,Core Tyria & non-expansion releases
4088,Dredge Pillar,Weapon,Basic,,2012-11-09T01:03:10Z,Core Tyria & non-expansion releases
3928,Dredge Trident,Weapon,Basic,,2012-11-09T01:09:46Z,Core Tyria & non-expansion releases
3953,Dredge Harpoon Gun,Weapon,Basic,,2012-11-09T01:14:51Z,Core Tyria & non-expansion releases
4028,Dredge Spear,Weapon,Basic,,2012-11-09T01:18:19Z,Core Tyria & non-expansion releases
5230,Norn Staff,Weapon,Basic,,2012-11-09T01:23:00Z,Core Tyria & non-expansion releases
5097,Orrian Staff,Weapon,Basic,,2012-11-09T08:09:48Z,Core Tyria & non-expansion releases
5094,Verdant Staff,Weapon,Basic,,2012-11-09T08:22:21Z,Core Tyria & non-expansion releases
4101,Ogre Warstaff,Weapon,Basic,,2012-11-09T08:27:28Z,Core Tyria & non-expansion releases
5688,Seasoned Wood Staff,Weapon,Basic,,2012-11-09T10:19:05Z,Core Tyria & non-expansion releases
5079,Verdant Axe,Weapon,Basic,,2012-11-09T17:25:54Z,Core Tyria & non-expansion releases
5101,Verdant Dagger,Weapon,Basic,,2012-11-09T17:27:59Z,Core Tyria & non-expansion releases
5190,Verdant Mace,Weapon,Basic,,2012-11-09T17:28:53Z,Core Tyria & non-expansion releases
5076,Verdant Pistol,Weapon,Basic,,2012-11-09T17:29:43Z,Core Tyria & non-expansion releases
3881,Verdant Scepter,Weapon,Basic,,2012-11-09T17:30:09Z,Core Tyria & non-expansion releases
5134,Verdant Blade,Weapon,Basic,,2012-11-09T17:30:41Z,Core Tyria & non-expansion releases
5110,Verdant Shield,Weapon,Basic,,2012-11-09T17:32:40Z,Core Tyria & non-expansion releases
5125,Verdant Torch,Weapon,Basic,,2012-11-09T17:33:31Z,Core Tyria & non-expansion releases
5137,Verdant Warhorn,Weapon,Basic,,2012-11-09T17:34:30Z,Core Tyria & non-expansion releases
5014,Verdant Warhammer,Weapon,Basic,,2012-11-09T17:37:18Z,Core Tyria & non-expansion releases
5072,Verdant Bow,Weapon,Basic,,2012-11-09T17:37:56Z,Core Tyria & non-expansion releases
5203,Verdant Rifle,Weapon,Basic,,2012-11-09T17:38:20Z,Core Tyria & non-expansion releases
5156,Verdant Short Bow,Weapon,Basic,,2012-11-09T17:38:41Z,Core Tyria & non-expansion releases
5062,Verdant Speargun,Weapon,Basic,,2012-11-09T17:39:33Z,Core Tyria & non-expansion releases
5081,Verdant Spear,Weapon,Basic,,2012-11-09T17:39:47Z,Core Tyria & non-expansion releases
5054,Verdant Trident,Weapon,Basic,,2012-11-09T17:39:54Z,Core Tyria & non-expansion releases
164,Feathered Boots,Armor,Basic,Light,2012-11-10T00:34:58Z,Core Tyria & non-expansion releases
150,Feathered Pants,Armor,Basic,Light,2012-11-10T00:41:26Z,Core Tyria & non-expansion releases
174,Feathered Gloves,Armor,Basic,Light,2012-11-10T00:44:17Z,Core Tyria & non-expansion releases
151,Feathered Vestments,Armor,Basic,Light,2012-11-10T00:45:37Z,Core Tyria & non-expansion releases
163,Feathered Mantle,Armor,Basic,Light,2012-11-10T00:47:40Z,Core Tyria & non-expansion releases
177,Feathered Headpiece,Armor,Basic,Light,2012-11-10T00:49:09Z,Core Tyria & non-expansion releases
5240,Ceremonial Sabre,Weapon,Basic,,2012-11-10T07:01:27Z,Core Tyria & non-expansion releases
5186,Tribal Axe,Weapon,Basic,,2012-11-10T09:15:03Z,Core Tyria & non-expansion releases
5233,Tribal Dagger,Weapon,Basic,,2012-11-10T12:23:49Z,Core Tyria & non-expansion releases
5184,Tribal Mace,Weapon,Basic,,2012-11-10T12:26:00Z,Core Tyria & non-expansion releases
5177,Tribal Pistol,Weapon,Basic,,2012-11-10T12:29:04Z,Core Tyria & non-expansion releases
5200,Tribal Scepter,Weapon,Basic,,2012-11-10T12:31:09Z,Core Tyria & non-expansion releases
5066,Tribal Sword,Weapon,Basic,,2012-11-10T12:43:52Z,Core Tyria & non-expansion releases
5183,Tribal Focus,Weapon,Basic,,2012-11-10T13:12:05Z,Core Tyria & non-expansion releases
5118,Tribal Torch,Weapon,Basic,,2012-11-10T13:14:51Z,Core Tyria & non-expansion releases
5131,Tribal Warhorn,Weapon,Basic,,2012-11-10T13:15:28Z,Core Tyria & non-expansion releases
5197,Tribal Shield,Weapon,Basic,,2012-11-10T13:16:13Z,Core Tyria & non-expansion releases
5220,Tribal Warhammer,Weapon,Basic,,2012-11-10T13:17:24Z,Core Tyria & non-expansion releases
5195,Tribal Bow,Weapon,Basic,,2012-11-10T13:18:28Z,Core Tyria & non-expansion releases
5196,Tribal Rifle,Weapon,Basic,,2012-11-10T13:20:02Z,Core Tyria & non-expansion releases
5147,Tribal Short Bow,Weapon,Basic,,2012-11-10T13:20:47Z,Core Tyria & non-expansion releases
5226,Tribal Staff,Weapon,Basic,,2012-11-10T13:21:13Z,Core Tyria & non-expansion releases
5241,Steamblade,Weapon,Basic,,2012-11-10T15:00:45Z,Core Tyria & non-expansion releases
5063,Etched Branch,Weapon,Basic,,2012-11-11T20:05:57Z,Core Tyria & non-expansion releases
5142,Ceremonial Morning Star,Weapon,Basic,,2012-11-12T00:04:36Z,Core Tyria & non-expansion releases
5181,Ceremonial Pistol,Weapon,Basic,,2012-11-12T00:05:09Z,Core Tyria & non-expansion releases
5204,Ceremonial Scepter,Weapon,Basic,,2012-11-12T00:05:40Z,Core Tyria & non-expansion releases
5067,Ceremonial Focus,Weapon,Basic,,2012-11-12T00:25:15Z,Core Tyria & non-expansion releases
5205,Ceremonial Bulwark,Weapon,Basic,,2012-11-12T00:25:54Z,Core Tyria & non-expansion releases
5132,Ceremonial Warhorn,Weapon,Basic,,2012-11-12T00:52:31Z,Core Tyria & non-expansion releases
5120,Ceremonial Torch,Weapon,Basic,,2012-11-12T00:52:35Z,Core Tyria & non-expansion releases
5221,Ceremonial Hammer,Weapon,Basic,,2012-11-12T01:46:43Z,Core Tyria & non-expansion releases
5198,Ceremonial Longbow,Weapon,Basic,,2012-11-12T01:49:01Z,Core Tyria & non-expansion releases
5169,Ceremonial Rifle,Weapon,Basic,,2012-11-12T01:49:16Z,Core Tyria & non-expansion releases
5146,Ceremonial Short Bow,Weapon,Basic,,2012-11-12T01:49:42Z,Core Tyria & non-expansion releases
5236,Ceremonial Stave,Weapon,Basic,,2012-11-12T01:50:07Z,Core Tyria & non-expansion releases
5119,Ceremonial Speargun,Weapon,Basic,,2012-11-12T01:50:27Z,Core Tyria & non-expansion releases
5157,Ceremonial Pike,Weapon,Basic,,2012-11-12T01:50:41Z,Core Tyria & non-expansion releases
5123,Ceremonial Trident,Weapon,Basic,,2012-11-12T01:52:37Z,Core Tyria & non-expansion releases
4542,Guild Short Bow,Weapon,Basic,,2012-11-12T07:39:07Z,Core Tyria & non-expansion releases
4527,Kodan Staff,Weapon,Basic,,2012-11-13T01:00:33Z,Core Tyria & non-expansion releases
4502,Golden Wing Staff,Weapon,Basic,,2012-11-13T07:13:00Z,Core Tyria & non-expansion releases
4719,Black Fleet Bludgeon,Weapon,Basic,,2012-11-13T19:39:39Z,Core Tyria & non-expansion releases
5126,Legionnaire Staff,Weapon,Basic,,2012-11-15T00:03:35Z,Core Tyria & non-expansion releases
5128,Flame Guard,Weapon,Basic,,2012-11-15T18:21:34Z,Core Tyria & non-expansion releases
996,Southsun Mask,Armor,Basic,Medium,2012-11-16T00:17:15Z,Core Tyria & non-expansion releases
997,Southsun Mask,Armor,Basic,Light,2012-11-16T00:17:15Z,Core Tyria & non-expansion releases
998,Southsun Mask,Armor,Basic,Heavy,2012-11-16T00:17:15Z,Core Tyria & non-expansion releases
4506,Inquest Hammer,Weapon,Basic,,2012-11-16T19:13:18Z,Core Tyria & non-expansion releases
4425,Inquest Longbow,Weapon,Basic,,2012-11-16T19:14:19Z,Core Tyria & non-expansion releases
2377,Prototype Fractal Capacitor,Back,Basic,,2012-11-17T05:39:27Z,Core Tyria & non-expansion releases
212,Gladiator Chestplate,Armor,Basic,Heavy,2012-11-17T06:43:25Z,Core Tyria & non-expansion releases
229,Gladiator Boots,Armor,Basic,Heavy,2012-11-17T06:53:11Z,Core Tyria & non-expansion releases
226,Gladiator Pauldrons,Armor,Basic,Heavy,2012-11-17T06:54:46Z,Core Tyria & non-expansion releases
241,Gladiator Gauntlets,Armor,Basic,Heavy,2012-11-17T06:56:02Z,Core Tyria & non-expansion releases
211,Gladiator Legplates,Armor,Basic,Heavy,2012-11-17T06:57:23Z,Core Tyria & non-expansion releases
2326,Tome of the Rubicon,Back,Basic,,2012-11-17T10:47:08Z,Core Tyria & non-expansion releases
2318,Symon's History of Ascalon,Back,Basic,,2012-11-18T00:35:58Z,Core Tyria & non-expansion releases
3885,Godskull Short Bow,Weapon,Basic,,2012-11-18T09:41:58Z,Core Tyria & non-expansion releases
2325,Book of Secrets,Back,Basic,,2012-11-18T10:19:14Z,Core Tyria & non-expansion releases
2376,Koss on Koss,Back,Basic,,2012-11-19T05:57:58Z,Core Tyria & non-expansion releases
736,Flame Legion Gloves,Armor,Basic,Medium,2012-11-19T18:36:13Z,Core Tyria & non-expansion releases
4477,Fractal Axe,Weapon,Basic,,2012-11-20T04:08:26Z,Core Tyria & non-expansion releases
4835,Super Hyperbeam Alpha,Weapon,Basic,,2012-11-20T21:06:33Z,Core Tyria & non-expansion releases
11592,Shattered Sword,Weapon,Basic,,2012-11-21T04:29:13Z,Core Tyria & non-expansion releases
202,Leather Mask,Armor,Basic,Medium,2012-11-21T04:51:09Z,Core Tyria & non-expansion releases
252,Noble Gloves,Armor,Basic,Medium,2012-11-22T06:57:59Z,Core Tyria & non-expansion releases
4521,Fractal Dagger,Weapon,Basic,,2012-11-22T08:18:40Z,Core Tyria & non-expansion releases
4478,Fractal Mace,Weapon,Basic,,2012-11-22T08:19:05Z,Core Tyria & non-expansion releases
4466,Fractal Pistol,Weapon,Basic,,2012-11-22T08:19:31Z,Core Tyria & non-expansion releases
4479,Fractal Scepter,Weapon,Basic,,2012-11-22T08:20:00Z,Core Tyria & non-expansion releases
4539,Fractal Sword,Weapon,Basic,,2012-11-22T08:20:21Z,Core Tyria & non-expansion releases
4438,Fractal Focus,Weapon,Basic,,2012-11-22T08:20:43Z,Core Tyria & non-expansion releases
4405,Fractal Warhorn,Weapon,Basic,,2012-11-22T08:20:59Z,Core Tyria & non-expansion releases
4392,Fractal Torch,Weapon,Basic,,2012-11-22T08:21:19Z,Core Tyria & non-expansion releases
4510,Fractal Shield,Weapon,Basic,,2012-11-22T08:21:38Z,Core Tyria & non-expansion releases
4489,Fractal Greatsword,Weapon,Basic,,2012-11-22T08:22:03Z,Core Tyria & non-expansion releases
4519,Fractal Hammer,Weapon,Basic,,2012-11-22T08:22:25Z,Core Tyria & non-expansion releases
4462,Fractal Longbow,Weapon,Basic,,2012-11-22T08:22:41Z,Core Tyria & non-expansion releases
4500,Fractal Rifle,Weapon,Basic,,2012-11-22T08:23:02Z,Core Tyria & non-expansion releases
4393,Fractal Short Bow,Weapon,Basic,,2012-11-22T08:23:24Z,Core Tyria & non-expansion releases
4531,Fractal Staff,Weapon,Basic,,2012-11-22T08:23:46Z,Core Tyria & non-expansion releases
4437,Fractal Speargun,Weapon,Basic,,2012-11-22T08:31:54Z,Core Tyria & non-expansion releases
4427,Fractal Trident,Weapon,Basic,,2012-11-22T08:32:14Z,Core Tyria & non-expansion releases
4495,Fractal Harpoon,Weapon,Basic,,2012-11-22T08:35:07Z,Core Tyria & non-expansion releases
5222,Glyphic Maul,Weapon,Basic,,2012-11-24T04:23:52Z,Core Tyria & non-expansion releases
5109,Norn Warhammer,Weapon,Basic,,2012-11-24T04:32:38Z,Core Tyria & non-expansion releases
5219,Flame Crusher,Weapon,Basic,,2012-11-24T04:34:42Z,Core Tyria & non-expansion releases
179,Rascal Coat,Armor,Basic,Medium,2012-11-24T20:17:27Z,Core Tyria & non-expansion releases
254,Rascal Gloves,Armor,Basic,Medium,2012-11-25T01:33:38Z,Core Tyria & non-expansion releases
203,Rascal Mask,Armor,Basic,Medium,2012-11-25T01:48:12Z,Core Tyria & non-expansion releases
191,Rascal Shoulders,Armor,Basic,Medium,2012-11-25T02:04:17Z,Core Tyria & non-expansion releases
180,Rascal Pants,Armor,Basic,Medium,2012-11-25T02:15:03Z,Core Tyria & non-expansion releases
193,Rascal Boots,Armor,Basic,Medium,2012-11-25T02:20:55Z,Core Tyria & non-expansion releases
167,Winged Mantle,Armor,Basic,Light,2012-11-25T16:50:33Z,Core Tyria & non-expansion releases
158,Winged Tunic,Armor,Basic,Light,2012-11-25T17:04:31Z,Core Tyria & non-expansion releases
248,Winged Gloves,Armor,Basic,Light,2012-11-25T17:13:08Z,Core Tyria & non-expansion releases
159,Winged Pants,Armor,Basic,Light,2012-11-25T17:18:28Z,Core Tyria & non-expansion releases
168,Winged Boots,Armor,Basic,Light,2012-11-25T17:37:51Z,Core Tyria & non-expansion releases
5057,Orrian Scepter,Weapon,Basic,,2012-11-25T19:47:20Z,Core Tyria & non-expansion releases
5043,Orrian Torch,Weapon,Basic,,2012-11-25T19:51:19Z,Core Tyria & non-expansion releases
5077,Orrian Spear,Weapon,Basic,,2012-11-25T20:06:30Z,Core Tyria & non-expansion releases
4424,Kodan Hammer,Weapon,Basic,,2012-11-27T01:44:14Z,Core Tyria & non-expansion releases
4986,Godskull Harpoon Gun,Weapon,Basic,,2012-11-27T15:51:00Z,Core Tyria & non-expansion releases
3914,Godskull Longbow,Weapon,Basic,,2012-11-27T16:11:40Z,Core Tyria & non-expansion releases
3924,Godskull Flintlock,Weapon,Basic,,2012-11-27T16:20:56Z,Core Tyria & non-expansion releases
4072,Godskull Musket,Weapon,Basic,,2012-11-27T16:32:14Z,Core Tyria & non-expansion releases
3878,Godskull Brazier,Weapon,Basic,,2012-11-27T16:38:11Z,Core Tyria & non-expansion releases
3891,Godskull Trumpet,Weapon,Basic,,2012-11-27T16:46:28Z,Core Tyria & non-expansion releases
4016,Godskull Cesta,Weapon,Basic,,2012-11-27T17:15:04Z,Core Tyria & non-expansion releases
3989,Godskull Effigy,Weapon,Basic,,2012-11-27T17:19:15Z,Core Tyria & non-expansion releases
4115,Godskull Crosier,Weapon,Basic,,2012-11-27T17:26:28Z,Core Tyria & non-expansion releases
4010,Godskull Trihorn,Weapon,Basic,,2012-11-27T17:51:06Z,Core Tyria & non-expansion releases
4055,Darksteel Greatsword,Weapon,Basic,,2012-11-28T02:45:47Z,Core Tyria & non-expansion releases
4081,Mithril Greatsword,Weapon,Basic,,2012-11-28T02:49:32Z,Core Tyria & non-expansion releases
4087,Darksteel Hammer,Weapon,Basic,,2012-11-28T05:06:05Z,Core Tyria & non-expansion releases
4102,Mithril Hammer,Weapon,Basic,,2012-11-28T05:06:40Z,Core Tyria & non-expansion releases
5087,Orrian Smasher,Weapon,Basic,,2012-11-28T05:14:39Z,Core Tyria & non-expansion releases
5069,Legionnaire Bayonet,Weapon,Basic,,2012-11-29T04:06:51Z,Core Tyria & non-expansion releases
5052,Legionnaire Axe,Weapon,Basic,,2012-11-29T04:08:57Z,Core Tyria & non-expansion releases
5074,Legionnaire Dagger,Weapon,Basic,,2012-11-29T04:09:08Z,Core Tyria & non-expansion releases
5088,Legionnaire Mace,Weapon,Basic,,2012-11-29T04:09:17Z,Core Tyria & non-expansion releases
5059,Legionnaire Sidearm,Weapon,Basic,,2012-11-29T04:10:13Z,Core Tyria & non-expansion releases
5071,Legionnaire Virge,Weapon,Basic,,2012-11-29T04:10:45Z,Core Tyria & non-expansion releases
5090,Legionnaire Sword,Weapon,Basic,,2012-11-29T04:10:54Z,Core Tyria & non-expansion releases
5070,Legionnaire Symbol,Weapon,Basic,,2012-11-29T04:11:29Z,Core Tyria & non-expansion releases
4996,Legionnaire Horn,Weapon,Basic,,2012-11-29T04:11:41Z,Core Tyria & non-expansion releases
5133,Legionnaire Firebrand,Weapon,Basic,,2012-11-29T04:11:57Z,Core Tyria & non-expansion releases
4991,Legionnaire Shield,Weapon,Basic,,2012-11-29T04:12:05Z,Core Tyria & non-expansion releases
5116,Legionnaire Maul,Weapon,Basic,,2012-11-29T04:12:29Z,Core Tyria & non-expansion releases
5053,Legionnaire Longbow,Weapon,Basic,,2012-11-29T04:12:38Z,Core Tyria & non-expansion releases
5068,Legionnaire Short Bow,Weapon,Basic,,2012-11-29T04:12:54Z,Core Tyria & non-expansion releases
5216,Legionnaire Spear,Weapon,Basic,,2012-11-29T04:13:02Z,Core Tyria & non-expansion releases
5160,Legionnaire Speargun,Weapon,Basic,,2012-11-29T04:13:08Z,Core Tyria & non-expansion releases
5130,Legionnaire Trident,Weapon,Basic,,2012-11-29T04:31:17Z,Core Tyria & non-expansion releases
5105,Orrian Sabre,Weapon,Basic,,2012-12-01T13:50:19Z,Core Tyria & non-expansion releases
3958,Krait Brazier,Weapon,Basic,,2012-12-02T19:24:03Z,Core Tyria & non-expansion releases
3897,Destroyer Longbow,Weapon,Basic,,2012-12-03T15:55:07Z,Core Tyria & non-expansion releases
5178,Glyphic Icon,Weapon,Basic,,2012-12-05T01:35:19Z,Core Tyria & non-expansion releases
5061,Glyphic Scepter,Weapon,Basic,,2012-12-05T01:35:44Z,Core Tyria & non-expansion releases
5124,Glyphic Brand,Weapon,Basic,,2012-12-05T01:42:56Z,Core Tyria & non-expansion releases
5135,Glyphic Horn,Weapon,Basic,,2012-12-05T01:43:27Z,Core Tyria & non-expansion releases
5239,Glyphic Edge,Weapon,Basic,,2012-12-05T01:44:05Z,Core Tyria & non-expansion releases
5095,Glyphic Pistol,Weapon,Basic,,2012-12-05T01:44:32Z,Core Tyria & non-expansion releases
5188,Glyphic Mace,Weapon,Basic,,2012-12-05T01:44:55Z,Core Tyria & non-expansion releases
4049,Darksteel Shield,Weapon,Basic,,2012-12-06T09:59:35Z,Core Tyria & non-expansion releases
4083,Mithril Shield,Weapon,Basic,,2012-12-06T10:00:39Z,Core Tyria & non-expansion releases
5080,Orrian Shield,Weapon,Basic,,2012-12-06T10:18:37Z,Core Tyria & non-expansion releases
5102,Steam Shield,Weapon,Basic,,2012-12-06T10:20:41Z,Core Tyria & non-expansion releases
5096,Norn Shield,Weapon,Basic,,2012-12-06T10:27:37Z,Core Tyria & non-expansion releases
4035,Ogre Cleaver,Weapon,Basic,,2012-12-06T21:08:04Z,Core Tyria & non-expansion releases
4052,Krait Battleaxe,Weapon,Basic,,2012-12-06T21:08:42Z,Core Tyria & non-expansion releases
3893,Destroyer Axe,Weapon,Basic,,2012-12-06T21:14:50Z,Core Tyria & non-expansion releases
5202,Steam Gizmo,Weapon,Basic,,2012-12-08T00:15:16Z,Core Tyria & non-expansion releases
5141,Steam Brand,Weapon,Basic,,2012-12-08T15:17:08Z,Core Tyria & non-expansion releases
4522,Golden Wing Sword,Weapon,Basic,,2012-12-08T23:41:45Z,Core Tyria & non-expansion releases
3961,Destroyer Sword,Weapon,Basic,,2012-12-09T14:45:55Z,Core Tyria & non-expansion releases
4535,Inquest Sword,Weapon,Basic,,2012-12-09T15:06:55Z,Core Tyria & non-expansion releases
4532,Dark Asuran Sword,Weapon,Basic,,2012-12-09T15:20:13Z,Core Tyria & non-expansion releases
5232,Flame Blade,Weapon,Basic,,2012-12-09T15:28:39Z,Core Tyria & non-expansion releases
4536,Kodan Sword,Weapon,Basic,,2012-12-09T15:34:33Z,Core Tyria & non-expansion releases
4108,Krait Machete,Weapon,Basic,,2012-12-09T15:36:29Z,Core Tyria & non-expansion releases
4537,Molten Sword,Weapon,Basic,,2012-12-09T15:38:14Z,Core Tyria & non-expansion releases
5235,Norn Blade,Weapon,Basic,,2012-12-09T15:45:31Z,Core Tyria & non-expansion releases
4100,Ogre Scimitar,Weapon,Basic,,2012-12-09T15:47:19Z,Core Tyria & non-expansion releases
5224,Flame Dagger,Weapon,Basic,,2012-12-09T18:30:27Z,Core Tyria & non-expansion releases
4507,Inquest Dagger,Weapon,Basic,,2012-12-09T18:52:10Z,Core Tyria & non-expansion releases
5228,Norn Dagger,Weapon,Basic,,2012-12-09T18:55:06Z,Core Tyria & non-expansion releases
3971,Destroyer Maul,Weapon,Basic,,2012-12-10T14:37:44Z,Core Tyria & non-expansion releases
4094,Hard Wood Staff,Weapon,Basic,,2012-12-14T08:27:30Z,Core Tyria & non-expansion releases
4105,Elder Wood Staff,Weapon,Basic,,2012-12-14T08:28:50Z,Core Tyria & non-expansion releases
975,Festive Hat,Armor,Basic,Medium,2012-12-14T15:35:33Z,Core Tyria & non-expansion releases
1020,Festive Hat,Armor,Basic,Light,2012-12-14T15:35:33Z,Core Tyria & non-expansion releases
1021,Festive Hat,Armor,Basic,Heavy,2012-12-14T15:35:33Z,Core Tyria & non-expansion releases
988,Wintersday Earmuffs,Armor,Basic,Light,2012-12-14T15:35:52Z,Core Tyria & non-expansion releases
1022,Wintersday Earmuffs,Armor,Basic,Heavy,2012-12-14T15:35:52Z,Core Tyria & non-expansion releases
1024,Wintersday Earmuffs,Armor,Basic,Medium,2012-12-14T15:35:52Z,Core Tyria & non-expansion releases
1031,Wizard's Hat,Armor,Masterwork,Light,2012-12-15T21:49:39Z,Core Tyria & non-expansion releases
1035,Wizard's Hat,Armor,Masterwork,Medium,2012-12-15T21:49:39Z,Core Tyria & non-expansion releases
1037,Wizard's Hat,Armor,Masterwork,Heavy,2012-12-15T21:49:39Z,Core Tyria & non-expansion releases
4753,Flame Trident,Weapon,Basic,,2012-12-16T02:19:59Z,Core Tyria & non-expansion releases
5086,Flame Trident,Weapon,Basic,,2012-12-16T02:19:59Z,Core Tyria & non-expansion releases
5108,Norn Trident,Weapon,Basic,,2012-12-19T01:36:12Z,Core Tyria & non-expansion releases
4063,Krait Morning Star,Weapon,Basic,,2012-12-19T04:18:43Z,Core Tyria & non-expansion releases
4013,Krait Handgun,Weapon,Basic,,2012-12-19T04:22:35Z,Core Tyria & non-expansion releases
3981,Krait Wand,Weapon,Basic,,2012-12-19T04:25:45Z,Core Tyria & non-expansion releases
2374,Lined Toymaker's Bag,Back,Basic,,2012-12-20T19:47:18Z,Core Tyria & non-expansion releases
2375,Toymaker's Bag,Back,Basic,,2012-12-20T19:47:18Z,Core Tyria & non-expansion releases
5152,Flame Cleaver,Weapon,Basic,,2012-12-23T18:20:05Z,Core Tyria & non-expansion releases
5143,Flame Mace,Weapon,Basic,,2012-12-23T18:21:25Z,Core Tyria & non-expansion releases
5140,Flame Pistol,Weapon,Basic,,2012-12-23T18:21:57Z,Core Tyria & non-expansion releases
5163,Flame Scepter,Weapon,Basic,,2012-12-23T18:22:26Z,Core Tyria & non-expansion releases
5075,Flame Warhorn,Weapon,Basic,,2012-12-23T18:26:03Z,Core Tyria & non-expansion releases
5092,Flame Carrier,Weapon,Basic,,2012-12-23T18:27:04Z,Core Tyria & non-expansion releases
5155,Flame Bow,Weapon,Basic,,2012-12-23T18:28:49Z,Core Tyria & non-expansion releases
5173,Flame Rifle,Weapon,Basic,,2012-12-23T18:29:55Z,Core Tyria & non-expansion releases
5179,Flame Short Bow,Weapon,Basic,,2012-12-23T18:30:39Z,Core Tyria & non-expansion releases
5187,Flame Spear,Weapon,Basic,,2012-12-23T18:31:15Z,Core Tyria & non-expansion releases
5060,Flame Speargun,Weapon,Basic,,2012-12-23T18:31:57Z,Core Tyria & non-expansion releases
5145,Flame Focus,Weapon,Basic,,2012-12-23T18:32:36Z,Core Tyria & non-expansion releases
4715,Ignus Fatuus,Weapon,Basic,,2012-12-27T11:01:55Z,Core Tyria & non-expansion releases
4473,Dark Asuran Scepter,Weapon,Basic,,2012-12-28T19:13:40Z,Core Tyria & non-expansion releases
4453,Golden Wing Scepter,Weapon,Basic,,2012-12-28T19:23:01Z,Core Tyria & non-expansion releases
4439,Inquest Scepter,Weapon,Basic,,2012-12-28T19:25:55Z,Core Tyria & non-expansion releases
4449,Kodan Scepter,Weapon,Basic,,2012-12-28T19:27:43Z,Core Tyria & non-expansion releases
4458,Molten Scepter,Weapon,Basic,,2012-12-28T19:32:17Z,Core Tyria & non-expansion releases
5174,Norn Scepter,Weapon,Basic,,2012-12-28T19:38:57Z,Core Tyria & non-expansion releases
3954,Ogre Truncheon,Weapon,Basic,,2012-12-28T19:40:10Z,Core Tyria & non-expansion releases
5039,Etched Scepter,Weapon,Basic,,2012-12-28T19:49:54Z,Core Tyria & non-expansion releases
3915,Destroyer Pike,Weapon,Basic,,2012-12-29T05:00:51Z,Core Tyria & non-expansion releases
3886,Destroyer Harpoon Gun,Weapon,Basic,,2012-12-29T05:16:04Z,Core Tyria & non-expansion releases
3879,Destroyer Trident,Weapon,Basic,,2012-12-29T05:16:09Z,Core Tyria & non-expansion releases
4371,Golden Wing Torch,Weapon,Basic,,2013-01-02T00:27:37Z,Core Tyria & non-expansion releases
5149,Steamcaller,Weapon,Basic,,2013-01-02T15:21:47Z,Core Tyria & non-expansion releases
5209,Steam Bow,Weapon,Basic,,2013-01-02T15:59:57Z,Core Tyria & non-expansion releases
5139,Steam Short Bow,Weapon,Basic,,2013-01-02T16:13:18Z,Core Tyria & non-expansion releases
5185,Steam Spear,Weapon,Basic,,2013-01-02T16:20:50Z,Core Tyria & non-expansion releases
1406,Vigil's Honor Headguard,Armor,Basic,Medium,2013-01-04T04:02:39Z,Core Tyria & non-expansion releases
4447,Kodan Axe,Weapon,Basic,,2013-01-04T15:05:20Z,Core Tyria & non-expansion releases
4460,Molten Axe,Weapon,Basic,,2013-01-04T15:06:06Z,Core Tyria & non-expansion releases
4435,Inquest Axe,Weapon,Basic,,2013-01-04T15:06:46Z,Core Tyria & non-expansion releases
4470,Dark Asuran Axe,Weapon,Basic,,2013-01-04T15:07:32Z,Core Tyria & non-expansion releases
4454,Golden Wing Axe,Weapon,Basic,,2013-01-04T15:09:06Z,Core Tyria & non-expansion releases
5084,Norn Axe,Weapon,Basic,,2013-01-04T15:12:06Z,Core Tyria & non-expansion releases
5026,Etched Skeggox,Weapon,Basic,,2013-01-04T21:13:05Z,Core Tyria & non-expansion releases
4492,Molten Rifle,Weapon,Basic,,2013-01-04T23:47:05Z,Core Tyria & non-expansion releases
4515,Molten Dagger,Weapon,Basic,,2013-01-05T02:11:19Z,Core Tyria & non-expansion releases
4467,Molten Mace,Weapon,Basic,,2013-01-05T02:11:47Z,Core Tyria & non-expansion releases
4354,Molten Pistol,Weapon,Basic,,2013-01-05T02:12:07Z,Core Tyria & non-expansion releases
4426,Molten Focus,Weapon,Basic,,2013-01-05T02:12:39Z,Core Tyria & non-expansion releases
4353,Molten Shield,Weapon,Basic,,2013-01-05T02:13:00Z,Core Tyria & non-expansion releases
4376,Molten Torch,Weapon,Basic,,2013-01-05T02:13:49Z,Core Tyria & non-expansion releases
4395,Molten Warhorn,Weapon,Basic,,2013-01-05T02:14:04Z,Core Tyria & non-expansion releases
4355,Molten Hammer,Weapon,Basic,,2013-01-05T02:14:48Z,Core Tyria & non-expansion releases
4444,Molten Longbow,Weapon,Basic,,2013-01-05T02:15:03Z,Core Tyria & non-expansion releases
4377,Molten Short Bow,Weapon,Basic,,2013-01-05T02:15:20Z,Core Tyria & non-expansion releases
4423,Molten Speargun,Weapon,Basic,,2013-01-05T02:15:43Z,Core Tyria & non-expansion releases
4486,Molten Harpoon,Weapon,Basic,,2013-01-05T02:16:23Z,Core Tyria & non-expansion releases
4397,Molten Trident,Weapon,Basic,,2013-01-05T02:16:30Z,Core Tyria & non-expansion releases
4388,Kodan Dagger,Weapon,Basic,,2013-01-05T02:20:04Z,Core Tyria & non-expansion releases
4455,Kodan Mace,Weapon,Basic,,2013-01-05T02:20:23Z,Core Tyria & non-expansion releases
4442,Kodan Pistol,Weapon,Basic,,2013-01-05T02:20:38Z,Core Tyria & non-expansion releases
4418,Kodan Focus,Weapon,Basic,,2013-01-05T02:21:12Z,Core Tyria & non-expansion releases
4394,Kodan Warhorn,Weapon,Basic,,2013-01-05T02:21:23Z,Core Tyria & non-expansion releases
4365,Kodan Torch,Weapon,Basic,,2013-01-05T02:21:37Z,Core Tyria & non-expansion releases
4503,Kodan Shield,Weapon,Basic,,2013-01-05T02:21:47Z,Core Tyria & non-expansion releases
4436,Kodan Longbow,Weapon,Basic,,2013-01-05T02:22:16Z,Core Tyria & non-expansion releases
4413,Kodan Rifle,Weapon,Basic,,2013-01-05T02:22:25Z,Core Tyria & non-expansion releases
4369,Kodan Short Bow,Weapon,Basic,,2013-01-05T02:22:34Z,Core Tyria & non-expansion releases
4480,Kodan Harpoon,Weapon,Basic,,2013-01-05T02:23:03Z,Core Tyria & non-expansion releases
4366,Kodan Speargun,Weapon,Basic,,2013-01-05T02:23:10Z,Core Tyria & non-expansion releases
4408,Kodan Trident,Weapon,Basic,,2013-01-05T02:23:18Z,Core Tyria & non-expansion releases
3884,Destroyer Warhorn,Weapon,Basic,,2013-01-06T05:11:35Z,Core Tyria & non-expansion releases
5065,Orrian Mace,Weapon,Basic,,2013-01-06T10:01:02Z,Core Tyria & non-expansion releases
5055,Orrian Pistol,Weapon,Basic,,2013-01-06T10:03:05Z,Core Tyria & non-expansion releases
5048,Orrian Warhorn,Weapon,Basic,,2013-01-06T10:34:59Z,Core Tyria & non-expansion releases
4443,Inquest Mace,Weapon,Basic,,2013-01-07T21:35:52Z,Core Tyria & non-expansion releases
4432,Inquest Pistol,Weapon,Basic,,2013-01-07T21:37:03Z,Core Tyria & non-expansion releases
4409,Inquest Focus,Weapon,Basic,,2013-01-07T21:37:47Z,Core Tyria & non-expansion releases
4501,Inquest Shield,Weapon,Basic,,2013-01-07T21:38:41Z,Core Tyria & non-expansion releases
4358,Inquest Torch,Weapon,Basic,,2013-01-07T21:40:20Z,Core Tyria & non-expansion releases
4389,Inquest Warhorn,Weapon,Basic,,2013-01-07T21:42:25Z,Core Tyria & non-expansion releases
4485,Inquest Rifle,Weapon,Basic,,2013-01-07T21:58:29Z,Core Tyria & non-expansion releases
4364,Inquest Short Bow,Weapon,Basic,,2013-01-07T21:59:05Z,Core Tyria & non-expansion releases
4525,Inquest Staff,Weapon,Basic,,2013-01-07T21:59:51Z,Core Tyria & non-expansion releases
4410,Inquest Speargun,Weapon,Basic,,2013-01-07T22:00:54Z,Core Tyria & non-expansion releases
4471,Inquest Harpoon,Weapon,Basic,,2013-01-07T22:03:26Z,Core Tyria & non-expansion releases
4402,Inquest Trident,Weapon,Basic,,2013-01-07T22:03:50Z,Core Tyria & non-expansion releases
4514,Golden Wing Dagger,Weapon,Basic,,2013-01-07T22:39:41Z,Core Tyria & non-expansion releases
4459,Golden Wing Mace,Weapon,Basic,,2013-01-07T22:40:42Z,Core Tyria & non-expansion releases
4451,Golden Wing Pistol,Weapon,Basic,,2013-01-07T22:41:26Z,Core Tyria & non-expansion releases
4422,Golden Wing Focus,Weapon,Basic,,2013-01-07T22:42:59Z,Core Tyria & non-expansion releases
4450,Golden Wing Shield,Weapon,Basic,,2013-01-07T22:43:39Z,Core Tyria & non-expansion releases
4368,Golden Wing Warhorn,Weapon,Basic,,2013-01-07T22:44:50Z,Core Tyria & non-expansion releases
4511,Golden Wing Hammer,Weapon,Basic,,2013-01-07T22:49:45Z,Core Tyria & non-expansion releases
4407,Golden Wing Longbow,Weapon,Basic,,2013-01-07T22:50:41Z,Core Tyria & non-expansion releases
4463,Golden Wing Rifle,Weapon,Basic,,2013-01-07T22:51:38Z,Core Tyria & non-expansion releases
4374,Golden Wing Short Bow,Weapon,Basic,,2013-01-07T22:52:09Z,Core Tyria & non-expansion releases
4417,Golden Wing Speargun,Weapon,Basic,,2013-01-07T22:53:01Z,Core Tyria & non-expansion releases
4483,Golden Wing Harpoon,Weapon,Basic,,2013-01-07T22:53:22Z,Core Tyria & non-expansion releases
4411,Golden Wing Trident,Weapon,Basic,,2013-01-07T22:54:09Z,Core Tyria & non-expansion releases
3911,Destroyer Pistol,Weapon,Basic,,2013-01-08T00:12:01Z,Core Tyria & non-expansion releases
3888,Destroyer Mace,Weapon,Basic,,2013-01-08T00:41:33Z,Core Tyria & non-expansion releases
3877,Destroyer Focus,Weapon,Basic,,2013-01-08T00:59:35Z,Core Tyria & non-expansion releases
4381,Dark Asuran Dagger,Weapon,Basic,,2013-01-08T01:18:09Z,Core Tyria & non-expansion releases
3874,Destroyer Torch,Weapon,Basic,,2013-01-08T01:19:09Z,Core Tyria & non-expansion releases
4379,Dark Asuran Mace,Weapon,Basic,,2013-01-08T01:19:10Z,Core Tyria & non-expansion releases
4378,Dark Asuran Pistol,Weapon,Basic,,2013-01-08T01:19:46Z,Core Tyria & non-expansion releases
4359,Dark Asuran Focus,Weapon,Basic,,2013-01-08T01:22:16Z,Core Tyria & non-expansion releases
4508,Dark Asuran Shield,Weapon,Basic,,2013-01-08T01:22:49Z,Core Tyria & non-expansion releases
4382,Dark Asuran Torch,Weapon,Basic,,2013-01-08T01:23:17Z,Core Tyria & non-expansion releases
4401,Dark Asuran Warhorn,Weapon,Basic,,2013-01-08T01:23:52Z,Core Tyria & non-expansion releases
3918,Destroyer Shield,Weapon,Basic,,2013-01-08T01:29:34Z,Core Tyria & non-expansion releases
4516,Dark Asuran Hammer,Weapon,Basic,,2013-01-08T01:30:30Z,Core Tyria & non-expansion releases
4452,Dark Asuran Longbow,Weapon,Basic,,2013-01-08T01:30:58Z,Core Tyria & non-expansion releases
4412,Dark Asuran Rifle,Weapon,Basic,,2013-01-08T01:31:40Z,Core Tyria & non-expansion releases
4387,Dark Asuran Short Bow,Weapon,Basic,,2013-01-08T01:32:06Z,Core Tyria & non-expansion releases
4530,Dark Asuran Staff,Weapon,Basic,,2013-01-08T01:32:29Z,Core Tyria & non-expansion releases
4375,Dark Asuran Speargun,Weapon,Basic,,2013-01-08T01:33:02Z,Core Tyria & non-expansion releases
4398,Dark Asuran Harpoon,Weapon,Basic,,2013-01-08T01:33:23Z,Core Tyria & non-expansion releases
4420,Dark Asuran Trident,Weapon,Basic,,2013-01-08T01:33:42Z,Core Tyria & non-expansion releases
3882,Destroyer Short Bow,Weapon,Basic,,2013-01-08T01:49:52Z,Core Tyria & non-expansion releases
4058,Destroyer Rifle,Weapon,Basic,,2013-01-08T01:52:13Z,Core Tyria & non-expansion releases
5032,Etched Bulwark,Weapon,Basic,,2013-01-10T19:31:48Z,Core Tyria & non-expansion releases
5045,Etched Greatbow,Weapon,Basic,,2013-01-15T18:33:17Z,Core Tyria & non-expansion releases
820,Heavy Baroque Mask,Armor,Basic,Heavy,2013-01-31T20:02:28Z,Core Tyria & non-expansion releases
821,Light Baroque Mask,Armor,Basic,Light,2013-01-31T20:02:37Z,Core Tyria & non-expansion releases
822,Medium Baroque Mask,Armor,Basic,Medium,2013-01-31T20:02:40Z,Core Tyria & non-expansion releases
815,Heavenly Heavy Bracers,Armor,Basic,Heavy,2013-01-31T21:24:43Z,Core Tyria & non-expansion releases
814,Heavenly Light Bracers,Armor,Basic,Light,2013-01-31T21:24:47Z,Core Tyria & non-expansion releases
816,Heavenly Medium Bracers,Armor,Basic,Medium,2013-01-31T21:24:51Z,Core Tyria & non-expansion releases
823,Icelord's Heavy Diadem,Armor,Basic,Heavy,2013-02-01T01:07:02Z,Core Tyria & non-expansion releases
824,Icelord's Light Diadem,Armor,Basic,Light,2013-02-01T01:07:06Z,Core Tyria & non-expansion releases
825,Icelord's Medium Diadem,Armor,Basic,Medium,2013-02-01T01:07:09Z,Core Tyria & non-expansion releases
5162,Norn Mace,Weapon,Basic,,2013-02-04T23:23:05Z,Core Tyria & non-expansion releases
5153,Norn Pistol,Weapon,Basic,,2013-02-04T23:27:10Z,Core Tyria & non-expansion releases
5138,Norn Focus,Weapon,Basic,,2013-02-04T23:33:38Z,Core Tyria & non-expansion releases
5078,Norn Warhorn,Weapon,Basic,,2013-02-04T23:36:36Z,Core Tyria & non-expansion releases
5103,Norn Torch,Weapon,Basic,,2013-02-04T23:37:44Z,Core Tyria & non-expansion releases
5115,Norn Rifle,Weapon,Basic,,2013-02-04T23:40:39Z,Core Tyria & non-expansion releases
5047,Norn Bow,Weapon,Basic,,2013-02-04T23:43:21Z,Core Tyria & non-expansion releases
5117,Norn Short Bow,Weapon,Basic,,2013-02-04T23:47:37Z,Core Tyria & non-expansion releases
5089,Norn Spear,Weapon,Basic,,2013-02-04T23:51:54Z,Core Tyria & non-expansion releases
5104,Norn Speargun,Weapon,Basic,,2013-02-04T23:52:43Z,Core Tyria & non-expansion releases
5049,Orrian Trident,Weapon,Basic,,2013-02-09T04:22:32Z,Core Tyria & non-expansion releases
5036,Etched Sledgehammer,Weapon,Basic,,2013-02-09T17:44:40Z,Core Tyria & non-expansion releases
5037,Etched Blade,Weapon,Basic,,2013-02-09T18:15:32Z,Core Tyria & non-expansion releases
5100,Etched Speargun,Weapon,Basic,,2013-02-09T18:20:26Z,Core Tyria & non-expansion releases
5303,Etched Harpoon,Weapon,Basic,,2013-02-09T18:29:36Z,Core Tyria & non-expansion releases
5041,Etched Trident,Weapon,Basic,,2013-02-09T18:33:09Z,Core Tyria & non-expansion releases
5040,Etched Short Bow,Weapon,Basic,,2013-02-09T18:35:47Z,Core Tyria & non-expansion releases
5112,Etched Short Bow,Weapon,Basic,,2013-02-09T18:35:47Z,Core Tyria & non-expansion releases
5031,Etched Shard,Weapon,Basic,,2013-02-09T18:39:49Z,Core Tyria & non-expansion releases
5028,Etched Cudgel,Weapon,Basic,,2013-02-09T18:42:11Z,Core Tyria & non-expansion releases
5046,Etched Revolver,Weapon,Basic,,2013-02-09T18:43:29Z,Core Tyria & non-expansion releases
5038,Etched Artifact,Weapon,Basic,,2013-02-09T18:44:57Z,Core Tyria & non-expansion releases
5042,Etched Harbinger,Weapon,Basic,,2013-02-09T18:46:08Z,Core Tyria & non-expansion releases
5035,Etched Wartorch,Weapon,Basic,,2013-02-09T18:47:30Z,Core Tyria & non-expansion releases
5064,Etched Blaster,Weapon,Basic,,2013-02-09T18:48:52Z,Core Tyria & non-expansion releases
713,Paws of Koda,Armor,Basic,Heavy,2013-03-01T21:59:53Z,Core Tyria & non-expansion releases
5161,Tribal Spear,Weapon,Basic,,2013-03-12T04:24:31Z,Core Tyria & non-expansion releases
4766,Wings of Dwayna,Weapon,Basic,,2013-03-13T06:00:51Z,Core Tyria & non-expansion releases
4560,Guild Broad Axe,Weapon,Basic,,2013-03-27T20:55:01Z,Core Tyria & non-expansion releases
4566,Guild Razor,Weapon,Basic,,2013-03-27T20:57:36Z,Core Tyria & non-expansion releases
4556,Guild Pummeler,Weapon,Basic,,2013-03-27T20:58:21Z,Core Tyria & non-expansion releases
4554,Guild Quick Shot,Weapon,Basic,,2013-03-27T20:58:58Z,Core Tyria & non-expansion releases
4559,Guild Truncheon,Weapon,Basic,,2013-03-27T20:59:25Z,Core Tyria & non-expansion releases
4568,Guild Spatha,Weapon,Basic,,2013-03-27T21:00:02Z,Core Tyria & non-expansion releases
4558,Guild Focus,Weapon,Basic,,2013-03-27T21:02:14Z,Core Tyria & non-expansion releases
4561,Guild Tower Shield,Weapon,Basic,,2013-03-27T21:03:00Z,Core Tyria & non-expansion releases
4550,Guild Flame,Weapon,Basic,,2013-03-27T21:03:30Z,Core Tyria & non-expansion releases
4551,Guild Warcaller,Weapon,Basic,,2013-03-27T21:03:50Z,Core Tyria & non-expansion releases
4564,Guild Sunderer,Weapon,Basic,,2013-03-27T21:12:44Z,Core Tyria & non-expansion releases
4565,Guild Crusher,Weapon,Basic,,2013-03-27T21:13:12Z,Core Tyria & non-expansion releases
4563,Guild Compound Bow,Weapon,Basic,,2013-03-27T21:13:39Z,Core Tyria & non-expansion releases
4562,Guild Sharp Shot,Weapon,Basic,,2013-03-27T21:14:05Z,Core Tyria & non-expansion releases
4555,Guild Reflex Bow,Weapon,Basic,,2013-03-27T21:14:27Z,Core Tyria & non-expansion releases
4567,Guild Pillar,Weapon,Basic,,2013-03-27T21:14:53Z,Core Tyria & non-expansion releases
4549,Guild Harpoon Gun,Weapon,Basic,,2013-03-27T21:16:38Z,Core Tyria & non-expansion releases
4557,Guild Spear,Weapon,Basic,,2013-03-27T21:16:58Z,Core Tyria & non-expansion releases
4552,Guild Trident,Weapon,Basic,,2013-03-27T21:17:10Z,Core Tyria & non-expansion releases
2362,Super Backpack Cover,Back,Basic,,2013-04-01T18:15:35Z,Core Tyria & non-expansion releases
2399,Molten Alliance Mining Pick,Gathering,Basic,,2013-04-15T15:10:57Z,Core Tyria & non-expansion releases
3959,Krait Star,Weapon,Basic,,2013-04-24T11:58:09Z,Core Tyria & non-expansion releases
731,Flame Legion Leggings,Armor,Basic,Medium,2013-04-25T08:30:03Z,Core Tyria & non-expansion releases
674,Forgeman Mask,Armor,Basic,Light,2013-04-27T15:48:48Z,Core Tyria & non-expansion releases
672,Forgeman Mantle,Armor,Basic,Light,2013-04-27T15:52:55Z,Core Tyria & non-expansion releases
670,Forgeman Raiment,Armor,Basic,Light,2013-04-27T15:54:48Z,Core Tyria & non-expansion releases
675,Forgeman Wristguards,Armor,Basic,Light,2013-04-27T15:57:15Z,Core Tyria & non-expansion releases
673,Forgeman Shoes,Armor,Basic,Light,2013-04-27T16:00:20Z,Core Tyria & non-expansion releases
671,Forgeman Leggings,Armor,Basic,Light,2013-04-27T16:01:54Z,Core Tyria & non-expansion releases
4093,Krait Shell,Weapon,Basic,,2013-04-29T19:13:07Z,Core Tyria & non-expansion releases
3973,Krait Whelk,Weapon,Basic,,2013-04-29T19:15:31Z,Core Tyria & non-expansion releases
4106,Krait Warhammer,Weapon,Basic,,2013-04-29T19:25:10Z,Core Tyria & non-expansion releases
4116,Krait Shooter,Weapon,Basic,,2013-04-29T19:32:33Z,Core Tyria & non-expansion releases
3985,Krait Short Bow,Weapon,Basic,,2013-04-29T19:32:49Z,Core Tyria & non-expansion releases
4111,Krait Crook,Weapon,Basic,,2013-04-29T19:33:00Z,Core Tyria & non-expansion releases
3999,Krait Harpoon Gun,Weapon,Basic,,2013-04-29T19:33:11Z,Core Tyria & non-expansion releases
4078,Krait Pilum,Weapon,Basic,,2013-04-29T19:33:24Z,Core Tyria & non-expansion releases
3960,Krait Trident,Weapon,Basic,,2013-04-29T19:33:29Z,Core Tyria & non-expansion releases
2012,Heavy Fused Gauntlets,Armor,Basic,Heavy,2013-05-01T17:00:31Z,Living World Season 1
2015,Medium Fused Gauntlets,Armor,Basic,Medium,2013-05-01T17:01:59Z,Living World Season 1
2017,Light Fused Gauntlets,Armor,Basic,Light,2013-05-01T17:02:46Z,Living World Season 1
2345,Decorative Molten Jetpack,Back,Basic,,2013-05-03T06:15:39Z,Living World Season 1
13,Country Coat,Armor,Basic,Light,2013-05-06T22:28:20Z,Living World Season 1
2354,Sclerite Karka Shell,Back,Basic,,2013-05-14T22:23:31Z,Living World Season 1
2353,Fervid Censer,Back,Basic,,2013-05-15T00:12:25Z,Living World Season 1
1411,Vigil's Honor Boots,Armor,Basic,Medium,2013-05-17T07:13:24Z,Living World Season 1
2387,Consortium Harvesting Sickle,Gathering,Basic,,2013-05-28T07:39:01Z,Living World Season 1
715,Mind of Koda,Armor,Basic,Light,2013-05-28T11:58:34Z,Living World Season 1
709,Mantle of Koda,Armor,Basic,Light,2013-05-28T12:05:10Z,Living World Season 1
704,Soul of Koda,Armor,Basic,Light,2013-05-28T12:19:47Z,Living World Season 1
718,Arms of Koda,Armor,Basic,Light,2013-05-28T12:28:48Z,Living World Season 1
705,Way of Koda,Armor,Basic,Light,2013-05-28T12:33:25Z,Living World Season 1
712,Path of Koda,Armor,Basic,Light,2013-05-28T12:37:04Z,Living World Season 1
4718,Foulbear Lucky Feathers,Weapon,Basic,,2013-05-31T09:14:16Z,Living World Season 1
1017,Fuzzy Bear Hat,Armor,Basic,Medium,2013-06-04T11:17:56Z,Living World Season 1
1032,Fuzzy Bear Hat,Armor,Basic,Heavy,2013-06-04T11:17:56Z,Living World Season 1
1033,Fuzzy Bear Hat,Armor,Basic,Light,2013-06-04T11:17:56Z,Living World Season 1
1029,Fuzzy Panda Hat,Armor,Basic,Light,2013-06-04T11:18:34Z,Living World Season 1
1039,Fuzzy Panda Hat,Armor,Basic,Heavy,2013-06-04T11:18:34Z,Living World Season 1
1040,Fuzzy Panda Hat,Armor,Basic,Medium,2013-06-04T11:18:34Z,Living World Season 1
966,Fuzzy Quaggan Hat,Armor,Basic,Medium,2013-06-04T11:18:58Z,Living World Season 1
1015,Fuzzy Quaggan Hat,Armor,Basic,Light,2013-06-04T11:18:58Z,Living World Season 1
1016,Fuzzy Quaggan Hat,Armor,Basic,Heavy,2013-06-04T11:18:58Z,Living World Season 1
1004,Fuzzy Quaggan Hat with Bow,Armor,Basic,Heavy,2013-06-04T11:19:18Z,Living World Season 1
1005,Fuzzy Quaggan Hat with Bow,Armor,Basic,Medium,2013-06-04T11:19:18Z,Living World Season 1
1006,Fuzzy Quaggan Hat with Bow,Armor,Basic,Light,2013-06-04T11:19:18Z,Living World Season 1
875,Devout Helm,Armor,Basic,Light,2013-06-08T17:08:54Z,Living World Season 1
876,Devout Mantle,Armor,Basic,Light,2013-06-08T17:10:31Z,Living World Season 1
5085,Orrian Rifle,Weapon,Basic,,2013-06-20T02:41:42Z,Living World Season 1
5223,Orrian Short Bow,Weapon,Basic,,2013-06-20T07:49:24Z,Living World Season 1
5166,Orrian Speargun,Weapon,Basic,,2013-06-20T07:49:46Z,Living World Season 1
2018,Monocle,Armor,Basic,Heavy,2013-06-24T13:19:21Z,Living World Season 1
2019,Monocle,Armor,Basic,Light,2013-06-24T13:19:21Z,Living World Season 1
2020,Monocle,Armor,Basic,Medium,2013-06-24T13:19:21Z,Living World Season 1
2391,Chop-It-All Logging Axe,Gathering,Basic,,2013-06-26T07:17:01Z,Living World Season 1
669,Forgeman Helmet,Armor,Basic,Heavy,2013-06-29T00:18:24Z,Living World Season 1
667,Forgeman Pauldrons,Armor,Basic,Heavy,2013-06-29T00:22:37Z,Living World Season 1
665,Forgeman Breastplate,Armor,Basic,Heavy,2013-06-29T00:26:28Z,Living World Season 1
683,Forgeman Gauntlets,Armor,Basic,Heavy,2013-06-29T00:28:31Z,Living World Season 1
666,Forgeman Tassets,Armor,Basic,Heavy,2013-06-29T00:31:09Z,Living World Season 1
668,Forgeman Greaves,Armor,Basic,Heavy,2013-06-29T00:32:40Z,Living World Season 1
680,Forgeman Headguard,Armor,Basic,Medium,2013-06-29T00:34:56Z,Living World Season 1
679,Forgeman Shoulders,Armor,Basic,Medium,2013-06-29T00:39:23Z,Living World Season 1
676,Forgeman Jacket,Armor,Basic,Medium,2013-06-29T00:42:09Z,Living World Season 1
682,Forgeman Gloves,Armor,Basic,Medium,2013-06-29T00:43:20Z,Living World Season 1
677,Forgeman Breeches,Armor,Basic,Medium,2013-06-29T00:45:36Z,Living World Season 1
678,Forgeman Boots,Armor,Basic,Medium,2013-06-29T00:46:33Z,Living World Season 1
4723,Ash Legion Shield,Weapon,Basic,,2013-06-30T12:39:02Z,Living World Season 1
1402,Vigil's Honor Circlet,Armor,Basic,Light,2013-07-05T05:26:27Z,Living World Season 1
1395,Vigil's Honor Mantle,Armor,Basic,Light,2013-07-05T05:30:38Z,Living World Season 1
1403,Vigil's Honor Vest,Armor,Basic,Light,2013-07-05T05:34:07Z,Living World Season 1
1410,Vigil's Honor Footwear,Armor,Basic,Light,2013-07-05T05:43:34Z,Living World Season 1
1396,Vigil's Honor Shoulderguards,Armor,Basic,Medium,2013-07-05T05:57:15Z,Living World Season 1
1405,Vigil's Honor Jerkin,Armor,Basic,Medium,2013-07-05T06:05:29Z,Living World Season 1
2342,Guild Backpack,Back,Basic,,2013-07-07T08:13:47Z,Living World Season 1
2350,Zephyr Rucksack,Back,Basic,,2013-07-23T13:19:33Z,Living World Season 1
2349,Desert Rose,Back,Basic,,2013-07-24T02:51:56Z,Living World Season 1
262,Noble Mask,Armor,Basic,Medium,2013-08-03T16:26:24Z,Living World Season 1
714,Visage of Koda,Armor,Basic,Medium,2013-08-06T11:19:33Z,Living World Season 1
708,Duty of Koda,Armor,Basic,Medium,2013-08-06T11:21:40Z,Living World Season 1
717,Force of Koda,Armor,Basic,Medium,2013-08-06T11:23:26Z,Living World Season 1
703,Heart of Koda,Armor,Basic,Medium,2013-08-06T11:24:36Z,Living World Season 1
702,Stride of Koda,Armor,Basic,Medium,2013-08-06T11:27:17Z,Living World Season 1
711,Tracks of Koda,Armor,Basic,Medium,2013-08-06T11:29:12Z,Living World Season 1
716,Head of Koda,Armor,Basic,Heavy,2013-08-06T11:31:53Z,Living World Season 1
710,Burden of Koda,Armor,Basic,Heavy,2013-08-06T11:32:51Z,Living World Season 1
706,Brawn of Koda,Armor,Basic,Heavy,2013-08-06T11:34:06Z,Living World Season 1
719,Claws of Koda,Armor,Basic,Heavy,2013-08-06T11:35:14Z,Living World Season 1
707,Body of Koda,Armor,Basic,Heavy,2013-08-06T11:35:58Z,Living World Season 1
752,Inquest Circlets,Armor,Basic,Light,2013-08-06T11:57:23Z,Living World Season 1
750,Inquest Mantle,Armor,Basic,Light,2013-08-06T12:01:49Z,Living World Season 1
749,Inquest Vest,Armor,Basic,Light,2013-08-06T12:02:34Z,Living World Season 1
754,Inquest Wraps,Armor,Basic,Light,2013-08-06T12:03:18Z,Living World Season 1
748,Inquest Breeches,Armor,Basic,Light,2013-08-06T12:04:37Z,Living World Season 1
751,Inquest Shoes,Armor,Basic,Light,2013-08-06T12:09:02Z,Living World Season 1
747,Inquest Hood,Armor,Basic,Medium,2013-08-06T12:10:28Z,Living World Season 1
745,Inquest Shoulders,Armor,Basic,Medium,2013-08-06T12:10:48Z,Living World Season 1
743,Inquest Guise,Armor,Basic,Medium,2013-08-06T12:11:22Z,Living World Season 1
753,Inquest Bracers,Armor,Basic,Medium,2013-08-06T12:11:40Z,Living World Season 1
744,Inquest Leggings,Armor,Basic,Medium,2013-08-06T12:11:59Z,Living World Season 1
746,Inquest Boots,Armor,Basic,Medium,2013-08-06T12:13:14Z,Living World Season 1
742,Inquest Helm,Armor,Basic,Heavy,2013-08-06T12:13:40Z,Living World Season 1
740,Inquest Pauldrons,Armor,Basic,Heavy,2013-08-06T12:13:57Z,Living World Season 1
738,Inquest Breastplate,Armor,Basic,Heavy,2013-08-06T12:14:18Z,Living World Season 1
755,Inquest Gauntlets,Armor,Basic,Heavy,2013-08-06T12:14:32Z,Living World Season 1
739,Inquest Legguards,Armor,Basic,Heavy,2013-08-06T12:14:47Z,Living World Season 1
741,Inquest Greaves,Armor,Basic,Heavy,2013-08-06T12:15:09Z,Living World Season 1
4767,Bonetti's Rapier,Weapon,Basic,,2013-08-07T08:59:20Z,Living World Season 1
4736,Rockweed Spire,Weapon,Basic,,2013-08-07T13:24:26Z,Living World Season 1
4895,Lord Taeres's Shadow,Weapon,Basic,,2013-08-07T17:50:17Z,Living World Season 1
4812,Guild Defender,Weapon,Basic,,2013-08-07T18:22:50Z,Living World Season 1
4792,Poyaqui's Noggin,Weapon,Basic,,2013-08-07T18:24:20Z,Living World Season 1
4762,Mecha Anchor,Weapon,Basic,,2013-08-08T07:32:00Z,Living World Season 1
4813,Levvi's Detector,Weapon,Basic,,2013-08-08T10:19:32Z,Living World Season 1
4874,Genesis,Weapon,Basic,,2013-08-08T14:49:43Z,Living World Season 1
4842,Crystal Guardian,Weapon,Basic,,2013-08-08T17:52:53Z,Living World Season 1
4806,Scepter of the Highborn,Weapon,Basic,,2013-08-08T17:54:53Z,Living World Season 1
4795,Shiverstone,Weapon,Basic,,2013-08-08T17:56:49Z,Living World Season 1
4839,Cobalt,Weapon,Basic,,2013-08-08T17:59:45Z,Living World Season 1
4888,Monsoon,Weapon,Basic,,2013-08-08T18:01:15Z,Living World Season 1
4872,Entropy,Weapon,Basic,,2013-08-08T18:03:07Z,Living World Season 1
4803,Arc,Weapon,Basic,,2013-08-08T18:06:30Z,Living World Season 1
4746,Stardust,Weapon,Basic,,2013-08-08T18:07:37Z,Living World Season 1
4886,Anton's Boot Blade,Weapon,Basic,,2013-08-08T18:08:37Z,Living World Season 1
4788,King's Remembrance,Weapon,Basic,,2013-08-08T18:11:15Z,Living World Season 1
4739,Cutthroat Caller,Weapon,Basic,,2013-08-08T18:12:29Z,Living World Season 1
4732,Occultist Flame,Weapon,Basic,,2013-08-08T18:13:56Z,Living World Season 1
4733,X6-31 Beta,Weapon,Basic,,2013-08-08T18:16:04Z,Living World Season 1
4713,Exterminator,Weapon,Basic,,2013-08-08T18:17:22Z,Living World Season 1
4765,Impaler,Weapon,Basic,,2013-08-08T18:18:32Z,Living World Season 1
4793,Truth,Weapon,Basic,,2013-08-08T18:19:46Z,Living World Season 1
4796,Beacon of Light,Weapon,Basic,,2013-08-08T18:20:53Z,Living World Season 1
4887,Komalie's Sacrificial Blade,Weapon,Basic,,2013-08-08T18:22:11Z,Living World Season 1
4797,Phoenix Reborn,Weapon,Basic,,2013-08-08T18:23:09Z,Living World Season 1
4742,Song of the Temptress,Weapon,Basic,,2013-08-08T18:24:11Z,Living World Season 1
4734,Razah's Nightmare,Weapon,Basic,,2013-08-08T18:25:02Z,Living World Season 1
4897,Twin Talons,Weapon,Basic,,2013-08-08T18:28:04Z,Living World Season 1
4805,Arthropoda,Weapon,Basic,,2013-08-08T18:51:42Z,Living World Season 1
4749,Crustacea,Weapon,Basic,,2013-08-09T14:40:22Z,Living World Season 1
5681,Seasoned Wood Torch,Weapon,Basic,,2013-08-19T19:50:23Z,Living World Season 1
5680,Seasoned Wood Warhorn,Weapon,Basic,,2013-08-19T20:50:54Z,Living World Season 1
5686,Seasoned Wood Scepter,Weapon,Basic,,2013-08-19T20:53:02Z,Living World Season 1
5683,Seasoned Wood Focus,Weapon,Basic,,2013-08-19T20:55:12Z,Living World Season 1
5685,Seasoned Wood Longbow,Weapon,Basic,,2013-08-19T21:19:44Z,Living World Season 1
5684,Seasoned Wood Harpoon Gun,Weapon,Basic,,2013-08-19T21:24:22Z,Living World Season 1
5687,Seasoned Wood Short Bow,Weapon,Basic,,2013-08-19T21:26:40Z,Living World Season 1
5679,Seasoned Wood Trident,Weapon,Basic,,2013-08-19T21:31:00Z,Living World Season 1
1072,Twisted Watchwork Shoulders,Armor,Basic,Heavy,2013-08-20T19:03:47Z,Living World Season 1
1075,Twisted Watchwork Shoulders,Armor,Basic,Light,2013-08-20T19:03:47Z,Living World Season 1
1077,Twisted Watchwork Shoulders,Armor,Basic,Medium,2013-08-20T19:03:47Z,Living World Season 1
4008,Darksteel Axe,Weapon,Basic,,2013-08-20T20:00:04Z,Living World Season 1
4006,Darksteel Mace,Weapon,Basic,,2013-08-20T20:15:35Z,Living World Season 1
4043,Darksteel Spear,Weapon,Basic,,2013-08-20T20:18:16Z,Living World Season 1
4061,Darksteel Dagger,Weapon,Basic,,2013-08-20T20:19:32Z,Living World Season 1
4090,Darksteel Sword,Weapon,Basic,,2013-08-20T20:20:32Z,Living World Season 1
4034,Darksteel Pistol,Weapon,Basic,,2013-08-20T20:24:33Z,Living World Season 1
4107,Darksteel Rifle,Weapon,Basic,,2013-08-20T20:25:48Z,Living World Season 1
4019,Hard Wood Harpoon Gun,Weapon,Basic,,2013-08-20T20:26:39Z,Living World Season 1
3987,Hard Wood Longbow,Weapon,Basic,,2013-08-20T20:27:44Z,Living World Season 1
3990,Hard Wood Short Bow,Weapon,Basic,,2013-08-20T20:28:24Z,Living World Season 1
3917,Hard Wood Torch,Weapon,Basic,,2013-08-20T20:35:49Z,Living World Season 1
3998,Hard Wood Warhorn,Weapon,Basic,,2013-08-20T20:36:42Z,Living World Season 1
3934,Hard Wood Scepter,Weapon,Basic,,2013-08-20T20:38:40Z,Living World Season 1
3919,Hard Wood Focus,Weapon,Basic,,2013-08-20T20:39:25Z,Living World Season 1
3988,Hard Wood Trident,Weapon,Basic,,2013-08-20T20:41:33Z,Living World Season 1
2013,Horns of the Dragon,Armor,Basic,Heavy,2013-08-21T02:59:29Z,Living World Season 1
2014,Horns of the Dragon,Armor,Basic,Light,2013-08-21T02:59:29Z,Living World Season 1
2016,Horns of the Dragon,Armor,Basic,Medium,2013-08-21T02:59:29Z,Living World Season 1
4033,Ogre Bludgeoner,Weapon,Basic,,2013-08-21T18:27:54Z,Living World Season 1
4068,Ogre Bulwark,Weapon,Basic,,2013-08-21T18:28:58Z,Living World Season 1
4065,Ogre Dirk,Weapon,Basic,,2013-08-21T18:30:23Z,Living World Season 1
4095,Ogre Breaker,Weapon,Basic,,2013-08-21T18:35:55Z,Living World Season 1
4064,Ogre Javelin,Weapon,Basic,,2013-08-21T18:37:48Z,Living World Season 1
3993,Ogre Hornbow,Weapon,Basic,,2013-08-21T18:38:52Z,Living World Season 1
4007,Ogre Short Bow,Weapon,Basic,,2013-08-21T18:39:39Z,Living World Season 1
4025,Ogre Harpoon Gun,Weapon,Basic,,2013-08-21T18:40:23Z,Living World Season 1
4110,Ogre Blaster,Weapon,Basic,,2013-08-21T18:41:03Z,Living World Season 1
4039,Ogre Flintlock,Weapon,Basic,,2013-08-21T18:42:07Z,Living World Season 1
3929,Ogre Blaze,Weapon,Basic,,2013-08-21T18:42:52Z,Living World Season 1
4014,Ogre Harbinger,Weapon,Basic,,2013-08-21T18:43:32Z,Living World Season 1
3941,Ogre Effigy,Weapon,Basic,,2013-08-21T18:45:03Z,Living World Season 1
4001,Ogre Trident,Weapon,Basic,,2013-08-21T18:46:16Z,Living World Season 1
4046,Mithril Axe,Weapon,Basic,,2013-08-21T20:02:56Z,Living World Season 1
4036,Mithril Mace,Weapon,Basic,,2013-08-21T20:04:21Z,Living World Season 1
4079,Mithril Dagger,Weapon,Basic,,2013-08-21T20:06:30Z,Living World Season 1
4103,Mithril Sword,Weapon,Basic,,2013-08-21T20:09:47Z,Living World Season 1
3957,Elder Wood Torch,Weapon,Basic,,2013-08-21T20:12:40Z,Living World Season 1
3968,Elder Wood Warhorn,Weapon,Basic,,2013-08-21T20:13:48Z,Living World Season 1
3992,Mithril Pistol,Weapon,Basic,,2013-08-21T20:14:54Z,Living World Season 1
3965,Elder Wood Scepter,Weapon,Basic,,2013-08-21T20:16:04Z,Living World Season 1
3950,Elder Wood Focus,Weapon,Basic,,2013-08-21T20:16:54Z,Living World Season 1
3956,Elder Wood Trident,Weapon,Basic,,2013-08-21T20:19:20Z,Living World Season 1
4114,Mithril Rifle,Weapon,Basic,,2013-08-21T20:20:43Z,Living World Season 1
3972,Elder Wood Harpoon Gun,Weapon,Basic,,2013-08-21T20:21:43Z,Living World Season 1
4024,Elder Wood Longbow,Weapon,Basic,,2013-08-21T20:22:43Z,Living World Season 1
3969,Elder Wood Short Bow,Weapon,Basic,,2013-08-21T20:29:17Z,Living World Season 1
4073,Mithril Spear,Weapon,Basic,,2013-08-21T20:32:09Z,Living World Season 1
184,Leather Shoulders,Armor,Basic,Medium,2013-09-02T02:46:08Z,Living World Season 1
253,Leather Gloves,Armor,Basic,Medium,2013-09-02T02:51:07Z,Living World Season 1
175,Leather Pants,Armor,Basic,Medium,2013-09-02T02:52:29Z,Living World Season 1
216,Prowler Helm,Armor,Basic,Medium,2013-09-02T03:28:57Z,Living World Season 1
196,Prowler Shoulders,Armor,Basic,Medium,2013-09-02T03:29:46Z,Living World Season 1
189,Prowler Coat,Armor,Basic,Medium,2013-09-02T03:30:27Z,Living World Season 1
256,Prowler Gloves,Armor,Basic,Medium,2013-09-02T03:31:00Z,Living World Season 1
190,Prowler Pants,Armor,Basic,Medium,2013-09-02T03:31:28Z,Living World Season 1
201,Prowler Boots,Armor,Basic,Medium,2013-09-02T03:31:59Z,Living World Season 1
222,Noble Coat,Armor,Basic,Medium,2013-09-02T20:02:39Z,Living World Season 1
233,Noble Shoulders,Armor,Basic,Medium,2013-09-02T20:04:09Z,Living World Season 1
221,Noble Pants,Armor,Basic,Medium,2013-09-02T20:07:03Z,Living World Season 1
238,Noble Boots,Armor,Basic,Medium,2013-09-02T20:08:33Z,Living World Season 1
2360,Storm Wizard Backpack Cover,Back,Basic,,2013-09-06T23:09:21Z,Living World Season 1
2358,Wings of the Sunless,Back,Basic,,2013-09-11T05:37:23Z,Living World Season 1
1994,Benthic Aquabreather,Armor,Basic,Light,2013-09-17T21:31:27Z,Living World Season 1
1995,Benthic Waterbreather,Armor,Basic,Medium,2013-09-17T21:31:29Z,Living World Season 1
1993,Benthic Hydrobreather,Armor,Basic,Heavy,2013-09-17T21:31:32Z,Living World Season 1
5276,Reaver of the Sunless,Weapon,Basic,,2013-09-19T01:03:31Z,Living World Season 1
5317,Razor of the Sunless,Weapon,Basic,,2013-09-19T01:03:59Z,Living World Season 1
5286,Flanged Mace of the Sunless,Weapon,Basic,,2013-09-19T01:04:11Z,Living World Season 1
5268,Revolver of the Sunless,Weapon,Basic,,2013-09-19T01:04:25Z,Living World Season 1
5291,Wand of the Sunless,Weapon,Basic,,2013-09-19T01:04:31Z,Living World Season 1
5336,Blade of the Sunless,Weapon,Basic,,2013-09-19T01:04:41Z,Living World Season 1
5269,Artifact of the Sunless,Weapon,Basic,,2013-09-19T01:04:47Z,Living World Season 1
5304,Bastion of the Sunless,Weapon,Basic,,2013-09-19T01:04:52Z,Living World Season 1
5247,Brazier of the Sunless,Weapon,Basic,,2013-09-19T01:05:07Z,Living World Season 1
5257,Herald of the Sunless,Weapon,Basic,,2013-09-19T01:16:34Z,Living World Season 1
5302,Claymore of the Sunless,Weapon,Basic,,2013-09-19T01:17:18Z,Living World Season 1
5315,Warhammer of the Sunless,Weapon,Basic,,2013-09-19T01:17:52Z,Living World Season 1
5275,Greatbow of the Sunless,Weapon,Basic,,2013-09-19T01:19:26Z,Living World Season 1
5297,Musket of the Sunless,Weapon,Basic,,2013-09-19T01:20:10Z,Living World Season 1
5254,Short Bow of the Sunless,Weapon,Basic,,2013-09-19T01:22:02Z,Living World Season 1
5329,Spire of the Sunless,Weapon,Basic,,2013-09-19T01:23:30Z,Living World Season 1
5283,Impaler of the Sunless,Weapon,Basic,,2013-09-19T01:24:11Z,Living World Season 1
5263,Harpoon Gun of the Sunless,Weapon,Basic,,2013-09-19T01:26:28Z,Living World Season 1
5262,Trident of the Sunless,Weapon,Basic,,2013-09-19T01:27:00Z,Living World Season 1
2357,Slickpack,Back,Basic,,2013-09-24T15:59:08Z,Living World Season 1
2398,Bone Pick,Gathering,Basic,,2013-09-24T16:42:15Z,Living World Season 1
4497,Graveyard Bloom,Weapon,Basic,,2013-10-01T18:08:08Z,Living World Season 1
4504,Monkshood,Weapon,Basic,,2013-10-01T18:10:28Z,Living World Season 1
4484,Bloodlily,Weapon,Basic,,2013-10-01T18:12:03Z,Living World Season 1
4520,Bloodroot,Weapon,Basic,,2013-10-01T18:13:22Z,Living World Season 1
4526,Shadewort,Weapon,Basic,,2013-10-01T18:15:08Z,Living World Season 1
4419,Wolfsbane,Weapon,Basic,,2013-10-01T18:16:00Z,Living World Season 1
4429,Hemlock,Weapon,Basic,,2013-10-01T19:27:18Z,Living World Season 1
4540,Xanthium,Weapon,Basic,,2013-10-01T19:30:45Z,Living World Season 1
4513,Snakeroot,Weapon,Basic,,2013-10-01T19:35:17Z,Living World Season 1
4533,Henbane,Weapon,Basic,,2013-10-01T19:41:56Z,Living World Season 1
4523,Belladonna,Weapon,Basic,,2013-10-01T19:43:17Z,Living World Season 1
4534,Crying Thorn,Weapon,Basic,,2013-10-01T19:44:13Z,Living World Season 1
4499,Deathcamas,Weapon,Basic,,2013-10-01T19:45:17Z,Living World Season 1
4541,Ilex,Weapon,Basic,,2013-10-01T19:48:09Z,Living World Season 1
4404,Haunting Cap,Weapon,Basic,,2013-10-01T19:50:10Z,Living World Season 1
4488,Fellsprout,Weapon,Basic,,2013-10-01T20:29:05Z,Living World Season 1
8103,Jack-in-the-Box Scythe,Gathering,Basic,,2013-10-08T16:41:14Z,Living World Season 1
2024,Gas Mask,Armor,Basic,Heavy,2013-10-29T18:08:56Z,Living World Season 1
2025,Gas Mask,Armor,Basic,Light,2013-10-29T18:08:56Z,Living World Season 1
2026,Gas Mask,Armor,Basic,Medium,2013-10-29T18:08:56Z,Living World Season 1
2392,Dreamcleaver Logging Axe,Gathering,Basic,,2013-10-29T19:18:07Z,Living World Season 1
1222,Grenth Hood,Armor,Basic,Heavy,2013-11-27T00:15:12Z,Living World Season 1
1223,Grenth Hood,Armor,Basic,Light,2013-11-27T00:15:12Z,Living World Season 1
1224,Grenth Hood,Armor,Basic,Medium,2013-11-27T00:15:12Z,Living World Season 1
1225,Stag Helm,Armor,Basic,Heavy,2013-11-27T00:20:01Z,Living World Season 1
1226,Stag Helm,Armor,Basic,Light,2013-11-27T00:20:01Z,Living World Season 1
1227,Stag Helm,Armor,Basic,Medium,2013-11-27T00:20:01Z,Living World Season 1
101,Reinforced Scale Helm,Armor,Basic,Heavy,2013-12-08T11:50:34Z,Living World Season 1
103,Cabalist Hood,Armor,Basic,Light,2013-12-10T21:11:08Z,Living World Season 1
2382,Light of Dwayna,Back,Basic,,2013-12-11T00:15:14Z,Living World Season 1
2383,Shadow of Grenth,Back,Basic,,2013-12-11T00:21:30Z,Living World Season 1
76,Privateer Shoulders,Armor,Basic,Medium,2013-12-11T00:45:14Z,Living World Season 1
46,Privateer Coat,Armor,Basic,Medium,2013-12-11T00:47:53Z,Living World Season 1
80,Privateer Gloves,Armor,Basic,Medium,2013-12-11T00:48:37Z,Living World Season 1
44,Privateer Pants,Armor,Basic,Medium,2013-12-11T00:49:32Z,Living World Season 1
75,Privateer Boots,Armor,Basic,Medium,2013-12-11T00:50:18Z,Living World Season 1
79,Cabalist Shoulders,Armor,Basic,Light,2013-12-11T14:00:46Z,Living World Season 1
51,Cabalist Coat,Armor,Basic,Light,2013-12-11T14:02:29Z,Living World Season 1
82,Cabalist Gloves,Armor,Basic,Light,2013-12-11T14:03:29Z,Living World Season 1
49,Cabalist Legs,Armor,Basic,Light,2013-12-11T14:04:37Z,Living World Season 1
78,Cabalist Boots,Armor,Basic,Light,2013-12-11T14:06:02Z,Living World Season 1
74,Reinforced Scale Boots,Armor,Basic,Heavy,2013-12-11T14:07:05Z,Living World Season 1
72,Reinforced Scale Pauldrons,Armor,Basic,Heavy,2013-12-11T14:07:57Z,Living World Season 1
77,Reinforced Scale Gauntlets,Armor,Basic,Heavy,2013-12-11T14:08:12Z,Living World Season 1
41,Reinforced Scale Legs,Armor,Basic,Heavy,2013-12-11T14:09:42Z,Living World Season 1
42,Reinforced Scale Coat,Armor,Basic,Heavy,2013-12-11T14:09:45Z,Living World Season 1
2327,Backpack Straps,Back,Basic,,2014-01-12T03:27:46Z,Living World Season 1
2002,Wurmslayer's Visor,Armor,Basic,Heavy,2014-01-21T23:47:34Z,Living World Season 1
2003,Wurmslayer's Masque,Armor,Basic,Light,2014-01-21T23:57:16Z,Living World Season 1
2004,Wurmslayer's Visage,Armor,Basic,Medium,2014-01-22T00:04:51Z,Living World Season 1
1998,Wurmslayer's Epaulets,Armor,Basic,Light,2014-01-23T03:23:16Z,Living World Season 1
1996,Wurmslayer's Wristguards,Armor,Basic,Light,2014-01-23T03:23:46Z,Living World Season 1
1999,Wurmslayer's Shoulderguard,Armor,Basic,Medium,2014-01-23T03:28:49Z,Living World Season 1
1997,Wurmslayer's Warfists,Armor,Basic,Heavy,2014-01-23T03:31:57Z,Living World Season 1
2001,Wurmslayer's Pauldrons,Armor,Basic,Heavy,2014-01-23T03:31:59Z,Living World Season 1
2396,Watchwork Mining Pick,Gathering,Basic,,2014-01-28T08:37:01Z,Living World Season 1
105,Marauder Mask,Armor,Basic,Medium,2014-02-14T00:18:35Z,Living World Season 1
5362,OooOoo Shooter,Weapon,Basic,,2014-02-15T05:34:17Z,Living World Season 1
2334,Dynamic Tempered Spinal Blades,Back,Basic,,2014-02-19T04:14:09Z,Living World Season 1
2328,Tempered Spinal Blades,Back,Basic,,2014-02-19T04:17:24Z,Living World Season 1
2333,Static Tempered Spinal Blades,Back,Basic,,2014-02-19T04:30:05Z,Living World Season 1
2332,Synergetic Tempered Spinal Blades,Back,Basic,,2014-02-19T04:33:21Z,Living World Season 1
2330,Spinal Blade Pack,Back,Basic,,2014-02-19T04:44:25Z,Living World Season 1
2331,Twin Spinal Blades,Back,Basic,,2014-02-19T05:06:29Z,Living World Season 1
2337,Quad Spinal Blades,Back,Basic,,2014-02-19T05:17:38Z,Living World Season 1
2335,Advanced Spinal Blades,Back,Basic,,2014-02-19T05:24:56Z,Living World Season 1
2384,Thresher-Sickle 5000,Gathering,Basic,,2014-02-25T14:02:38Z,Living World Season 1
5425,Scarlet's Rainbow,Weapon,Basic,,2014-03-06T03:45:39Z,Living World Season 1
5423,Scarlet's Kiss,Weapon,Basic,,2014-03-06T03:45:56Z,Living World Season 1
826,Glowing Crimson Mask,Armor,Basic,Medium,2014-03-06T09:54:27Z,Living World Season 1
831,Glowing Crimson Mask,Armor,Basic,Light,2014-03-06T09:54:27Z,Living World Season 1
832,Glowing Crimson Mask,Armor,Basic,Heavy,2014-03-06T09:54:27Z,Living World Season 1
2032,Scarlet's Spaulders,Armor,Basic,Light,2014-03-22T19:47:06Z,Living World Season 1
2034,Scarlet's Spaulders,Armor,Basic,Heavy,2014-03-22T19:47:06Z,Living World Season 1
2035,Scarlet's Spaulders,Armor,Basic,Medium,2014-03-22T19:47:06Z,Living World Season 1
790,Scarlet's Grasp,Armor,Basic,Heavy,2014-03-22T19:48:07Z,Living World Season 1
792,Scarlet's Grasp,Armor,Basic,Medium,2014-03-22T19:48:07Z,Living World Season 1
793,Scarlet's Grasp,Armor,Basic,Light,2014-03-22T19:48:07Z,Living World Season 1
5395,Hero's Axe,Weapon,Basic,,2014-03-23T01:22:48Z,Living World Season 1
5383,Hero's Dagger,Weapon,Basic,,2014-03-23T01:24:32Z,Living World Season 1
5400,Hero's Mace,Weapon,Basic,,2014-03-23T01:25:04Z,Living World Season 1
5384,Hero's Pistol,Weapon,Basic,,2014-03-23T01:25:29Z,Living World Season 1
5390,Hero's Sword,Weapon,Basic,,2014-03-23T01:34:39Z,Living World Season 1
5404,Hero's Scepter,Weapon,Basic,,2014-03-23T01:34:49Z,Living World Season 1
5391,Hero's Focus,Weapon,Basic,,2014-03-23T01:35:12Z,Living World Season 1
5401,Hero's Shield,Weapon,Basic,,2014-03-23T01:35:17Z,Living World Season 1
5385,Hero's Torch,Weapon,Basic,,2014-03-23T01:35:37Z,Living World Season 1
5387,Hero's Warhorn,Weapon,Basic,,2014-03-23T01:36:23Z,Living World Season 1
5394,Hero's Greatsword,Weapon,Basic,,2014-03-23T01:36:50Z,Living World Season 1
5386,Hero's Hammer,Weapon,Basic,,2014-03-23T01:36:56Z,Living World Season 1
5393,Hero's Longbow,Weapon,Basic,,2014-03-23T01:37:32Z,Living World Season 1
5398,Hero's Rifle,Weapon,Basic,,2014-03-23T01:37:37Z,Living World Season 1
5392,Hero's Short Bow,Weapon,Basic,,2014-03-23T01:38:10Z,Living World Season 1
5388,Hero's Staff,Weapon,Basic,,2014-03-23T01:38:52Z,Living World Season 1
5389,Hero's Trident,Weapon,Basic,,2014-03-23T01:39:26Z,Living World Season 1
5409,Hero's Harpoon Gun,Weapon,Basic,,2014-03-23T01:39:34Z,Living World Season 1
5405,Hero's Spear,Weapon,Basic,,2014-03-23T01:40:08Z,Living World Season 1
4712,Black Earth Trident,Weapon,Basic,,2014-03-23T02:14:38Z,Living World Season 1
5420,Mistforged Hero's Axe,Weapon,Basic,,2014-03-23T02:38:35Z,Living World Season 1
5396,Mistforged Hero's Dagger,Weapon,Basic,,2014-03-23T02:45:31Z,Living World Season 1
5410,Mistforged Hero's Spear,Weapon,Basic,,2014-03-23T02:49:12Z,Living World Season 1
5417,Mistforged Hero's Trident,Weapon,Basic,,2014-03-23T02:50:01Z,Living World Season 1
5399,Mistforged Hero's Harpoon Gun,Weapon,Basic,,2014-03-23T02:55:40Z,Living World Season 1
5403,Mistforged Hero's Staff,Weapon,Basic,,2014-03-23T02:56:24Z,Living World Season 1
5416,Mistforged Hero's Short Bow,Weapon,Basic,,2014-03-23T02:59:16Z,Living World Season 1
5408,Mistforged Hero's Rifle,Weapon,Basic,,2014-03-23T02:59:31Z,Living World Season 1
5418,Mistforged Hero's Longbow,Weapon,Basic,,2014-03-23T03:00:08Z,Living World Season 1
5397,Mistforged Hero's Hammer,Weapon,Basic,,2014-03-23T03:01:30Z,Living World Season 1
5414,Mistforged Hero's Greatsword,Weapon,Basic,,2014-03-23T03:01:32Z,Living World Season 1
5419,Mistforged Hero's Warhorn,Weapon,Basic,,2014-03-23T03:02:35Z,Living World Season 1
5415,Mistforged Hero's Torch,Weapon,Basic,,2014-03-23T03:03:12Z,Living World Season 1
5412,Mistforged Hero's Shield,Weapon,Basic,,2014-03-23T03:06:57Z,Living World Season 1
5413,Mistforged Hero's Focus,Weapon,Basic,,2014-03-23T03:09:13Z,Living World Season 1
5402,Mistforged Hero's Sword,Weapon,Basic,,2014-03-23T03:09:31Z,Living World Season 1
5407,Mistforged Hero's Pistol,Weapon,Basic,,2014-03-23T03:10:00Z,Living World Season 1
5406,Mistforged Hero's Scepter,Weapon,Basic,,2014-03-23T03:10:04Z,Living World Season 1
5411,Mistforged Hero's Mace,Weapon,Basic,,2014-03-23T03:10:48Z,Living World Season 1
2389,Frost Wasp Logging Tool,Gathering,Basic,,2014-03-25T16:53:04Z,Living World Season 1
2359,Plush Moto Backpack,Back,Basic,,2014-03-31T15:49:44Z,Living World Season 1
3858,Speargun,Weapon,Basic,,2014-04-03T20:21:28Z,Living World Season 1
4774,Jeweled Trident,Weapon,Basic,,2014-04-03T20:48:21Z,Living World Season 1
863,Devout Garb,Armor,Basic,Light,2014-04-17T01:49:22Z,Living World Season 1
891,Devout Gloves,Armor,Basic,Light,2014-04-17T01:49:44Z,Living World Season 1
862,Devout Leggings,Armor,Basic,Light,2014-04-17T01:50:04Z,Living World Season 1
874,Devout Shoes,Armor,Basic,Light,2014-04-17T01:50:34Z,Living World Season 1
4987,Destroyer Scythe,Weapon,Basic,,2014-04-17T23:43:20Z,Living World Season 1
857,Black Earth Aquabreather,Armor,Basic,Heavy,2014-04-24T20:56:41Z,Living World Season 1
858,Black Earth Aquabreather,Armor,Basic,Light,2014-04-24T20:56:41Z,Living World Season 1
859,Black Earth Aquabreather,Armor,Basic,Medium,2014-04-24T20:56:41Z,Living World Season 1
29,Apprentice Shoulders,Armor,Basic,Light,2014-04-27T06:06:02Z,Living World Season 1
2,Chainmail Chestpiece,Armor,Basic,Heavy,2014-04-27T07:03:56Z,Living World Season 1
1,Chainmail Leggings,Armor,Basic,Heavy,2014-04-27T17:13:27Z,Living World Season 1
887,Duelist Boots,Armor,Basic,Medium,2014-04-27T17:16:21Z,Living World Season 1
908,Duelist Gloves,Armor,Basic,Medium,2014-04-27T17:20:41Z,Living World Season 1
879,Duelist Coat,Armor,Basic,Medium,2014-04-27T17:22:18Z,Living World Season 1
914,Duelist Mask,Armor,Basic,Medium,2014-04-27T17:23:39Z,Living World Season 1
909,Duelist Pauldrons,Armor,Basic,Medium,2014-04-27T17:25:04Z,Living World Season 1
873,Duelist Pants,Armor,Basic,Medium,2014-04-27T17:26:16Z,Living World Season 1
724,Flame Legion Helm,Armor,Basic,Heavy,2014-04-29T00:15:55Z,Living World Season 1
735,Flame Legion Helm,Armor,Basic,Medium,2014-04-29T00:15:55Z,Living World Season 1
963,Aurora Helm,Armor,Basic,Light,2014-04-29T23:08:40Z,Living World Season 1
4844,Makeshift Spear,Weapon,Basic,,2014-05-26T14:59:37Z,Living World Season 1
5121,Tribal Speargun,Weapon,Basic,,2014-05-26T15:39:42Z,Living World Season 1
5127,Tribal Trident,Weapon,Basic,,2014-05-26T15:42:28Z,Living World Season 1
5455,Ancestral Outfit,Armor,Basic,Clothing,2014-05-27T07:19:53Z,Living World Season 1
5456,Chaos of Lyssa,Back,Basic,,2014-05-29T23:40:30Z,Living World Season 1
4885,Mjölnir,Weapon,Basic,,2014-05-31T14:22:09Z,Living World Season 1
1691,Tribal Headdress,Armor,Basic,Light,2014-06-01T22:07:36Z,Living World Season 1
1627,Tribal Mantle,Armor,Basic,Light,2014-06-01T22:08:29Z,Living World Season 1
1599,Tribal Vestments,Armor,Basic,Light,2014-06-01T22:08:57Z,Living World Season 1
1669,Tribal Bangles,Armor,Basic,Light,2014-06-01T22:09:15Z,Living World Season 1
1598,Tribal Leggings,Armor,Basic,Light,2014-06-01T22:09:41Z,Living World Season 1
1634,Tribal Walkers,Armor,Basic,Light,2014-06-01T22:10:11Z,Living World Season 1
5483,Adventurer's Mantle,Armor,Basic,Medium,2014-07-02T14:15:15Z,Living World Season 1
5486,Adventurer's Mantle,Armor,Basic,Light,2014-07-02T14:15:15Z,Living World Season 1
5487,Adventurer's Mantle,Armor,Basic,Heavy,2014-07-02T14:15:15Z,Living World Season 1
5480,Adventurer's Scarf,Armor,Basic,Medium,2014-07-02T16:14:52Z,Living World Season 1
5482,Adventurer's Scarf,Armor,Basic,Heavy,2014-07-02T16:14:52Z,Living World Season 1
5484,Adventurer's Scarf,Armor,Basic,Light,2014-07-02T16:14:52Z,Living World Season 1
5481,Adventurer's Spectacles,Armor,Basic,Heavy,2014-07-02T16:15:12Z,Living World Season 1
5485,Adventurer's Spectacles,Armor,Basic,Light,2014-07-02T16:15:12Z,Living World Season 1
5488,Adventurer's Spectacles,Armor,Basic,Medium,2014-07-02T16:15:12Z,Living World Season 1
2341,Quiver,Back,Basic,,2014-07-14T22:12:12Z,Living World Season 1
1815,Guild Watchman Faceguard,Armor,Basic,Medium,2014-07-15T22:58:58Z,Living World Season 1
1829,Guild Watchman Shoulderguards,Armor,Basic,Medium,2014-07-15T23:05:05Z,Living World Season 1
795,Guild Watchman Chestguard,Armor,Basic,Medium,2014-07-15T23:09:31Z,Living World Season 1
1806,Guild Watchman Gloves,Armor,Basic,Medium,2014-07-15T23:10:46Z,Living World Season 1
1827,Guild Watchman Leggings,Armor,Basic,Medium,2014-07-15T23:12:12Z,Living World Season 1
1791,Guild Watchman Boots,Armor,Basic,Medium,2014-07-15T23:13:48Z,Living World Season 1
4781,Dark Moon Shield,Weapon,Basic,,2014-07-15T23:24:39Z,Living World Season 1
5530,Lepidoptera,Weapon,Basic,,2014-07-16T00:19:41Z,Living World Season 1
5526,Blattodea,Weapon,Basic,,2014-07-16T01:06:37Z,Living World Season 1
5525,Blattellidae,Weapon,Basic,,2014-07-16T01:20:10Z,Living World Season 1
5531,Apidae,Weapon,Basic,,2014-07-16T01:31:12Z,Living World Season 1
5518,Latrodectus,Weapon,Basic,,2014-07-16T01:38:20Z,Living World Season 1
5521,Cryptopidae,Weapon,Basic,,2014-07-16T01:44:48Z,Living World Season 1
5527,Spirobolidae,Weapon,Basic,,2014-07-16T08:55:25Z,Living World Season 1
5516,Coleoptera,Weapon,Basic,,2014-07-16T09:04:49Z,Living World Season 1
5522,Lampyridae,Weapon,Basic,,2014-07-16T09:13:21Z,Living World Season 1
5523,Orthoptera,Weapon,Basic,,2014-07-16T09:21:04Z,Living World Season 1
5528,Scorpiones,Weapon,Basic,,2014-07-16T09:29:21Z,Living World Season 1
5529,Diptera,Weapon,Basic,,2014-07-16T09:39:03Z,Living World Season 1
5524,Odonata,Weapon,Basic,,2014-07-16T09:46:38Z,Living World Season 1
5519,Mantodea,Weapon,Basic,,2014-07-16T09:54:24Z,Living World Season 1
5517,Culicidae,Weapon,Basic,,2014-07-16T10:00:34Z,Living World Season 1
5520,Hymenoptera,Weapon,Basic,,2014-07-16T10:07:22Z,Living World Season 1
968,Fuzzy Leopard Hat,Armor,Basic,Heavy,2014-07-19T04:10:20Z,Living World Season 1
969,Fuzzy Leopard Hat,Armor,Basic,Light,2014-07-19T04:10:20Z,Living World Season 1
970,Fuzzy Leopard Hat,Armor,Basic,Medium,2014-07-19T04:10:20Z,Living World Season 1
972,Fuzzy Hylek Hat,Armor,Basic,Heavy,2014-07-19T04:10:22Z,Living World Season 1
973,Fuzzy Hylek Hat,Armor,Basic,Light,2014-07-19T04:10:22Z,Living World Season 1
974,Fuzzy Hylek Hat,Armor,Basic,Medium,2014-07-19T04:10:22Z,Living World Season 1
976,Fuzzy Cat Hat,Armor,Basic,Heavy,2014-07-19T04:10:30Z,Living World Season 1
977,Fuzzy Cat Hat,Armor,Basic,Light,2014-07-19T04:10:30Z,Living World Season 1
978,Fuzzy Cat Hat,Armor,Basic,Medium,2014-07-19T04:10:30Z,Living World Season 1
98,Country Mask,Armor,Basic,Light,2014-07-21T17:41:18Z,Living World Season 1
64,Country Mantle,Armor,Basic,Light,2014-07-21T17:42:53Z,Living World Season 1
17,Studded Coat,Armor,Basic,Medium,2014-07-22T19:04:11Z,Living World Season 1
59,Studded Gloves,Armor,Basic,Medium,2014-07-22T19:06:47Z,Living World Season 1
22,Studded Pants,Armor,Basic,Medium,2014-07-22T19:07:58Z,Living World Season 1
48,Studded Boots,Armor,Basic,Medium,2014-07-22T19:10:00Z,Living World Season 1
96,Worn Chain Helm,Armor,Basic,Heavy,2014-07-22T19:49:27Z,Living World Season 1
52,Worn Chain Pauldrons,Armor,Basic,Heavy,2014-07-22T19:50:11Z,Living World Season 1
21,Worn Chain Coat,Armor,Basic,Heavy,2014-07-22T19:50:55Z,Living World Season 1
40,Worn Chain Greaves,Armor,Basic,Heavy,2014-07-22T19:54:18Z,Living World Season 1
100,Magician Mask,Armor,Basic,Light,2014-07-22T20:46:06Z,Living World Season 1
70,Magician Mantle,Armor,Basic,Light,2014-07-22T20:46:32Z,Living World Season 1
34,Magician Legs,Armor,Basic,Light,2014-07-22T21:09:00Z,Living World Season 1
69,Magician Boots,Armor,Basic,Light,2014-07-22T21:09:13Z,Living World Season 1
31,Swindler Coat,Armor,Basic,Medium,2014-07-22T21:33:10Z,Living World Season 1
67,Swindler Boots,Armor,Basic,Medium,2014-07-22T21:34:49Z,Living World Season 1
952,Armageddon Breastplate,Armor,Basic,Heavy,2014-07-23T00:13:47Z,Living World Season 1
953,Armageddon Leggings,Armor,Basic,Heavy,2014-07-23T00:18:39Z,Living World Season 1
956,Armageddon Pauldrons,Armor,Basic,Heavy,2014-07-23T00:21:22Z,Living World Season 1
957,Armageddon Greaves,Armor,Basic,Heavy,2014-07-23T00:24:12Z,Living World Season 1
959,Armageddon Gauntlets,Armor,Basic,Heavy,2014-07-23T00:29:37Z,Living World Season 1
962,Armageddon Helm,Armor,Basic,Heavy,2014-07-23T00:34:30Z,Living World Season 1
950,Rubicon Hat,Armor,Basic,Medium,2014-07-23T00:38:25Z,Living World Season 1
949,Rubicon Shoulderpads,Armor,Basic,Medium,2014-07-23T00:40:28Z,Living World Season 1
946,Rubicon Coat,Armor,Basic,Medium,2014-07-23T00:42:04Z,Living World Season 1
951,Rubicon Gloves,Armor,Basic,Medium,2014-07-23T00:43:42Z,Living World Season 1
947,Rubicon Leggings,Armor,Basic,Medium,2014-07-23T00:45:34Z,Living World Season 1
948,Rubicon Boots,Armor,Basic,Medium,2014-07-23T00:47:39Z,Living World Season 1
958,Aurora Mantle,Armor,Basic,Light,2014-07-23T00:53:58Z,Living World Season 1
954,Aurora Garb,Armor,Basic,Light,2014-07-23T00:55:39Z,Living World Season 1
961,Aurora Gloves,Armor,Basic,Light,2014-07-23T00:57:49Z,Living World Season 1
955,Aurora Leggings,Armor,Basic,Light,2014-07-23T00:59:25Z,Living World Season 1
960,Aurora Shoes,Armor,Basic,Light,2014-07-23T01:01:12Z,Living World Season 1
63,Conjurer Chest,Armor,Basic,Light,2014-07-25T18:42:34Z,Living World Season 1
93,Conjurer Gloves,Armor,Basic,Light,2014-07-25T18:42:51Z,Living World Season 1
62,Conjurer Pants,Armor,Basic,Light,2014-07-25T18:43:09Z,Living World Season 1
88,Conjurer Shoes,Armor,Basic,Light,2014-07-25T18:43:25Z,Living World Season 1
941,Rogue Mask,Armor,Basic,Medium,2014-07-25T19:01:41Z,Living World Season 1
86,Rogue Pauldrons,Armor,Basic,Medium,2014-07-25T19:02:44Z,Living World Season 1
58,Rogue Coat,Armor,Basic,Medium,2014-07-25T19:03:00Z,Living World Season 1
91,Rogue Gloves,Armor,Basic,Medium,2014-07-25T19:03:39Z,Living World Season 1
57,Rogue Pants,Armor,Basic,Medium,2014-07-25T19:03:55Z,Living World Season 1
890,Rogue Boots,Armor,Basic,Medium,2014-07-25T19:04:28Z,Living World Season 1
104,Banded Helm,Armor,Basic,Heavy,2014-07-25T19:06:25Z,Living World Season 1
83,Banded Pauldrons,Armor,Basic,Heavy,2014-07-25T19:06:41Z,Living World Season 1
54,Banded Coat,Armor,Basic,Heavy,2014-07-25T19:06:59Z,Living World Season 1
87,Banded Gauntlets,Armor,Basic,Heavy,2014-07-25T19:07:38Z,Living World Season 1
55,Banded Legs,Armor,Basic,Heavy,2014-07-25T19:07:58Z,Living World Season 1
84,Banded Greaves,Armor,Basic,Heavy,2014-07-25T19:08:21Z,Living World Season 1
94,Seer Mask,Armor,Basic,Light,2014-07-28T20:22:58Z,Living World Season 1
45,Seer Mantle,Armor,Basic,Light,2014-07-28T20:23:43Z,Living World Season 1
9,Seer Coat,Armor,Basic,Light,2014-07-28T20:23:53Z,Living World Season 1
39,Seer Gloves,Armor,Basic,Light,2014-07-28T20:24:01Z,Living World Season 1
10,Seer Pants,Armor,Basic,Light,2014-07-28T20:24:12Z,Living World Season 1
30,Seer Boots,Armor,Basic,Light,2014-07-28T20:24:24Z,Living World Season 1
95,Sneakthief Mask,Armor,Basic,Medium,2014-07-28T20:26:15Z,Living World Season 1
47,Sneakthief Shoulderguards,Armor,Basic,Medium,2014-07-28T20:26:23Z,Living World Season 1
12,Sneakthief Coat,Armor,Basic,Medium,2014-07-28T20:26:33Z,Living World Season 1
43,Sneakthief Gloves,Armor,Basic,Medium,2014-07-28T20:26:43Z,Living World Season 1
11,Sneakthief Leggings,Armor,Basic,Medium,2014-07-28T20:26:51Z,Living World Season 1
35,Sneakthief Sandals,Armor,Basic,Medium,2014-07-28T20:26:57Z,Living World Season 1
92,Scallywag Helm,Armor,Basic,Heavy,2014-07-28T20:30:17Z,Living World Season 1
38,Scallywag Pauldrons,Armor,Basic,Heavy,2014-07-28T20:30:23Z,Living World Season 1
8,Scallywag Chest,Armor,Basic,Heavy,2014-07-28T20:30:35Z,Living World Season 1
33,Scallywag Gauntlets,Armor,Basic,Heavy,2014-07-28T20:30:41Z,Living World Season 1
7,Scallywag Legs,Armor,Basic,Heavy,2014-07-28T20:30:47Z,Living World Season 1
27,Scallywag Greaves,Armor,Basic,Heavy,2014-07-28T20:30:54Z,Living World Season 1
5532,Mysterious Vine,Back,Basic,,2014-07-29T23:54:25Z,Living World Season 1
5500,Ley Line Staff,Weapon,Basic,,2014-07-30T22:40:27Z,Living World Season 1
2264,Diviner Boots,Armor,Basic,Light,2014-08-01T16:02:40Z,Living World Season 1
2261,Diviner Leggings,Armor,Basic,Light,2014-08-01T16:02:41Z,Living World Season 1
2265,Diviner Gloves,Armor,Basic,Light,2014-08-01T16:02:42Z,Living World Season 1
2262,Diviner Coat,Armor,Basic,Light,2014-08-01T16:02:44Z,Living World Season 1
2263,Diviner Mantle,Armor,Basic,Light,2014-08-01T16:02:46Z,Living World Season 1
2266,Diviner Helm,Armor,Basic,Light,2014-08-01T16:02:47Z,Living World Season 1
1200,Krytan Bandana,Armor,Basic,Medium,2014-08-01T19:47:29Z,Living World Season 1
1103,Krytan Shoulderpads,Armor,Basic,Medium,2014-08-01T19:47:33Z,Living World Season 1
1097,Krytan Jerkin,Armor,Basic,Medium,2014-08-01T19:47:40Z,Living World Season 1
1156,Krytan Armguards,Armor,Basic,Medium,2014-08-01T19:47:47Z,Living World Season 1
1071,Krytan Leggings,Armor,Basic,Medium,2014-08-01T19:47:52Z,Living World Season 1
1111,Krytan Boots,Armor,Basic,Medium,2014-08-01T19:47:57Z,Living World Season 1
2274,Mist Walker Cap,Armor,Basic,Medium,2014-08-01T20:04:17Z,Living World Season 1
2269,Mist Walker Shoulders,Armor,Basic,Medium,2014-08-01T20:04:41Z,Living World Season 1
2267,Mist Walker Coat,Armor,Basic,Medium,2014-08-01T20:05:05Z,Living World Season 1
2273,Mist Walker Gloves,Armor,Basic,Medium,2014-08-01T20:05:17Z,Living World Season 1
2268,Mist Walker Leggings,Armor,Basic,Medium,2014-08-01T20:05:35Z,Living World Season 1
2271,Mist Walker Boots,Armor,Basic,Medium,2014-08-01T20:05:48Z,Living World Season 1
123,Illustrious Masque,Armor,Basic,Light,2014-08-03T22:40:34Z,Living World Season 1
4193,Violet Antique Flanged Mace,Weapon,Basic,,2014-08-04T02:30:14Z,Living World Season 1
892,Heavy Plate Helm,Armor,Basic,Heavy,2014-08-04T13:50:41Z,Living World Season 1
884,Heavy Plate Pauldrons,Armor,Basic,Heavy,2014-08-04T13:50:43Z,Living World Season 1
867,Heavy Plate Greaves,Armor,Basic,Heavy,2014-08-04T13:51:53Z,Living World Season 1
865,Heavy Plate Legguards,Armor,Basic,Heavy,2014-08-04T13:51:56Z,Living World Season 1
896,Heavy Plate Gauntlets,Armor,Basic,Heavy,2014-08-04T13:51:58Z,Living World Season 1
864,Heavy Plate Chestguard,Armor,Basic,Heavy,2014-08-04T13:52:01Z,Living World Season 1
4212,Violet Antique Greatbow,Weapon,Basic,,2014-08-07T19:25:18Z,Living World Season 1
4180,Calcite Antique Artifact,Weapon,Basic,,2014-08-07T19:28:56Z,Living World Season 1
4216,Calcite Antique Bastion,Weapon,Basic,,2014-08-07T19:42:03Z,Living World Season 1
4255,Calcite Antique Blade,Weapon,Basic,,2014-08-07T19:42:21Z,Living World Season 1
4133,Calcite Antique Brazier,Weapon,Basic,,2014-08-07T19:42:22Z,Living World Season 1
4226,Calcite Antique Claymore,Weapon,Basic,,2014-08-07T19:42:23Z,Living World Season 1
4190,Calcite Antique Flanged Mace,Weapon,Basic,,2014-08-07T19:42:24Z,Living World Season 1
4209,Calcite Antique Greatbow,Weapon,Basic,,2014-08-07T19:42:26Z,Living World Season 1
4137,Calcite Antique Harpoon Gun,Weapon,Basic,,2014-08-07T19:42:28Z,Living World Season 1
4150,Calcite Antique Herald,Weapon,Basic,,2014-08-07T19:42:31Z,Living World Season 1
4163,Calcite Antique Impaler,Weapon,Basic,,2014-08-07T19:42:33Z,Living World Season 1
4217,Calcite Antique Musket,Weapon,Basic,,2014-08-07T19:42:35Z,Living World Season 1
4243,Calcite Antique Razor,Weapon,Basic,,2014-08-07T19:42:37Z,Living World Season 1
4189,Calcite Antique Reaver,Weapon,Basic,,2014-08-07T19:42:39Z,Living World Season 1
4181,Calcite Antique Revolver,Weapon,Basic,,2014-08-07T19:42:41Z,Living World Season 1
4155,Calcite Antique Short Bow,Weapon,Basic,,2014-08-07T19:42:43Z,Living World Season 1
4248,Calcite Antique Spire,Weapon,Basic,,2014-08-07T19:42:45Z,Living World Season 1
4144,Calcite Antique Trident,Weapon,Basic,,2014-08-07T19:42:47Z,Living World Season 1
4215,Calcite Antique Wand,Weapon,Basic,,2014-08-07T19:42:49Z,Living World Season 1
4234,Calcite Antique Warhammer,Weapon,Basic,,2014-08-07T19:42:51Z,Living World Season 1
4168,Citrine Antique Artifact,Weapon,Basic,,2014-08-07T19:42:53Z,Living World Season 1
4203,Citrine Antique Bastion,Weapon,Basic,,2014-08-07T19:42:54Z,Living World Season 1
4251,Citrine Antique Blade,Weapon,Basic,,2014-08-07T19:42:56Z,Living World Season 1
4124,Citrine Antique Brazier,Weapon,Basic,,2014-08-07T19:42:58Z,Living World Season 1
4222,Citrine Antique Claymore,Weapon,Basic,,2014-08-07T19:43:00Z,Living World Season 1
4178,Citrine Antique Flanged Mace,Weapon,Basic,,2014-08-07T19:43:01Z,Living World Season 1
4195,Citrine Antique Greatbow,Weapon,Basic,,2014-08-07T19:43:03Z,Living World Season 1
4126,Citrine Antique Harpoon Gun,Weapon,Basic,,2014-08-07T19:43:05Z,Living World Season 1
4141,Citrine Antique Herald,Weapon,Basic,,2014-08-07T19:43:07Z,Living World Season 1
4159,Citrine Antique Impaler,Weapon,Basic,,2014-08-07T19:43:09Z,Living World Season 1
4200,Citrine Antique Musket,Weapon,Basic,,2014-08-07T19:43:11Z,Living World Season 1
4237,Citrine Antique Razor,Weapon,Basic,,2014-08-07T19:43:12Z,Living World Season 1
4175,Citrine Antique Reaver,Weapon,Basic,,2014-08-07T19:43:14Z,Living World Season 1
4167,Citrine Antique Revolver,Weapon,Basic,,2014-08-07T19:43:16Z,Living World Season 1
4148,Citrine Antique Short Bow,Weapon,Basic,,2014-08-07T19:43:18Z,Living World Season 1
4241,Citrine Antique Spire,Weapon,Basic,,2014-08-07T19:43:19Z,Living World Season 1
4130,Citrine Antique Trident,Weapon,Basic,,2014-08-07T19:43:21Z,Living World Season 1
4196,Citrine Antique Wand,Weapon,Basic,,2014-08-07T19:43:23Z,Living World Season 1
4230,Citrine Antique Warhammer,Weapon,Basic,,2014-08-07T19:43:25Z,Living World Season 1
4177,Cobalt Antique Artifact,Weapon,Basic,,2014-08-07T19:43:27Z,Living World Season 1
4214,Cobalt Antique Bastion,Weapon,Basic,,2014-08-07T19:43:28Z,Living World Season 1
4254,Cobalt Antique Blade,Weapon,Basic,,2014-08-07T19:43:30Z,Living World Season 1
4131,Cobalt Antique Brazier,Weapon,Basic,,2014-08-07T19:43:32Z,Living World Season 1
4225,Cobalt Antique Claymore,Weapon,Basic,,2014-08-07T19:43:34Z,Living World Season 1
4188,Cobalt Antique Flanged Mace,Weapon,Basic,,2014-08-07T19:43:36Z,Living World Season 1
4207,Cobalt Antique Greatbow,Weapon,Basic,,2014-08-07T19:43:37Z,Living World Season 1
4135,Cobalt Antique Harpoon Gun,Weapon,Basic,,2014-08-07T19:43:38Z,Living World Season 1
4149,Cobalt Antique Herald,Weapon,Basic,,2014-08-07T19:43:40Z,Living World Season 1
4162,Cobalt Antique Impaler,Weapon,Basic,,2014-08-07T19:43:42Z,Living World Season 1
4213,Cobalt Antique Musket,Weapon,Basic,,2014-08-07T19:43:44Z,Living World Season 1
4242,Cobalt Antique Razor,Weapon,Basic,,2014-08-07T19:43:47Z,Living World Season 1
4186,Cobalt Antique Reaver,Weapon,Basic,,2014-08-07T19:43:48Z,Living World Season 1
4174,Cobalt Antique Revolver,Weapon,Basic,,2014-08-07T19:43:50Z,Living World Season 1
4154,Cobalt Antique Short Bow,Weapon,Basic,,2014-08-07T19:43:52Z,Living World Season 1
4247,Cobalt Antique Spire,Weapon,Basic,,2014-08-07T19:43:53Z,Living World Season 1
4142,Cobalt Antique Trident,Weapon,Basic,,2014-08-07T19:43:55Z,Living World Season 1
4211,Cobalt Antique Wand,Weapon,Basic,,2014-08-07T19:43:57Z,Living World Season 1
4233,Cobalt Antique Warhammer,Weapon,Basic,,2014-08-07T19:43:59Z,Living World Season 1
4170,Crimson Antique Artifact,Weapon,Basic,,2014-08-07T19:44:01Z,Living World Season 1
4204,Crimson Antique Bastion,Weapon,Basic,,2014-08-07T19:44:02Z,Living World Season 1
4252,Crimson Antique Blade,Weapon,Basic,,2014-08-07T19:44:04Z,Living World Season 1
4125,Crimson Antique Brazier,Weapon,Basic,,2014-08-07T19:44:06Z,Living World Season 1
4223,Crimson Antique Claymore,Weapon,Basic,,2014-08-07T19:44:08Z,Living World Season 1
4183,Crimson Antique Flanged Mace,Weapon,Basic,,2014-08-07T19:44:09Z,Living World Season 1
4198,Crimson Antique Greatbow,Weapon,Basic,,2014-08-07T19:44:11Z,Living World Season 1
4128,Crimson Antique Harpoon Gun,Weapon,Basic,,2014-08-07T19:44:13Z,Living World Season 1
4143,Crimson Antique Herald,Weapon,Basic,,2014-08-07T19:44:14Z,Living World Season 1
4160,Crimson Antique Impaler,Weapon,Basic,,2014-08-07T19:44:16Z,Living World Season 1
4205,Crimson Antique Musket,Weapon,Basic,,2014-08-07T19:44:18Z,Living World Season 1
4238,Crimson Antique Razor,Weapon,Basic,,2014-08-07T19:44:20Z,Living World Season 1
4179,Crimson Antique Reaver,Weapon,Basic,,2014-08-07T19:44:22Z,Living World Season 1
4169,Crimson Antique Revolver,Weapon,Basic,,2014-08-07T19:44:24Z,Living World Season 1
4151,Crimson Antique Short Bow,Weapon,Basic,,2014-08-07T19:44:26Z,Living World Season 1
4244,Crimson Antique Spire,Weapon,Basic,,2014-08-07T19:44:28Z,Living World Season 1
4134,Crimson Antique Trident,Weapon,Basic,,2014-08-07T19:44:30Z,Living World Season 1
4201,Crimson Antique Wand,Weapon,Basic,,2014-08-07T19:44:31Z,Living World Season 1
4231,Crimson Antique Warhammer,Weapon,Basic,,2014-08-07T19:44:33Z,Living World Season 1
4172,Terracotta Antique Artifact,Weapon,Basic,,2014-08-07T19:44:34Z,Living World Season 1
4208,Terracotta Antique Bastion,Weapon,Basic,,2014-08-07T19:44:36Z,Living World Season 1
4253,Terracotta Antique Blade,Weapon,Basic,,2014-08-07T19:44:38Z,Living World Season 1
4129,Terracotta Antique Brazier,Weapon,Basic,,2014-08-07T19:44:39Z,Living World Season 1
4224,Terracotta Antique Claymore,Weapon,Basic,,2014-08-07T19:44:41Z,Living World Season 1
4187,Terracotta Antique Flanged Mace,Weapon,Basic,,2014-08-07T19:44:43Z,Living World Season 1
4202,Terracotta Antique Greatbow,Weapon,Basic,,2014-08-07T19:44:45Z,Living World Season 1
4132,Terracotta Antique Harpoon Gun,Weapon,Basic,,2014-08-07T19:44:47Z,Living World Season 1
4147,Terracotta Antique Herald,Weapon,Basic,,2014-08-07T19:44:48Z,Living World Season 1
4161,Terracotta Antique Impaler,Weapon,Basic,,2014-08-07T19:44:50Z,Living World Season 1
4210,Terracotta Antique Musket,Weapon,Basic,,2014-08-07T19:44:52Z,Living World Season 1
4240,Terracotta Antique Razor,Weapon,Basic,,2014-08-07T19:44:54Z,Living World Season 1
4184,Terracotta Antique Reaver,Weapon,Basic,,2014-08-07T19:44:56Z,Living World Season 1
4171,Terracotta Antique Revolver,Weapon,Basic,,2014-08-07T19:44:58Z,Living World Season 1
4152,Terracotta Antique Short Bow,Weapon,Basic,,2014-08-07T19:44:59Z,Living World Season 1
4245,Terracotta Antique Spire,Weapon,Basic,,2014-08-07T19:45:01Z,Living World Season 1
4138,Terracotta Antique Trident,Weapon,Basic,,2014-08-07T19:45:03Z,Living World Season 1
4206,Terracotta Antique Wand,Weapon,Basic,,2014-08-07T19:45:05Z,Living World Season 1
4232,Terracotta Antique Warhammer,Weapon,Basic,,2014-08-07T19:45:07Z,Living World Season 1
4182,Violet Antique Artifact,Weapon,Basic,,2014-08-07T19:45:09Z,Living World Season 1
4219,Violet Antique Bastion,Weapon,Basic,,2014-08-07T19:45:16Z,Living World Season 1
4256,Violet Antique Blade,Weapon,Basic,,2014-08-07T19:45:18Z,Living World Season 1
4139,Violet Antique Brazier,Weapon,Basic,,2014-08-07T19:45:20Z,Living World Season 1
4227,Violet Antique Claymore,Weapon,Basic,,2014-08-07T19:45:22Z,Living World Season 1
4140,Violet Antique Harpoon Gun,Weapon,Basic,,2014-08-07T19:45:23Z,Living World Season 1
4153,Violet Antique Herald,Weapon,Basic,,2014-08-07T19:45:25Z,Living World Season 1
4164,Violet Antique Impaler,Weapon,Basic,,2014-08-07T19:45:27Z,Living World Season 1
4220,Violet Antique Musket,Weapon,Basic,,2014-08-07T19:45:29Z,Living World Season 1
4246,Violet Antique Razor,Weapon,Basic,,2014-08-07T19:45:31Z,Living World Season 1
4191,Violet Antique Reaver,Weapon,Basic,,2014-08-07T19:45:33Z,Living World Season 1
4185,Violet Antique Revolver,Weapon,Basic,,2014-08-07T19:45:34Z,Living World Season 1
4157,Violet Antique Short Bow,Weapon,Basic,,2014-08-07T19:45:36Z,Living World Season 1
4249,Violet Antique Spire,Weapon,Basic,,2014-08-07T19:45:37Z,Living World Season 1
4145,Violet Antique Trident,Weapon,Basic,,2014-08-07T19:45:38Z,Living World Season 1
4218,Violet Antique Wand,Weapon,Basic,,2014-08-07T19:45:39Z,Living World Season 1
4235,Violet Antique Warhammer,Weapon,Basic,,2014-08-07T19:45:41Z,Living World Season 1
4165,Viridian Antique Artifact,Weapon,Basic,,2014-08-07T19:45:43Z,Living World Season 1
4197,Viridian Antique Bastion,Weapon,Basic,,2014-08-07T19:45:45Z,Living World Season 1
4250,Viridian Antique Blade,Weapon,Basic,,2014-08-07T19:45:47Z,Living World Season 1
4122,Viridian Antique Brazier,Weapon,Basic,,2014-08-07T19:45:49Z,Living World Season 1
4221,Viridian Antique Claymore,Weapon,Basic,,2014-08-07T19:45:50Z,Living World Season 1
4176,Viridian Antique Flanged Mace,Weapon,Basic,,2014-08-07T19:45:52Z,Living World Season 1
4192,Viridian Antique Greatbow,Weapon,Basic,,2014-08-07T19:45:54Z,Living World Season 1
4123,Viridian Antique Harpoon Gun,Weapon,Basic,,2014-08-07T19:45:56Z,Living World Season 1
4136,Viridian Antique Herald,Weapon,Basic,,2014-08-07T19:45:58Z,Living World Season 1
4158,Viridian Antique Impaler,Weapon,Basic,,2014-08-07T19:46:00Z,Living World Season 1
4199,Viridian Antique Musket,Weapon,Basic,,2014-08-07T19:46:02Z,Living World Season 1
4236,Viridian Antique Razor,Weapon,Basic,,2014-08-07T19:46:03Z,Living World Season 1
4173,Viridian Antique Reaver,Weapon,Basic,,2014-08-07T19:46:04Z,Living World Season 1
4166,Viridian Antique Revolver,Weapon,Basic,,2014-08-07T19:46:06Z,Living World Season 1
4146,Viridian Antique Short Bow,Weapon,Basic,,2014-08-07T19:46:09Z,Living World Season 1
4239,Viridian Antique Spire,Weapon,Basic,,2014-08-07T19:46:10Z,Living World Season 1
4127,Viridian Antique Trident,Weapon,Basic,,2014-08-07T19:46:12Z,Living World Season 1
4194,Viridian Antique Wand,Weapon,Basic,,2014-08-07T19:46:15Z,Living World Season 1
4229,Viridian Antique Warhammer,Weapon,Basic,,2014-08-07T19:46:17Z,Living World Season 1
5545,Cultivated Vine,Back,Basic,,2014-08-12T21:35:50Z,Living World Season 1
5544,Mawdrey,Back,Basic,,2014-08-14T11:56:45Z,Living World Season 1
5541,Wreath of Cooperation,Armor,Basic,Heavy,2014-08-14T15:27:49Z,Living World Season 1
5542,Wreath of Cooperation,Armor,Basic,Light,2014-08-14T15:27:49Z,Living World Season 1
5543,Wreath of Cooperation,Armor,Basic,Medium,2014-08-14T15:27:49Z,Living World Season 1
1692,Primitive Cowl,Armor,Basic,Light,2014-09-07T22:08:15Z,Living World Season 1
916,Primitive Footwraps,Armor,Basic,Light,2014-09-07T22:13:56Z,Living World Season 1
898,Primitive Chestwraps,Armor,Basic,Light,2014-09-07T22:19:27Z,Living World Season 1
903,Primitive Legwraps,Armor,Basic,Light,2014-09-07T22:24:03Z,Living World Season 1
921,Primitive Mantle,Armor,Basic,Light,2014-09-07T22:25:13Z,Living World Season 1
930,Primitive Handwraps,Armor,Basic,Light,2014-09-07T22:26:31Z,Living World Season 1
5653,Spirit Smith,Back,Basic,,2014-09-09T00:10:49Z,Living World Season 1
2305,Elegant Armorsmith's Backpack,Back,Basic,,2014-09-09T20:09:57Z,Living World Season 1
5657,Fused Molten Logging Axe,Gathering,Basic,,2014-09-09T21:31:52Z,Living World Season 1
5656,Fused Molten Sickle,Gathering,Basic,,2014-09-09T21:34:41Z,Living World Season 1
5639,Glorious Crown,Armor,Basic,Light,2014-09-09T22:17:12Z,Living World Season 1
5637,Glorious Epaulets,Armor,Basic,Light,2014-09-09T22:20:58Z,Living World Season 1
5641,Glorious Raiment,Armor,Basic,Light,2014-09-09T22:23:04Z,Living World Season 1
5640,Glorious Armguards,Armor,Basic,Light,2014-09-09T22:24:02Z,Living World Season 1
5638,Glorious Leggings,Armor,Basic,Light,2014-09-09T22:25:36Z,Living World Season 1
5642,Glorious Footgear,Armor,Basic,Light,2014-09-09T22:26:32Z,Living World Season 1
5648,Glorious Cap,Armor,Basic,Medium,2014-09-09T22:37:03Z,Living World Season 1
5627,Glorious Shoulderguards,Armor,Basic,Medium,2014-09-09T22:38:27Z,Living World Season 1
5650,Glorious Brigandine,Armor,Basic,Medium,2014-09-09T22:42:00Z,Living World Season 1
5649,Glorious Wristplates,Armor,Basic,Medium,2014-09-09T22:43:53Z,Living World Season 1
5647,Glorious Legguards,Armor,Basic,Medium,2014-09-09T22:45:05Z,Living World Season 1
2322,Simple Huntsman's Backpack,Back,Basic,,2014-09-09T22:45:09Z,Living World Season 1
5651,Glorious Shinplates,Armor,Basic,Medium,2014-09-09T22:48:22Z,Living World Season 1
5645,Glorious Plate Helm,Armor,Basic,Heavy,2014-09-09T22:55:11Z,Living World Season 1
5643,Glorious Pauldrons,Armor,Basic,Heavy,2014-09-09T22:56:22Z,Living World Season 1
5618,Glorious Breastplate,Armor,Basic,Heavy,2014-09-09T22:57:57Z,Living World Season 1
5646,Glorious Gauntlets,Armor,Basic,Heavy,2014-09-09T22:59:16Z,Living World Season 1
5644,Glorious Legplates,Armor,Basic,Heavy,2014-09-09T23:00:19Z,Living World Season 1
5652,Glorious Wargreaves,Armor,Basic,Heavy,2014-09-09T23:01:45Z,Living World Season 1
2310,Sturdy Huntsman's Backpack,Back,Basic,,2014-09-09T23:07:08Z,Living World Season 1
2312,Practical Huntsman's Backpack,Back,Basic,,2014-09-09T23:31:35Z,Living World Season 1
2323,Intricate Huntsman's Backpack,Back,Basic,,2014-09-09T23:36:51Z,Living World Season 1
2277,Simple Chef's Backpack,Back,Basic,,2014-09-09T23:41:02Z,Living World Season 1
2302,Basic Chef's Backpack,Back,Basic,,2014-09-09T23:46:19Z,Living World Season 1
2314,Savory Chef's Backpack,Back,Basic,,2014-09-09T23:48:57Z,Living World Season 1
2324,Hearty Chef's Backpack,Back,Basic,,2014-09-09T23:52:01Z,Living World Season 1
2321,Ornate Huntsman's Backpack,Back,Basic,,2014-09-09T23:52:12Z,Living World Season 1
2319,Gourmet Chef's Backpack,Back,Basic,,2014-09-09T23:54:38Z,Living World Season 1
2289,Ambrosial Chef's Backpack,Back,Basic,,2014-09-09T23:56:54Z,Living World Season 1
2296,Simple Leatherworker's Backpack,Back,Basic,,2014-09-10T00:22:33Z,Living World Season 1
2301,Simple Armorsmith's Backpack,Back,Basic,,2014-09-10T00:35:55Z,Living World Season 1
2295,Sturdy Leatherworker's Backpack,Back,Basic,,2014-09-10T00:36:31Z,Living World Season 1
2315,Practical Leatherworker's Backpack,Back,Basic,,2014-09-10T00:38:05Z,Living World Season 1
2279,Sturdy Armorsmith's Backpack,Back,Basic,,2014-09-10T00:38:28Z,Living World Season 1
2294,Intricate Leatherworker's Backpack,Back,Basic,,2014-09-10T00:39:31Z,Living World Season 1
2308,Practical Armorsmith's Backpack,Back,Basic,,2014-09-10T00:40:50Z,Living World Season 1
2293,Ornate Leatherworker's Backpack,Back,Basic,,2014-09-10T00:41:14Z,Living World Season 1
2303,Intricate Armorsmith's Backpack,Back,Basic,,2014-09-10T00:42:00Z,Living World Season 1
2284,Simple Artificer's Backpack,Back,Basic,,2014-09-10T00:44:06Z,Living World Season 1
2304,Ornate Armorsmith's Backpack,Back,Basic,,2014-09-10T00:44:38Z,Living World Season 1
2311,Elegant Huntsman's Backpack,Back,Basic,,2014-09-10T00:47:34Z,Living World Season 1
2292,Elegant Leatherworker's Backpack,Back,Basic,,2014-09-10T00:48:02Z,Living World Season 1
2297,Sturdy Artificer's Backpack,Back,Basic,,2014-09-10T00:49:32Z,Living World Season 1
2320,Practical Artificer's Backpack,Back,Basic,,2014-09-10T00:51:49Z,Living World Season 1
2298,Intricate Artificer's Backpack,Back,Basic,,2014-09-10T00:52:56Z,Living World Season 1
2299,Ornate Artificer's Backpack,Back,Basic,,2014-09-10T00:54:21Z,Living World Season 1
2300,Elegant Artificer's Backpack,Back,Basic,,2014-09-10T00:56:45Z,Living World Season 1
2281,Simple Jeweler's Backpack,Back,Basic,,2014-09-10T01:20:39Z,Living World Season 1
2280,Sturdy Jeweler's Backpack,Back,Basic,,2014-09-10T01:27:57Z,Living World Season 1
2276,Ornate Jeweler's Backpack,Back,Basic,,2014-09-10T01:31:37Z,Living World Season 1
2285,Intricate Jeweler's Backpack,Back,Basic,,2014-09-10T01:33:21Z,Living World Season 1
2313,Practical Jeweler's Backpack,Back,Basic,,2014-09-10T01:34:51Z,Living World Season 1
2286,Simple Tailor's Backpack,Back,Basic,,2014-09-10T01:47:24Z,Living World Season 1
2309,Sturdy Tailor's Backpack,Back,Basic,,2014-09-10T01:48:09Z,Living World Season 1
2316,Practical Tailor's Backpack,Back,Basic,,2014-09-10T01:48:56Z,Living World Season 1
2307,Intricate Tailor's Backpack,Back,Basic,,2014-09-10T01:49:38Z,Living World Season 1
2283,Ornate Tailor's Backpack,Back,Basic,,2014-09-10T01:50:32Z,Living World Season 1
2282,Elegant Tailor's Backpack,Back,Basic,,2014-09-10T01:51:17Z,Living World Season 1
2278,Elegant Jeweler's Backpack,Back,Basic,,2014-09-10T08:16:27Z,Living World Season 1
2291,Simple Weaponsmith's Backpack,Back,Basic,,2014-09-10T11:27:10Z,Living World Season 1
2290,Sturdy Weaponsmith's Backpack,Back,Basic,,2014-09-10T11:28:53Z,Living World Season 1
2317,Practical Weaponsmith's Backpack,Back,Basic,,2014-09-10T11:30:48Z,Living World Season 1
2306,Intricate Weaponsmith's Backpack,Back,Basic,,2014-09-10T11:32:30Z,Living World Season 1
2288,Ornate Weaponsmith's Backpack,Back,Basic,,2014-09-10T11:34:00Z,Living World Season 1
2287,Elegant Weaponsmith's Backpack,Back,Basic,,2014-09-10T11:35:51Z,Living World Season 1
5603,Glorious Hero's Plate Helm,Armor,Basic,Heavy,2014-09-11T06:57:04Z,Living World Season 1
5605,Glorious Hero's Pauldrons,Armor,Basic,Heavy,2014-09-11T07:04:52Z,Living World Season 1
5604,Glorious Hero's Legplates,Armor,Basic,Heavy,2014-09-11T07:11:39Z,Living World Season 1
5609,Glorious Hero's Crown,Armor,Basic,Light,2014-09-11T14:50:22Z,Living World Season 1
5611,Glorious Hero's Epaulets,Armor,Basic,Light,2014-09-11T14:50:39Z,Living World Season 1
5607,Glorious Hero's Raiment,Armor,Basic,Light,2014-09-11T14:50:59Z,Living World Season 1
5608,Glorious Hero's Armguards,Armor,Basic,Light,2014-09-11T14:51:09Z,Living World Season 1
5610,Glorious Hero's Leggings,Armor,Basic,Light,2014-09-11T14:51:23Z,Living World Season 1
5606,Glorious Hero's Footgear,Armor,Basic,Light,2014-09-11T14:51:38Z,Living World Season 1
5615,Glorious Hero's Cap,Armor,Basic,Medium,2014-09-11T14:54:35Z,Living World Season 1
5617,Glorious Hero's Shoulderguards,Armor,Basic,Medium,2014-09-11T14:54:49Z,Living World Season 1
5613,Glorious Hero's Brigandine,Armor,Basic,Medium,2014-09-11T14:55:07Z,Living World Season 1
5614,Glorious Hero's Wristplates,Armor,Basic,Medium,2014-09-11T14:55:22Z,Living World Season 1
5616,Glorious Hero's Legguards,Armor,Basic,Medium,2014-09-11T14:55:59Z,Living World Season 1
5612,Glorious Hero's Shinplates,Armor,Basic,Medium,2014-09-11T14:56:11Z,Living World Season 1
5599,Glorious Hero's Breastplate,Armor,Basic,Heavy,2014-09-11T14:59:16Z,Living World Season 1
5600,Glorious Hero's Gauntlets,Armor,Basic,Heavy,2014-09-11T14:59:35Z,Living World Season 1
5601,Glorious Hero's Wargreaves,Armor,Basic,Heavy,2014-09-11T15:00:00Z,Living World Season 1
4685,Spiked Club,Weapon,Basic,,2014-09-15T22:41:29Z,Living World Season 1
5672,Pinnacle Reaver,Weapon,Basic,,2014-09-22T13:37:16Z,Living World Season 1
5661,Pinnacle Kris,Weapon,Basic,,2014-09-22T13:40:34Z,Living World Season 1
5674,Pinnacle Mace,Weapon,Basic,,2014-09-22T13:42:24Z,Living World Season 1
5673,Pinnacle Pistol,Weapon,Basic,,2014-09-22T13:43:21Z,Living World Season 1
5666,Pinnacle Blade,Weapon,Basic,,2014-09-22T13:44:04Z,Living World Season 1
5662,Pinnacle Cesta,Weapon,Basic,,2014-09-22T13:44:37Z,Living World Season 1
5671,Pinnacle Scroll,Weapon,Basic,,2014-09-22T13:45:13Z,Living World Season 1
5670,Pinnacle Ward,Weapon,Basic,,2014-09-22T13:45:41Z,Living World Season 1
5665,Pinnacle Flame,Weapon,Basic,,2014-09-22T13:46:20Z,Living World Season 1
5663,Pinnacle Harbinger,Weapon,Basic,,2014-09-22T13:46:44Z,Living World Season 1
5678,Pinnacle Avenger,Weapon,Basic,,2014-09-22T13:47:16Z,Living World Season 1
5677,Pinnacle Thunder,Weapon,Basic,,2014-09-22T13:47:46Z,Living World Season 1
5675,Pinnacle Recurve Bow,Weapon,Basic,,2014-09-22T13:48:14Z,Living World Season 1
5660,Pinnacle Rifle,Weapon,Basic,,2014-09-22T13:48:42Z,Living World Season 1
5669,Pinnacle Short Bow,Weapon,Basic,,2014-09-22T13:49:18Z,Living World Season 1
5667,Pinnacle Spire,Weapon,Basic,,2014-09-22T13:49:56Z,Living World Season 1
5668,Pinnacle Wake,Weapon,Basic,,2014-09-22T13:50:24Z,Living World Season 1
5664,Pinnacle Trident,Weapon,Basic,,2014-09-22T13:51:17Z,Living World Season 1
5676,Pinnacle Impaler,Weapon,Basic,,2014-09-22T18:31:11Z,Living World Season 1
5595,Hellfire Brigandine,Armor,Basic,Light,2014-09-23T15:38:22Z,Living World Season 1
5596,Hellfire Leggings,Armor,Basic,Light,2014-09-23T15:44:53Z,Living World Season 1
5588,Radiant Brigandine,Armor,Basic,Light,2014-09-23T16:10:22Z,Living World Season 1
5587,Radiant Leggings,Armor,Basic,Light,2014-09-23T16:13:28Z,Living World Season 1
5593,Hellfire Hauberk,Armor,Basic,Medium,2014-09-23T16:24:29Z,Living World Season 1
5598,Hellfire Legguards,Armor,Basic,Medium,2014-09-23T16:34:14Z,Living World Season 1
5589,Radiant Hauberk,Armor,Basic,Medium,2014-09-23T16:43:50Z,Living World Season 1
5591,Radiant Legguards,Armor,Basic,Medium,2014-09-23T16:48:20Z,Living World Season 1
5597,Hellfire Cuirass,Armor,Basic,Heavy,2014-09-23T16:57:59Z,Living World Season 1
5594,Hellfire Chausses,Armor,Basic,Heavy,2014-09-23T17:02:16Z,Living World Season 1
5592,Radiant Cuirass,Armor,Basic,Heavy,2014-09-23T17:09:26Z,Living World Season 1
5590,Radiant Chausses,Armor,Basic,Heavy,2014-09-23T17:11:31Z,Living World Season 1
5586,Belinda's Greatsword,Weapon,Basic,,2014-09-23T21:00:36Z,Living World Season 1
3802,Dead Stop,Weapon,Basic,,2014-10-07T13:33:33Z,Living World Season 1
8091,Tireless Harvesting Minion,Gathering,Basic,,2014-10-07T13:40:55Z,Living World Season 1
8108,Tireless Logging Minion,Gathering,Basic,,2014-10-07T13:42:42Z,Living World Season 1
5698,Glowing Green Mask,Armor,Basic,Heavy,2014-10-07T13:44:35Z,Living World Season 1
5699,Glowing Green Mask,Armor,Basic,Light,2014-10-07T13:44:35Z,Living World Season 1
5700,Glowing Green Mask,Armor,Basic,Medium,2014-10-07T13:44:35Z,Living World Season 1
5004,Krytan Harpoon,Weapon,Basic,,2014-10-08T16:35:29Z,Living World Season 1
119,Illustrious Epaulets,Armor,Basic,Light,2014-10-11T22:40:34Z,Living World Season 1
109,Illustrious Doublet,Armor,Basic,Light,2014-10-11T22:40:36Z,Living World Season 1
118,Illustrious Wristguards,Armor,Basic,Light,2014-10-11T22:40:39Z,Living World Season 1
110,Illustrious Breeches,Armor,Basic,Light,2014-10-11T22:40:41Z,Living World Season 1
115,Illustrious Footwear,Armor,Basic,Light,2014-10-11T22:40:44Z,Living World Season 1
5708,Replica Job-o-Tron Backpack,Back,Basic,,2014-11-04T18:28:23Z,Living World Season 1
5745,Carapace Mantle,Armor,Basic,Light,2014-11-05T14:53:12Z,Living World Season 1
5716,Carapace Shoulderpads,Armor,Basic,Medium,2014-11-05T14:53:35Z,Living World Season 1
5744,Carapace Pauldrons,Armor,Basic,Heavy,2014-11-05T14:53:52Z,Living World Season 1
5740,Luminescent Pauldrons,Armor,Basic,Heavy,2014-11-06T16:01:39Z,Living World Season 1
5717,Luminescent Shoulderpads,Armor,Basic,Medium,2014-11-06T16:03:03Z,Living World Season 1
5732,Luminescent Mantle,Armor,Basic,Light,2014-11-06T16:03:57Z,Living World Season 1
8106,Log-r-Tron,Gathering,Basic,,2014-11-11T09:58:19Z,Living World Season 1
5746,Glint's Gaze Mask,Armor,Basic,Light,2014-11-11T10:04:50Z,Living World Season 1
5747,Glint's Gaze Mask,Armor,Basic,Medium,2014-11-11T10:04:50Z,Living World Season 1
5748,Glint's Gaze Mask,Armor,Basic,Heavy,2014-11-11T10:04:50Z,Living World Season 1
5720,Luminescent Gloves,Armor,Basic,Light,2014-11-19T04:27:47Z,Living World Season 1
5721,Luminescent Gauntlets,Armor,Basic,Heavy,2014-11-19T18:16:29Z,Living World Season 1
5729,Luminescent Vambraces,Armor,Basic,Medium,2014-11-19T18:18:09Z,Living World Season 1
5182,Shiverpeak Skewer,Weapon,Basic,,2014-11-19T20:46:54Z,Living World Season 1
5736,Carapace Gauntlets,Armor,Basic,Heavy,2014-11-20T00:23:04Z,Living World Season 1
5711,Carapace Vambraces,Armor,Basic,Medium,2014-11-20T00:24:25Z,Living World Season 1
5742,Carapace Gloves,Armor,Basic,Light,2014-11-20T00:25:22Z,Living World Season 1
8096,Mine-r-Tron,Gathering,Basic,,2014-11-25T11:08:10Z,Living World Season 1
5770,Eternal Sands,Weapon,Basic,,2014-12-02T19:22:38Z,Living World Season 1
5726,Carapace Pants,Armor,Basic,Light,2014-12-03T08:38:39Z,Living World Season 1
5715,Carapace Leggings,Armor,Basic,Medium,2014-12-03T15:57:41Z,Living World Season 1
5734,Carapace Tassets,Armor,Basic,Heavy,2014-12-03T16:55:32Z,Living World Season 1
5733,Carapace Shoes,Armor,Basic,Light,2014-12-03T16:58:12Z,Living World Season 1
5712,Carapace Boots,Armor,Basic,Medium,2014-12-03T16:59:18Z,Living World Season 1
5741,Carapace Greaves,Armor,Basic,Heavy,2014-12-03T17:00:12Z,Living World Season 1
5790,Welding Torch,Weapon,Basic,,2014-12-03T17:23:46Z,Living World Season 1
5727,Luminescent Leggings,Armor,Basic,Medium,2014-12-03T22:18:29Z,Living World Season 1
4984,Legionnaire Harpoon,Weapon,Basic,,2014-12-09T17:36:01Z,Living World Season 1
5214,Flame Harpoon,Weapon,Basic,,2014-12-10T17:51:52Z,Living World Season 1
6259,Spark,Weapon,Basic,,2014-12-11T17:36:39Z,Living World Season 1
9063,Rime-Rimmed Mariner's Rebreather,Armor,Basic,Medium,2014-12-19T00:09:42Z,Living World Season 1
9071,Rime-Rimmed Mariner's Rebreather,Armor,Basic,Light,2014-12-19T00:09:42Z,Living World Season 1
9083,Rime-Rimmed Mariner's Rebreather,Armor,Basic,Heavy,2014-12-19T00:09:42Z,Living World Season 1
5723,Luminescent Greaves,Armor,Basic,Heavy,2014-12-19T23:46:44Z,Living World Season 1
5731,Luminescent Boots,Armor,Basic,Medium,2014-12-20T00:08:46Z,Living World Season 1
5718,Luminescent Shoes,Armor,Basic,Light,2014-12-20T00:10:13Z,Living World Season 1
5739,Luminescent Tassets,Armor,Basic,Heavy,2014-12-20T00:15:46Z,Living World Season 1
5722,Luminescent Pants,Armor,Basic,Light,2014-12-20T00:17:22Z,Living World Season 1
5793,Shoulder Scarf,Armor,Basic,Light,2014-12-23T08:27:55Z,Living World Season 1
5794,Shoulder Scarf,Armor,Basic,Medium,2014-12-23T08:27:55Z,Living World Season 1
5795,Shoulder Scarf,Armor,Basic,Heavy,2014-12-23T08:27:55Z,Living World Season 1
8105,Reap-r-Tron,Gathering,Basic,,2014-12-23T08:35:12Z,Living World Season 1
1328,Toxic Gauntlets,Armor,Basic,Heavy,2014-12-30T23:37:04Z,Living World Season 1
1330,Toxic Armguard,Armor,Basic,Medium,2014-12-30T23:40:32Z,Living World Season 1
5170,Krytan Harpoon Gun,Weapon,Basic,,2015-01-06T17:18:03Z,Living World Season 1
5167,Gladium Trident,Weapon,Basic,,2015-01-11T21:45:32Z,Living World Season 1
5735,Carapace Helmet,Armor,Basic,Heavy,2015-01-14T19:32:17Z,Living World Season 1
5714,Carapace Mask,Armor,Basic,Medium,2015-01-14T22:30:16Z,Living World Season 1
5724,Carapace Cowl,Armor,Basic,Light,2015-01-14T22:42:04Z,Living World Season 1
5737,Carapace Breastplate,Armor,Basic,Heavy,2015-01-14T23:24:52Z,Living World Season 1
5710,Carapace Jerkin,Armor,Basic,Medium,2015-01-14T23:26:28Z,Living World Season 1
5743,Carapace Vestments,Armor,Basic,Light,2015-01-14T23:28:57Z,Living World Season 1
5817,Shadow of the Dragon Gloves,Armor,Basic,Medium,2015-01-16T12:47:16Z,Living World Season 1
5822,Shadow of the Dragon Gloves,Armor,Basic,Heavy,2015-01-16T12:47:16Z,Living World Season 1
5823,Shadow of the Dragon Gloves,Armor,Basic,Light,2015-01-16T12:47:16Z,Living World Season 1
5818,Shadow of the Dragon Helmet,Armor,Basic,Light,2015-01-16T12:49:22Z,Living World Season 1
5819,Shadow of the Dragon Helmet,Armor,Basic,Heavy,2015-01-16T12:49:22Z,Living World Season 1
5821,Shadow of the Dragon Helmet,Armor,Basic,Medium,2015-01-16T12:49:22Z,Living World Season 1
5725,Luminescent Breastplate,Armor,Basic,Heavy,2015-01-16T14:00:51Z,Living World Season 1
5730,Luminescent Jerkin,Armor,Basic,Medium,2015-01-16T14:00:53Z,Living World Season 1
5719,Luminescent Vestments,Armor,Basic,Light,2015-01-16T14:00:55Z,Living World Season 1
5738,Luminescent Helmet,Armor,Basic,Heavy,2015-01-16T14:03:20Z,Living World Season 1
5728,Luminescent Mask,Armor,Basic,Medium,2015-01-16T14:03:21Z,Living World Season 1
5713,Luminescent Cowl,Armor,Basic,Light,2015-01-16T14:03:23Z,Living World Season 1
4604,Lionguard Harpoon Gun,Weapon,Basic,,2015-01-16T20:38:25Z,Living World Season 1
4617,Lionguard Harpoon,Weapon,Basic,,2015-01-16T20:39:16Z,Living World Season 1
4599,Lionguard Trispear,Weapon,Basic,,2015-01-16T20:40:01Z,Living World Season 1
5266,Slingshot,Weapon,Basic,,2015-01-17T21:53:39Z,Living World Season 1
4653,Ebon Vanguard Spear,Weapon,Basic,,2015-01-19T18:17:50Z,Living World Season 1
4985,Hawk Trident,Weapon,Basic,,2015-01-19T18:35:26Z,Living World Season 1
4299,Warden Harpoon Gun,Weapon,Basic,,2015-01-20T17:14:43Z,Living World Season 1
1141,Light Island Shoulder,Armor,Basic,Light,2015-01-20T20:50:27Z,Living World Season 1
1143,Medium Island Shoulder,Armor,Basic,Medium,2015-01-20T20:52:52Z,Living World Season 1
1137,Heavy Island Shoulder,Armor,Basic,Heavy,2015-01-20T20:54:08Z,Living World Season 1
1044,Light Consortium Breathing Mask,Armor,Basic,Light,2015-01-20T20:58:49Z,Living World Season 1
1045,Medium Consortium Breathing Mask,Armor,Basic,Medium,2015-01-20T21:00:52Z,Living World Season 1
1041,Heavy Consortium Breathing Mask,Armor,Basic,Heavy,2015-01-20T21:02:59Z,Living World Season 1
1048,Plush Ram Backpack,Back,Basic,,2015-01-28T09:56:20Z,Living World Season 2
4696,Summit Targe,Weapon,Basic,,2015-02-02T18:25:37Z,Living World Season 2
11233,Lucky Envelope,Weapon,Basic,,2015-02-10T17:29:55Z,Living World Season 2
5856,Lucky Ram Lantern,Back,Rare,,2015-02-10T17:35:07Z,Living World Season 2
5857,Lucky Great Ram Lantern,Back,Exotic,,2015-02-10T17:35:13Z,Living World Season 2
4547,Guild Cleaver,Weapon,Basic,,2015-02-11T16:56:01Z,Living World Season 2
4988,Primitive Pillar,Weapon,Basic,,2015-02-12T22:17:45Z,Living World Season 2
3930,Corrupted Skeggox,Weapon,Basic,,2015-02-22T19:23:10Z,Living World Season 2
5343,Wooden Dagger,Weapon,Basic,,2015-02-26T16:10:53Z,Living World Season 2
5347,Toy Sword,Weapon,Basic,,2015-02-26T16:14:10Z,Living World Season 2
5312,Princess Wand,Weapon,Basic,,2015-02-26T16:16:43Z,Living World Season 2
5295,Bell Focus,Weapon,Basic,,2015-02-26T16:17:53Z,Living World Season 2
5327,Toy Candy Cane Hammer,Weapon,Basic,,2015-02-26T16:18:43Z,Living World Season 2
5316,Pop Gun,Weapon,Basic,,2015-02-26T16:19:47Z,Living World Season 2
5345,Toy Staff,Weapon,Basic,,2015-02-26T16:22:34Z,Living World Season 2
3770,Winter's Cutter,Weapon,Basic,,2015-02-27T15:40:31Z,Living World Season 2
3819,Winter's Needle,Weapon,Basic,,2015-02-27T15:42:19Z,Living World Season 2
3769,Winter's Sting,Weapon,Basic,,2015-02-27T15:45:06Z,Living World Season 2
3829,Winter's Slice,Weapon,Basic,,2015-02-27T15:46:17Z,Living World Season 2
3799,Winter's Shelter,Weapon,Basic,,2015-02-27T15:47:31Z,Living World Season 2
3804,Winter's Edge,Weapon,Basic,,2015-02-27T15:48:31Z,Living World Season 2
3811,Winter's Brunt,Weapon,Basic,,2015-02-27T15:49:31Z,Living World Season 2
3789,Winter's Reach,Weapon,Basic,,2015-02-27T15:50:41Z,Living World Season 2
3739,Winter's Arc,Weapon,Basic,,2015-02-27T15:51:13Z,Living World Season 2
3824,Winter's Timber,Weapon,Basic,,2015-02-27T15:52:11Z,Living World Season 2
3758,Aetherized Scepter,Weapon,Basic,,2015-02-27T17:31:19Z,Living World Season 2
3777,Aetherized Shield,Weapon,Basic,,2015-02-27T17:31:55Z,Living World Season 2
3715,Aetherized Short Bow,Weapon,Basic,,2015-02-27T17:32:32Z,Living World Season 2
3755,Aetherized Spear,Weapon,Basic,,2015-02-27T17:33:59Z,Living World Season 2
3735,Aetherized Harpoon Gun,Weapon,Basic,,2015-02-27T17:34:26Z,Living World Season 2
3814,Aetherized Staff,Weapon,Basic,,2015-02-27T17:35:14Z,Living World Season 2
3751,Aetherized Sword,Weapon,Basic,,2015-02-27T17:35:41Z,Living World Season 2
3710,Aetherized Torch,Weapon,Basic,,2015-02-27T17:36:02Z,Living World Season 2
3729,Aetherized Trident,Weapon,Basic,,2015-02-27T17:36:24Z,Living World Season 2
3720,Aetherized Warhorn,Weapon,Basic,,2015-02-27T17:36:54Z,Living World Season 2
3748,Aetherized Axe,Weapon,Basic,,2015-02-27T17:37:46Z,Living World Season 2
3798,Aetherized Dagger,Weapon,Basic,,2015-02-27T17:38:12Z,Living World Season 2
3746,Aetherized Focus,Weapon,Basic,,2015-02-27T17:38:28Z,Living World Season 2
3773,Aetherized Greatsword,Weapon,Basic,,2015-02-27T17:38:53Z,Living World Season 2
3797,Aetherized Hammer,Weapon,Basic,,2015-02-27T17:39:14Z,Living World Season 2
3749,Aetherized Longbow,Weapon,Basic,,2015-02-27T17:39:34Z,Living World Season 2
3752,Aetherized Mace,Weapon,Basic,,2015-02-27T17:39:56Z,Living World Season 2
3705,Aetherized Pistol,Weapon,Basic,,2015-02-27T17:40:19Z,Living World Season 2
3766,Aetherized Rifle,Weapon,Basic,,2015-02-27T17:40:44Z,Living World Season 2
5880,Lord Faren's Rapier,Weapon,Basic,,2015-02-28T15:03:35Z,Living World Season 2
3712,Fused Axe,Weapon,Basic,,2015-03-02T16:58:41Z,Living World Season 2
3732,Fused Dagger,Weapon,Basic,,2015-03-02T16:59:57Z,Living World Season 2
3716,Fused Mace,Weapon,Basic,,2015-03-02T17:00:46Z,Living World Season 2
3760,Fused Pistol,Weapon,Basic,,2015-03-02T17:01:25Z,Living World Season 2
3756,Fused Sword,Weapon,Basic,,2015-03-02T17:01:57Z,Living World Season 2
3779,Fused Scepter,Weapon,Basic,,2015-03-02T17:03:23Z,Living World Season 2
3753,Fused Focus,Weapon,Basic,,2015-03-02T17:04:08Z,Living World Season 2
3725,Fused Shield,Weapon,Basic,,2015-03-02T17:04:55Z,Living World Season 2
3718,Fused Torch,Weapon,Basic,,2015-03-02T17:05:30Z,Living World Season 2
3733,Fused Warhorn,Weapon,Basic,,2015-03-02T17:06:26Z,Living World Season 2
3714,Fused Greatsword,Weapon,Basic,,2015-03-02T17:07:06Z,Living World Season 2
3808,Fused Hammer,Weapon,Basic,,2015-03-02T17:07:50Z,Living World Season 2
3708,Fused Longbow,Weapon,Basic,,2015-03-02T17:09:48Z,Living World Season 2
3724,Fused Rifle,Weapon,Basic,,2015-03-02T17:10:53Z,Living World Season 2
3728,Fused Short Bow,Weapon,Basic,,2015-03-02T17:11:57Z,Living World Season 2
3747,Fused Staff,Weapon,Basic,,2015-03-02T17:12:43Z,Living World Season 2
5878,Black Feather Wings Backpack,Back,Basic,,2015-03-03T21:11:41Z,Living World Season 2
870,Pit Fighter Chestguard,Armor,Basic,Heavy,2015-03-06T10:50:49Z,Living World Season 2
5288,Super Axe,Weapon,Basic,,2015-03-06T16:28:52Z,Living World Season 2
5324,Super Dagger,Weapon,Basic,,2015-03-06T16:33:15Z,Living World Season 2
5292,Super Mace,Weapon,Basic,,2015-03-06T16:34:20Z,Living World Season 2
5279,Super Pistol,Weapon,Basic,,2015-03-06T16:36:29Z,Living World Season 2
5344,Super Sword,Weapon,Basic,,2015-03-06T16:37:35Z,Living World Season 2
5299,Super Scepter,Weapon,Basic,,2015-03-06T16:38:29Z,Living World Season 2
5274,Super Focus,Weapon,Basic,,2015-03-06T16:47:28Z,Living World Season 2
5311,Super Shield,Weapon,Basic,,2015-03-06T16:48:19Z,Living World Season 2
5251,Super Torch,Weapon,Basic,,2015-03-06T16:52:15Z,Living World Season 2
5261,Super Warhorn,Weapon,Basic,,2015-03-06T16:53:35Z,Living World Season 2
5308,Super Greatsword,Weapon,Basic,,2015-03-06T16:54:18Z,Living World Season 2
5325,Super Hammer,Weapon,Basic,,2015-03-06T16:58:39Z,Living World Season 2
5284,Super Long Bow,Weapon,Basic,,2015-03-06T17:04:19Z,Living World Season 2
5301,Super Rifle,Weapon,Basic,,2015-03-06T17:08:12Z,Living World Season 2
5258,Super Short Bow,Weapon,Basic,,2015-03-06T17:09:04Z,Living World Season 2
5334,Super Staff,Weapon,Basic,,2015-03-06T17:10:14Z,Living World Season 2
894,Stately Circlet,Armor,Basic,Light,2015-03-07T11:54:10Z,Living World Season 2
888,Stately Epaulets,Armor,Basic,Light,2015-03-07T11:57:29Z,Living World Season 2
866,Stately Garb,Armor,Basic,Light,2015-03-07T12:01:19Z,Living World Season 2
902,Stately Gloves,Armor,Basic,Light,2015-03-07T12:04:15Z,Living World Season 2
868,Stately Leggings,Armor,Basic,Light,2015-03-07T12:06:19Z,Living World Season 2
885,Stately Footwear,Armor,Basic,Light,2015-03-07T12:07:54Z,Living World Season 2
5281,King Toad's Axe,Weapon,Basic,,2015-03-09T15:03:31Z,Living World Season 2
5318,King Toad's Dagger,Weapon,Basic,,2015-03-09T15:05:13Z,Living World Season 2
5287,King Toad's Mace,Weapon,Basic,,2015-03-09T15:06:11Z,Living World Season 2
5271,King Toad's Pistol,Weapon,Basic,,2015-03-09T15:06:52Z,Living World Season 2
5341,King Toad's Sword,Weapon,Basic,,2015-03-09T15:07:42Z,Living World Season 2
5293,King Toad's Scepter,Weapon,Basic,,2015-03-09T15:08:44Z,Living World Season 2
5270,King Toad's Focus,Weapon,Basic,,2015-03-09T15:09:22Z,Living World Season 2
5306,King Toad's Shield,Weapon,Basic,,2015-03-09T15:13:46Z,Living World Season 2
5249,King Toad's Torch,Weapon,Basic,,2015-03-09T15:14:45Z,Living World Season 2
5259,King Toad's Warhorn,Weapon,Basic,,2015-03-09T15:15:40Z,Living World Season 2
5305,King Toad's Greatsword,Weapon,Basic,,2015-03-09T15:16:27Z,Living World Season 2
5320,King Toad's Hammer,Weapon,Basic,,2015-03-09T15:17:41Z,Living World Season 2
5277,King Toad's Longbow,Weapon,Basic,,2015-03-09T15:18:23Z,Living World Season 2
5298,King Toad's Rifle,Weapon,Basic,,2015-03-09T15:20:37Z,Living World Season 2
5255,King Toad's Short Bow,Weapon,Basic,,2015-03-09T15:21:42Z,Living World Season 2
5331,King Toad's Staff,Weapon,Basic,,2015-03-09T15:22:27Z,Living World Season 2
5285,Storm Wizard's Axe,Weapon,Basic,,2015-03-09T15:24:33Z,Living World Season 2
5323,Storm Wizard's Dagger,Weapon,Basic,,2015-03-09T15:25:24Z,Living World Season 2
5289,Storm Wizard's Mace,Weapon,Basic,,2015-03-09T15:26:36Z,Living World Season 2
5273,Storm Wizard's Pistol,Weapon,Basic,,2015-03-09T15:27:18Z,Living World Season 2
5342,Storm Wizard's Sword,Weapon,Basic,,2015-03-09T15:28:11Z,Living World Season 2
5296,Storm Wizard's Scepter,Weapon,Basic,,2015-03-09T15:28:59Z,Living World Season 2
5272,Storm Wizard's Focus,Weapon,Basic,,2015-03-09T15:32:09Z,Living World Season 2
5309,Storm Wizard's Shield,Weapon,Basic,,2015-03-09T15:32:52Z,Living World Season 2
5250,Storm Wizard's Torch,Weapon,Basic,,2015-03-09T15:33:49Z,Living World Season 2
5260,Storm Wizard's Warhorn,Weapon,Basic,,2015-03-09T15:35:25Z,Living World Season 2
5307,Storm Wizard's Greatsword,Weapon,Basic,,2015-03-09T15:36:56Z,Living World Season 2
5321,Storm Wizard's Hammer,Weapon,Basic,,2015-03-09T15:37:59Z,Living World Season 2
5282,Storm Wizard's Longbow,Weapon,Basic,,2015-03-09T15:38:52Z,Living World Season 2
5300,Storm Wizard's Rifle,Weapon,Basic,,2015-03-09T15:40:12Z,Living World Season 2
5256,Storm Wizard's Short Bow,Weapon,Basic,,2015-03-09T15:41:12Z,Living World Season 2
5332,Storm Wizard's Staff,Weapon,Basic,,2015-03-09T15:41:56Z,Living World Season 2
1830,Guild Archmage Cowl,Armor,Basic,Light,2015-03-09T22:56:13Z,Living World Season 2
1671,Guild Archmage Mantle,Armor,Basic,Light,2015-03-09T22:56:57Z,Living World Season 2
794,Guild Archmage Robes,Armor,Basic,Light,2015-03-09T22:57:23Z,Living World Season 2
1714,Guild Archmage Gloves,Armor,Basic,Light,2015-03-09T22:58:05Z,Living World Season 2
1824,Guild Archmage Pants,Armor,Basic,Light,2015-03-09T22:58:26Z,Living World Season 2
1675,Guild Archmage Shoes,Armor,Basic,Light,2015-03-09T22:59:05Z,Living World Season 2
3762,Sclerite Axe,Weapon,Basic,,2015-03-10T13:56:20Z,Living World Season 2
3817,Sclerite Dagger,Weapon,Basic,,2015-03-10T13:58:02Z,Living World Season 2
3768,Sclerite Mace,Weapon,Basic,,2015-03-10T13:58:41Z,Living World Season 2
3763,Sclerite Pistol,Weapon,Basic,,2015-03-10T13:59:34Z,Living World Season 2
3827,Sclerite Sword,Weapon,Basic,,2015-03-10T14:00:20Z,Living World Season 2
3781,Sclerite Scepter,Weapon,Basic,,2015-03-10T14:01:12Z,Living World Season 2
3754,Sclerite Focus,Weapon,Basic,,2015-03-10T14:01:56Z,Living World Season 2
3792,Sclerite Shield,Weapon,Basic,,2015-03-10T14:02:36Z,Living World Season 2
3719,Sclerite Torch,Weapon,Basic,,2015-03-10T14:03:23Z,Living World Season 2
3736,Sclerite Warhorn,Weapon,Basic,,2015-03-10T14:03:49Z,Living World Season 2
3801,Sclerite Greatsword,Weapon,Basic,,2015-03-10T14:05:12Z,Living World Season 2
3809,Sclerite Hammer,Weapon,Basic,,2015-03-10T14:07:27Z,Living World Season 2
3783,Sclerite Longbow,Weapon,Basic,,2015-03-10T14:08:09Z,Living World Season 2
3787,Sclerite Rifle,Weapon,Basic,,2015-03-10T14:08:55Z,Living World Season 2
3730,Sclerite Short Bow,Weapon,Basic,,2015-03-10T14:09:41Z,Living World Season 2
3820,Sclerite Staff,Weapon,Basic,,2015-03-10T14:10:36Z,Living World Season 2
3767,Dragon's Jade Reaver,Weapon,Basic,,2015-03-10T14:14:33Z,Living World Season 2
3818,Dragon's Jade Kris,Weapon,Basic,,2015-03-10T14:15:17Z,Living World Season 2
3771,Dragon's Jade Cudgel,Weapon,Basic,,2015-03-10T14:16:08Z,Living World Season 2
3765,Dragon's Jade Flintlock,Weapon,Basic,,2015-03-10T14:16:49Z,Living World Season 2
3828,Dragon's Jade Lacerator,Weapon,Basic,,2015-03-10T14:17:32Z,Living World Season 2
3784,Dragon's Jade Truncheon,Weapon,Basic,,2015-03-10T14:18:13Z,Living World Season 2
3757,Dragon's Jade Aspect,Weapon,Basic,,2015-03-10T14:18:57Z,Living World Season 2
3795,Dragon's Jade Wall,Weapon,Basic,,2015-03-10T14:20:14Z,Living World Season 2
3721,Dragon's Jade Flame,Weapon,Basic,,2015-03-10T14:21:00Z,Living World Season 2
3740,Dragon's Jade Harbinger,Weapon,Basic,,2015-03-10T14:21:44Z,Living World Season 2
3803,Dragon's Jade Avenger,Weapon,Basic,,2015-03-10T14:22:33Z,Living World Season 2
3810,Dragon's Jade Warhammer,Weapon,Basic,,2015-03-10T14:23:12Z,Living World Season 2
3786,Dragon's Jade Hornbow,Weapon,Basic,,2015-03-10T14:24:39Z,Living World Season 2
3791,Dragon's Jade Blunderbuss,Weapon,Basic,,2015-03-10T14:25:22Z,Living World Season 2
3734,Dragon's Jade Needler,Weapon,Basic,,2015-03-10T14:26:08Z,Living World Season 2
3822,Dragon's Jade Quarterstaff,Weapon,Basic,,2015-03-10T14:26:56Z,Living World Season 2
4543,Guild Speargun,Weapon,Basic,,2015-03-11T14:33:30Z,Living World Season 2
3844,Zenith Reaver,Weapon,Basic,,2015-03-11T16:01:10Z,Living World Season 2
3850,Zenith Kris,Weapon,Basic,,2015-03-11T16:02:05Z,Living World Season 2
3840,Zenith Mace,Weapon,Basic,,2015-03-11T16:02:48Z,Living World Season 2
3848,Zenith Pistol,Weapon,Basic,,2015-03-11T16:03:34Z,Living World Season 2
3853,Zenith Blade,Weapon,Basic,,2015-03-11T16:04:16Z,Living World Season 2
3837,Zenith Cesta,Weapon,Basic,,2015-03-11T16:04:58Z,Living World Season 2
3836,Zenith Scroll,Weapon,Basic,,2015-03-11T16:05:36Z,Living World Season 2
3835,Zenith Ward,Weapon,Basic,,2015-03-11T16:06:12Z,Living World Season 2
3847,Zenith Flame,Weapon,Basic,,2015-03-11T16:06:47Z,Living World Season 2
3845,Zenith Harbinger,Weapon,Basic,,2015-03-11T16:08:41Z,Living World Season 2
3841,Zenith Avenger,Weapon,Basic,,2015-03-11T16:09:30Z,Living World Season 2
3851,Zenith Thunder,Weapon,Basic,,2015-03-11T16:10:07Z,Living World Season 2
3839,Zenith Recurve Bow,Weapon,Basic,,2015-03-11T16:10:50Z,Living World Season 2
3849,Zenith Rifle,Weapon,Basic,,2015-03-11T16:11:37Z,Living World Season 2
3838,Zenith Short Bow,Weapon,Basic,,2015-03-11T16:12:21Z,Living World Season 2
3852,Zenith Spire,Weapon,Basic,,2015-03-11T16:13:33Z,Living World Season 2
3842,Zenith Wake,Weapon,Basic,,2015-03-11T16:14:24Z,Living World Season 2
3843,Zenith Impaler,Weapon,Basic,,2015-03-11T16:15:02Z,Living World Season 2
3846,Zenith Trident,Weapon,Basic,,2015-03-11T16:15:47Z,Living World Season 2
5245,Sovereign Eviscerator,Weapon,Basic,,2015-03-16T14:49:52Z,Living World Season 2
5310,Sovereign Cinquedea,Weapon,Basic,,2015-03-16T14:57:07Z,Living World Season 2
5246,Sovereign Punisher,Weapon,Basic,,2015-03-16T15:01:22Z,Living World Season 2
5243,Sovereign Firearm,Weapon,Basic,,2015-03-16T15:02:54Z,Living World Season 2
5278,Sovereign Spatha,Weapon,Basic,,2015-03-16T15:09:11Z,Living World Season 2
5280,Sovereign Scepter,Weapon,Basic,,2015-03-16T15:11:03Z,Living World Season 2
5265,Sovereign Artifact,Weapon,Basic,,2015-03-16T15:12:57Z,Living World Season 2
5252,Sovereign Protector,Weapon,Basic,,2015-03-16T15:14:31Z,Living World Season 2
5244,Sovereign Beacon,Weapon,Basic,,2015-03-16T15:15:50Z,Living World Season 2
5253,Sovereign Herald,Weapon,Basic,,2015-03-16T15:17:48Z,Living World Season 2
5294,Sovereign Crusader,Weapon,Basic,,2015-03-16T15:18:49Z,Living World Season 2
5264,Sovereign Warhammer,Weapon,Basic,,2015-03-16T15:21:14Z,Living World Season 2
5290,Sovereign Arquebus,Weapon,Basic,,2015-03-16T15:22:27Z,Living World Season 2
5248,Sovereign Crescent,Weapon,Basic,,2015-03-16T15:24:37Z,Living World Season 2
5267,Sovereign Greatbow,Weapon,Basic,,2015-03-16T15:27:17Z,Living World Season 2
5326,Sovereign Pillar,Weapon,Basic,,2015-03-16T15:28:32Z,Living World Season 2
3772,Zodiac Axe,Weapon,Basic,,2015-03-17T13:51:42Z,Living World Season 2
3821,Zodiac Dagger,Weapon,Basic,,2015-03-17T13:54:16Z,Living World Season 2
3778,Zodiac Mace,Weapon,Basic,,2015-03-17T13:54:58Z,Living World Season 2
3774,Zodiac Pistol,Weapon,Basic,,2015-03-17T13:55:39Z,Living World Season 2
3830,Zodiac Sword,Weapon,Basic,,2015-03-17T13:56:20Z,Living World Season 2
3785,Zodiac Scepter,Weapon,Basic,,2015-03-17T13:56:54Z,Living World Season 2
3761,Zodiac Focus,Weapon,Basic,,2015-03-17T13:57:31Z,Living World Season 2
3800,Zodiac Shield,Weapon,Basic,,2015-03-17T13:58:12Z,Living World Season 2
3726,Zodiac Torch,Weapon,Basic,,2015-03-17T13:58:54Z,Living World Season 2
3743,Zodiac Warhorn,Weapon,Basic,,2015-03-17T13:59:35Z,Living World Season 2
3806,Zodiac Greatsword,Weapon,Basic,,2015-03-17T14:00:04Z,Living World Season 2
3812,Zodiac Hammer,Weapon,Basic,,2015-03-17T14:00:48Z,Living World Season 2
3790,Zodiac Longbow,Weapon,Basic,,2015-03-17T14:01:29Z,Living World Season 2
3793,Zodiac Rifle,Weapon,Basic,,2015-03-17T14:02:07Z,Living World Season 2
3742,Zodiac Short Bow,Weapon,Basic,,2015-03-17T14:02:52Z,Living World Season 2
3826,Zodiac Staff,Weapon,Basic,,2015-03-17T14:03:28Z,Living World Season 2
3870,Polearm,Weapon,Basic,,2015-03-17T16:48:42Z,Living World Season 2
3775,Dreamthistle Axe,Weapon,Basic,,2015-03-18T13:59:36Z,Living World Season 2
3723,Dreamthistle Dagger,Weapon,Basic,,2015-03-18T14:03:33Z,Living World Season 2
3707,Dreamthistle Mace,Weapon,Basic,,2015-03-18T14:08:05Z,Living World Season 2
3776,Dreamthistle Pistol,Weapon,Basic,,2015-03-18T14:09:02Z,Living World Season 2
3750,Dreamthistle Sword,Weapon,Basic,,2015-03-18T14:09:50Z,Living World Season 2
3788,Dreamthistle Scepter,Weapon,Basic,,2015-03-18T14:11:08Z,Living World Season 2
3704,Dreamthistle Focus,Weapon,Basic,,2015-03-18T14:12:32Z,Living World Season 2
3717,Dreamthistle Shield,Weapon,Basic,,2015-03-18T14:15:14Z,Living World Season 2
3727,Dreamthistle Torch,Weapon,Basic,,2015-03-18T14:16:22Z,Living World Season 2
3744,Dreamthistle Warhorn,Weapon,Basic,,2015-03-18T14:17:47Z,Living World Season 2
3709,Dreamthistle Greatsword,Weapon,Basic,,2015-03-18T14:18:35Z,Living World Season 2
3813,Dreamthistle Hammer,Weapon,Basic,,2015-03-18T15:02:28Z,Living World Season 2
3706,Dreamthistle Longbow,Weapon,Basic,,2015-03-18T15:06:56Z,Living World Season 2
3796,Dreamthistle Rifle,Weapon,Basic,,2015-03-18T15:08:52Z,Living World Season 2
3745,Dreamthistle Short Bow,Weapon,Basic,,2015-03-18T15:10:16Z,Living World Season 2
3731,Dreamthistle Staff,Weapon,Basic,,2015-03-18T15:27:08Z,Living World Season 2
3741,Dreamthistle Harpoon Gun,Weapon,Basic,,2015-03-18T15:27:56Z,Living World Season 2
3759,Dreamthistle Spear,Weapon,Basic,,2015-03-18T15:28:53Z,Living World Season 2
3738,Dreamthistle Trident,Weapon,Basic,,2015-03-18T15:29:59Z,Living World Season 2
3660,Lovestruck Axe,Weapon,Basic,,2015-03-18T15:39:26Z,Living World Season 2
3703,Lovestruck Anlace,Weapon,Basic,,2015-03-18T15:40:58Z,Living World Season 2
3692,Lovestruck Mace,Weapon,Basic,,2015-03-18T15:41:41Z,Living World Season 2
3694,Lovestruck Pistol,Weapon,Basic,,2015-03-18T15:42:13Z,Living World Season 2
3700,Lovestruck Sword,Weapon,Basic,,2015-03-18T15:42:49Z,Living World Season 2
3697,Lovestruck Scepter,Weapon,Basic,,2015-03-18T15:43:27Z,Living World Season 2
3673,Lovestruck Focus,Weapon,Basic,,2015-03-18T15:44:00Z,Living World Season 2
3698,Lovestruck Protector,Weapon,Basic,,2015-03-18T15:44:36Z,Living World Season 2
3701,Lovestruck Flame,Weapon,Basic,,2015-03-18T15:45:21Z,Living World Season 2
3702,Lovestruck Call,Weapon,Basic,,2015-03-18T15:46:03Z,Living World Season 2
3688,Lovestruck Greatsword,Weapon,Basic,,2015-03-18T15:46:48Z,Living World Season 2
3691,Lovestruck Hammer,Weapon,Basic,,2015-03-18T15:47:25Z,Living World Season 2
3664,Lovestruck Longbow,Weapon,Basic,,2015-03-18T15:48:01Z,Living World Season 2
3695,Lovestruck Rifle,Weapon,Basic,,2015-03-18T15:48:36Z,Living World Season 2
3671,Lovestruck Short Bow,Weapon,Basic,,2015-03-18T15:49:22Z,Living World Season 2
3699,Lovestruck Staff,Weapon,Basic,,2015-03-18T15:50:05Z,Living World Season 2
3680,Tormented Axe,Weapon,Basic,,2015-03-19T13:32:24Z,Living World Season 2
3668,Tormented Dagger,Weapon,Basic,,2015-03-19T13:33:01Z,Living World Season 2
3677,Tormented Mace,Weapon,Basic,,2015-03-19T13:33:39Z,Living World Season 2
3663,Tormented Pistol,Weapon,Basic,,2015-03-19T13:34:30Z,Living World Season 2
3670,Tormented Sword,Weapon,Basic,,2015-03-19T13:35:04Z,Living World Season 2
3683,Tormented Scepter,Weapon,Basic,,2015-03-19T13:35:50Z,Living World Season 2
3676,Tormented Focus,Weapon,Basic,,2015-03-19T13:39:15Z,Living World Season 2
3685,Tormented Shield,Weapon,Basic,,2015-03-19T13:39:55Z,Living World Season 2
3674,Tormented Torch,Weapon,Basic,,2015-03-19T13:40:31Z,Living World Season 2
3684,Tormented Warhorn,Weapon,Basic,,2015-03-19T13:41:09Z,Living World Season 2
3679,Tormented Greatsword,Weapon,Basic,,2015-03-19T13:41:51Z,Living World Season 2
3666,Tormented Hammer,Weapon,Basic,,2015-03-19T13:42:36Z,Living World Season 2
3681,Tormented Longbow,Weapon,Basic,,2015-03-19T13:43:20Z,Living World Season 2
3661,Tormented Rifle,Weapon,Basic,,2015-03-19T13:44:25Z,Living World Season 2
3682,Tormented Short Bow,Weapon,Basic,,2015-03-19T13:45:00Z,Living World Season 2
3667,Tormented Staff,Weapon,Basic,,2015-03-19T13:45:44Z,Living World Season 2
3678,Tormented Harpoon Gun,Weapon,Basic,,2015-03-19T13:46:20Z,Living World Season 2
3675,Tormented Spear,Weapon,Basic,,2015-03-19T13:46:53Z,Living World Season 2
3686,Tormented Trident,Weapon,Basic,,2015-03-19T13:47:30Z,Living World Season 2
5951,Mad Scientist's Mining Tool,Gathering,Basic,,2015-03-23T20:50:08Z,Living World Season 2
8118,Mistcleaver,Weapon,Basic,,2015-03-24T19:58:56Z,Living World Season 2
8114,Mistrender,Weapon,Basic,,2015-03-24T19:59:53Z,Living World Season 2
5898,Mistbreaker,Weapon,Basic,,2015-03-24T20:01:20Z,Living World Season 2
8116,Mistbreaker,Weapon,Basic,,2015-03-24T20:01:20Z,Living World Season 2
3943,Corrupted Cudgel,Weapon,Basic,,2015-03-31T15:08:31Z,Living World Season 2
4080,Corrupted Revolver,Weapon,Basic,,2015-03-31T15:09:10Z,Living World Season 2
4026,Corrupted Blade,Weapon,Basic,,2015-03-31T15:09:58Z,Living World Season 2
4059,Corrupted Scepter,Weapon,Basic,,2015-03-31T15:10:30Z,Living World Season 2
4037,Corrupted Artifact,Weapon,Basic,,2015-03-31T15:11:12Z,Living World Season 2
3974,Corrupted Bulwark,Weapon,Basic,,2015-03-31T15:11:58Z,Living World Season 2
4022,Corrupted Wartorch,Weapon,Basic,,2015-03-31T15:12:38Z,Living World Season 2
4053,Corrupted Harbinger,Weapon,Basic,,2015-03-31T15:12:56Z,Living World Season 2
3982,Corrupted Avenger,Weapon,Basic,,2015-03-31T15:13:33Z,Living World Season 2
4027,Corrupted Sledgehammer,Weapon,Basic,,2015-03-31T15:14:12Z,Living World Season 2
4084,Corrupted Greatbow,Weapon,Basic,,2015-03-31T15:14:48Z,Living World Season 2
4121,Corrupted Blaster,Weapon,Basic,,2015-03-31T15:15:26Z,Living World Season 2
4051,Corrupted Short Bow,Weapon,Basic,,2015-03-31T15:16:07Z,Living World Season 2
4120,Corrupted Branch,Weapon,Basic,,2015-03-31T15:19:58Z,Living World Season 2
4069,Corrupted Harpoon Gun,Weapon,Basic,,2015-03-31T15:20:57Z,Living World Season 2
3963,Corrupted Spear,Weapon,Basic,,2015-03-31T15:23:15Z,Living World Season 2
4057,Corrupted Trident,Weapon,Basic,,2015-03-31T15:25:40Z,Living World Season 2
5884,Mad Scientist's Harvesting Tool,Gathering,Basic,,2015-03-31T16:52:06Z,Living World Season 2
3831,Silly Scimitar,Weapon,Basic,,2015-04-01T15:05:37Z,Living World Season 2
3807,Chiroptophobia,Weapon,Basic,,2015-04-01T15:27:37Z,Living World Season 2
3794,Araneae,Weapon,Basic,,2015-04-01T15:31:12Z,Living World Season 2
3816,Bloody Prince Staff,Weapon,Basic,,2015-04-01T15:45:18Z,Living World Season 2
927,Stalker Visage,Armor,Basic,Medium,2015-04-04T10:31:47Z,Living World Season 2
937,Stalker Shoulderguards,Armor,Basic,Medium,2015-04-04T10:36:05Z,Living World Season 2
925,Stalker Coat,Armor,Basic,Medium,2015-04-04T10:39:03Z,Living World Season 2
945,Stalker Gloves,Armor,Basic,Medium,2015-04-04T10:41:49Z,Living World Season 2
926,Stalker Pants,Armor,Basic,Medium,2015-04-04T10:43:25Z,Living World Season 2
938,Stalker Boots,Armor,Basic,Medium,2015-04-04T10:46:44Z,Living World Season 2
869,Militia Helm,Armor,Basic,Heavy,2015-04-05T22:45:38Z,Living World Season 2
871,Militia Pauldrons,Armor,Basic,Heavy,2015-04-05T22:49:27Z,Living World Season 2
861,Militia Breastplate,Armor,Basic,Heavy,2015-04-05T22:52:37Z,Living World Season 2
883,Militia Gauntlets,Armor,Basic,Heavy,2015-04-05T22:57:25Z,Living World Season 2
860,Militia Leggings,Armor,Basic,Heavy,2015-04-05T22:59:55Z,Living World Season 2
872,Militia Boots,Armor,Basic,Heavy,2015-04-05T23:02:17Z,Living World Season 2
124,Illustrious Visage,Armor,Basic,Medium,2015-04-06T09:00:25Z,Living World Season 2
121,Illustrious Shoulderguard,Armor,Basic,Medium,2015-04-06T09:04:43Z,Living World Season 2
111,Illustrious Guise,Armor,Basic,Medium,2015-04-06T09:08:31Z,Living World Season 2
120,Illustrious Grips,Armor,Basic,Medium,2015-04-06T09:16:24Z,Living World Season 2
112,Illustrious Leggings,Armor,Basic,Medium,2015-04-06T09:57:52Z,Living World Season 2
117,Illustrious Striders,Armor,Basic,Medium,2015-04-06T10:05:00Z,Living World Season 2
122,Illustrious Visor,Armor,Basic,Heavy,2015-04-06T20:47:30Z,Living World Season 2
113,Illustrious Pauldrons,Armor,Basic,Heavy,2015-04-06T20:48:16Z,Living World Season 2
107,Illustrious Breastplate,Armor,Basic,Heavy,2015-04-06T20:49:19Z,Living World Season 2
116,Illustrious Warfists,Armor,Basic,Heavy,2015-04-06T20:50:41Z,Living World Season 2
108,Illustrious Tassets,Armor,Basic,Heavy,2015-04-06T20:51:18Z,Living World Season 2
114,Illustrious Greaves,Armor,Basic,Heavy,2015-04-06T20:52:10Z,Living World Season 2
1561,Guild Defender Shoulderplate,Armor,Basic,Heavy,2015-04-06T20:59:27Z,Living World Season 2
1484,Guild Defender Chestpiece,Armor,Basic,Heavy,2015-04-06T21:00:05Z,Living World Season 2
1530,Guild Defender Legguards,Armor,Basic,Heavy,2015-04-06T21:01:23Z,Living World Season 2
5906,Mad Scientist's Logging Tool,Gathering,Basic,,2015-04-20T18:16:54Z,Living World Season 2
5973,Elegant Fan,Weapon,Basic,,2015-05-06T20:36:37Z,Living World Season 2
942,Studded Plate Helm,Armor,Basic,Heavy,2015-05-22T23:46:29Z,Living World Season 2
6003,Daydreamer's Wings Backpack,Back,Basic,,2015-06-02T20:09:16Z,Living World Season 2
1800,Buccaneer Helm,Armor,Basic,Medium,2015-06-22T02:44:53Z,Living World Season 2
922,Buccaneer Shoulders,Armor,Basic,Medium,2015-06-22T02:51:54Z,Living World Season 2
900,Buccaneer Coat,Armor,Basic,Medium,2015-06-22T03:00:07Z,Living World Season 2
935,Buccaneer Gloves,Armor,Basic,Medium,2015-06-22T03:04:39Z,Living World Season 2
906,Buccaneer Leggings,Armor,Basic,Medium,2015-06-22T03:08:55Z,Living World Season 2
923,Buccaneer Boots,Armor,Basic,Medium,2015-06-22T03:14:00Z,Living World Season 2
919,Dark Templar Helm,Armor,Basic,Heavy,2015-06-23T01:11:08Z,Living World Season 2
911,Dark Templar Pauldrons,Armor,Basic,Heavy,2015-06-23T01:15:46Z,Living World Season 2
886,Dark Templar Breastplate,Armor,Basic,Heavy,2015-06-23T01:20:53Z,Living World Season 2
929,Dark Templar Gauntlets,Armor,Basic,Heavy,2015-06-23T01:27:34Z,Living World Season 2
895,Dark Templar Tassets,Armor,Basic,Heavy,2015-06-23T01:31:51Z,Living World Season 2
912,Dark Templar Greaves,Armor,Basic,Heavy,2015-06-23T01:36:34Z,Living World Season 2
6035,White Feather Wings Backpack,Back,Basic,,2015-06-23T18:28:44Z,Living World Season 2
8965,Last Rites,Weapon,Basic,,2015-06-26T00:52:30Z,Living World Season 2
6057,Gallant Sword,Weapon,Basic,,2015-06-28T19:25:53Z,Living World Season 2
6052,Gallant Hammer,Weapon,Basic,,2015-06-28T19:34:24Z,Living World Season 2
6058,Gallant Longbow,Weapon,Basic,,2015-06-28T19:39:19Z,Living World Season 2
6053,Gallant Short Bow,Weapon,Basic,,2015-06-28T19:44:30Z,Living World Season 2
6060,Gallant Axe,Weapon,Basic,,2015-06-28T19:47:06Z,Living World Season 2
6037,Gallant Dagger,Weapon,Basic,,2015-06-28T19:49:59Z,Living World Season 2
6036,Gallant Greatsword,Weapon,Basic,,2015-06-28T19:53:24Z,Living World Season 2
6056,Gallant Mace,Weapon,Basic,,2015-06-28T19:55:51Z,Living World Season 2
6032,Gallant Pistol,Weapon,Basic,,2015-06-28T19:58:34Z,Living World Season 2
6070,Gallant Rifle,Weapon,Basic,,2015-06-28T20:01:05Z,Living World Season 2
6067,Gallant Scepter,Weapon,Basic,,2015-06-28T20:03:32Z,Living World Season 2
6038,Gallant Staff,Weapon,Basic,,2015-06-28T20:06:09Z,Living World Season 2
6051,Gallant Focus,Weapon,Basic,,2015-06-28T20:08:39Z,Living World Season 2
6034,Gallant Torch,Weapon,Basic,,2015-06-28T20:11:58Z,Living World Season 2
6048,Gallant Warhorn,Weapon,Basic,,2015-06-28T20:14:23Z,Living World Season 2
6040,Gallant Shield,Weapon,Basic,,2015-06-28T20:16:36Z,Living World Season 2
5789,Caithe's Bloom Dagger,Weapon,Basic,,2015-06-29T05:26:16Z,Living World Season 2
907,Dry Bones Hood,Armor,Basic,Light,2015-07-02T22:35:49Z,Living World Season 2
901,Dry Bones Mantle,Armor,Basic,Light,2015-07-02T22:45:23Z,Living World Season 2
878,Dry Bones Garb,Armor,Basic,Light,2015-07-02T22:50:08Z,Living World Season 2
918,Dry Bones Gloves,Armor,Basic,Light,2015-07-02T22:56:51Z,Living World Season 2
882,Dry Bones Leggings,Armor,Basic,Light,2015-07-02T23:02:20Z,Living World Season 2
904,Dry Bones Shoes,Armor,Basic,Light,2015-07-02T23:07:51Z,Living World Season 2
905,Pit Fighter Helm,Armor,Basic,Heavy,2015-07-03T03:50:43Z,Living World Season 2
897,Pit Fighter Shoulderguard,Armor,Basic,Heavy,2015-07-03T03:59:16Z,Living World Season 2
915,Pit Fighter Wristguards,Armor,Basic,Heavy,2015-07-03T04:10:38Z,Living World Season 2
877,Pit Fighter Skirt,Armor,Basic,Heavy,2015-07-03T04:15:24Z,Living World Season 2
899,Pit Fighter Greaves,Armor,Basic,Heavy,2015-07-03T04:23:20Z,Living World Season 2
5978,Balthazar's Axe,Weapon,Basic,,2015-07-10T02:46:22Z,Living World Season 2
3780,Marjory's Axe,Weapon,Basic,,2015-07-10T02:53:48Z,Living World Season 2
3782,Shark's Tooth Axe,Weapon,Basic,,2015-07-10T02:56:51Z,Living World Season 2
5458,Phoenix Axe,Weapon,Basic,,2015-07-10T03:43:24Z,Living World Season 2
5513,Ley Line Axe,Weapon,Basic,,2015-07-10T03:46:14Z,Living World Season 2
5580,Chaos Axe,Weapon,Basic,,2015-07-10T03:50:26Z,Living World Season 2
5871,Crimson Lion Axe,Weapon,Basic,,2015-07-10T03:53:20Z,Living World Season 2
5997,Daydreamer's Axe,Weapon,Basic,,2015-07-10T03:55:50Z,Living World Season 2
5837,Mordrem Axe,Weapon,Basic,,2015-07-10T03:57:52Z,Living World Season 2
5787,Pact Fleet Axe,Weapon,Basic,,2015-07-10T04:00:34Z,Living World Season 2
6027,Scientific Axe,Weapon,Basic,,2015-07-10T04:02:41Z,Living World Season 2
5907,Shadow Axe,Weapon,Basic,,2015-07-10T04:04:45Z,Living World Season 2
5556,Tempest Axe,Weapon,Basic,,2015-07-10T04:07:17Z,Living World Season 2
5805,Wintersday Axe,Weapon,Basic,,2015-07-10T04:09:37Z,Living World Season 2
5998,Canach's Backpack,Back,Basic,,2015-07-10T10:43:38Z,Living World Season 2
1323,Aetherblade Light Goggles,Armor,Basic,Light,2015-07-11T23:23:08Z,Living World Season 2
1309,Aetherblade Light Mantle,Armor,Basic,Light,2015-07-11T23:26:51Z,Living World Season 2
1314,Aetherblade Light Vest,Armor,Basic,Light,2015-07-11T23:32:22Z,Living World Season 2
1320,Aetherblade Light Gloves,Armor,Basic,Light,2015-07-11T23:38:13Z,Living World Season 2
1310,Aetherblade Light Pants,Armor,Basic,Light,2015-07-11T23:42:29Z,Living World Season 2
1317,Aetherblade Light Shoes,Armor,Basic,Light,2015-07-11T23:45:56Z,Living World Season 2
1324,Aetherblade Medium Helmet,Armor,Basic,Medium,2015-07-12T00:09:47Z,Living World Season 2
1312,Aetherblade Medium Shoulderpads,Armor,Basic,Medium,2015-07-12T00:13:07Z,Living World Season 2
1315,Aetherblade Medium Jerkin,Armor,Basic,Medium,2015-07-12T00:16:23Z,Living World Season 2
1321,Aetherblade Medium Armguards,Armor,Basic,Medium,2015-07-12T00:20:59Z,Living World Season 2
1311,Aetherblade Medium Leggings,Armor,Basic,Medium,2015-07-12T00:23:42Z,Living World Season 2
1318,Aetherblade Medium Boots,Armor,Basic,Medium,2015-07-12T00:26:34Z,Living World Season 2
1322,Aetherblade Heavy Warhelm,Armor,Basic,Heavy,2015-07-12T00:34:07Z,Living World Season 2
1307,Aetherblade Heavy Pauldrons,Armor,Basic,Heavy,2015-07-12T00:37:09Z,Living World Season 2
1313,Aetherblade Heavy Warplate,Armor,Basic,Heavy,2015-07-12T00:40:51Z,Living World Season 2
1319,Aetherblade Heavy Gauntlets,Armor,Basic,Heavy,2015-07-12T00:44:08Z,Living World Season 2
1308,Aetherblade Heavy Legplates,Armor,Basic,Heavy,2015-07-12T00:46:58Z,Living World Season 2
1316,Aetherblade Heavy Warboots,Armor,Basic,Heavy,2015-07-12T00:49:33Z,Living World Season 2
1352,Zodiac Light Goggles,Armor,Basic,Light,2015-07-12T22:49:14Z,Living World Season 2
1354,Zodiac Light Mantle,Armor,Basic,Light,2015-07-12T22:54:56Z,Living World Season 2
1350,Zodiac Light Vest,Armor,Basic,Light,2015-07-12T22:58:09Z,Living World Season 2
1351,Zodiac Light Gloves,Armor,Basic,Light,2015-07-12T23:03:00Z,Living World Season 2
1353,Zodiac Light Pants,Armor,Basic,Light,2015-07-12T23:13:42Z,Living World Season 2
1349,Zodiac Light Shoes,Armor,Basic,Light,2015-07-12T23:19:07Z,Living World Season 2
1358,Zodiac Medium Helmet,Armor,Basic,Medium,2015-07-12T23:32:36Z,Living World Season 2
1360,Zodiac Medium Shoulderpads,Armor,Basic,Medium,2015-07-12T23:34:49Z,Living World Season 2
1356,Zodiac Medium Jerkin,Armor,Basic,Medium,2015-07-12T23:42:56Z,Living World Season 2
1357,Zodiac Medium Armguards,Armor,Basic,Medium,2015-07-12T23:45:10Z,Living World Season 2
1359,Zodiac Medium Leggings,Armor,Basic,Medium,2015-07-12T23:50:45Z,Living World Season 2
1355,Zodiac Medium Boots,Armor,Basic,Medium,2015-07-12T23:56:40Z,Living World Season 2
1346,Zodiac Heavy Warhelm,Armor,Basic,Heavy,2015-07-13T00:09:20Z,Living World Season 2
1348,Zodiac Heavy Pauldrons,Armor,Basic,Heavy,2015-07-13T00:12:04Z,Living World Season 2
1344,Zodiac Heavy Warplate,Armor,Basic,Heavy,2015-07-13T00:20:30Z,Living World Season 2
1347,Zodiac Heavy Legplates,Armor,Basic,Heavy,2015-07-13T00:28:45Z,Living World Season 2
1343,Zodiac Heavy Warboot,Armor,Basic,Heavy,2015-07-13T00:34:17Z,Living World Season 2
1345,Zodiac Heavy Gauntlets,Armor,Basic,Heavy,2015-07-13T00:37:26Z,Living World Season 2
6234,Unbound,Back,Basic,,2015-07-13T14:10:01Z,Living World Season 2
5987,Balthazar's Dagger,Weapon,Basic,,2015-07-14T04:19:05Z,Living World Season 2
5568,Chaos Dagger,Weapon,Basic,,2015-07-14T04:27:50Z,Living World Season 2
5864,Crimson Lion Dagger,Weapon,Basic,,2015-07-14T04:39:32Z,Living World Season 2
5989,Daydreamer's Dagger,Weapon,Basic,,2015-07-14T04:43:02Z,Living World Season 2
5507,Ley Line Dagger,Weapon,Basic,,2015-07-14T06:29:51Z,Living World Season 2
3823,Marjory's Dagger,Weapon,Basic,,2015-07-14T06:36:11Z,Living World Season 2
5841,Mordrem Dagger,Weapon,Basic,,2015-07-14T06:45:24Z,Living World Season 2
5786,Pact Fleet Dagger,Weapon,Basic,,2015-07-14T06:48:27Z,Living World Season 2
5459,Phoenix Dagger,Weapon,Basic,,2015-07-14T06:51:05Z,Living World Season 2
6031,Scientific Dagger,Weapon,Basic,,2015-07-14T07:00:08Z,Living World Season 2
5927,Shadow Dagger,Weapon,Basic,,2015-07-14T07:02:43Z,Living World Season 2
5554,Tempest Dagger,Weapon,Basic,,2015-07-14T07:11:52Z,Living World Season 2
5811,Wintersday Dagger,Weapon,Basic,,2015-07-14T07:14:23Z,Living World Season 2
5565,Chaos Mace,Weapon,Basic,,2015-07-14T21:20:05Z,Living World Season 2
5573,Chaos Pistol,Weapon,Basic,,2015-07-14T21:20:51Z,Living World Season 2
5559,Chaos Scepter,Weapon,Basic,,2015-07-14T21:21:14Z,Living World Season 2
5557,Chaos Sword,Weapon,Basic,,2015-07-14T21:21:31Z,Living World Season 2
5571,Chaos Focus,Weapon,Basic,,2015-07-14T21:21:59Z,Living World Season 2
5561,Chaos Shield,Weapon,Basic,,2015-07-14T21:22:25Z,Living World Season 2
5551,Chaos Torch,Weapon,Basic,,2015-07-14T21:22:47Z,Living World Season 2
5575,Chaos Warhorn,Weapon,Basic,,2015-07-14T21:23:08Z,Living World Season 2
5584,Chaos Greatsword,Weapon,Basic,,2015-07-14T21:23:31Z,Living World Season 2
5555,Chaos Hammer,Weapon,Basic,,2015-07-14T21:24:26Z,Living World Season 2
5550,Chaos Longbow,Weapon,Basic,,2015-07-14T21:24:48Z,Living World Season 2
5576,Chaos Rifle,Weapon,Basic,,2015-07-14T21:25:17Z,Living World Season 2
5569,Chaos Short Bow,Weapon,Basic,,2015-07-14T21:25:44Z,Living World Season 2
5547,Chaos Staff,Weapon,Basic,,2015-07-14T21:26:11Z,Living World Season 2
5564,Chaos Harpoon Gun,Weapon,Basic,,2015-07-14T21:26:35Z,Living World Season 2
5552,Chaos Spear,Weapon,Basic,,2015-07-14T21:26:54Z,Living World Season 2
5560,Chaos Trident,Weapon,Basic,,2015-07-14T21:27:11Z,Living World Season 2
1195,Braham's Warhelm,Armor,Basic,Heavy,2015-07-14T23:32:32Z,Living World Season 2
1084,Braham's Pauldrons,Armor,Basic,Heavy,2015-07-14T23:35:54Z,Living World Season 2
1079,Braham's Chestplate,Armor,Basic,Heavy,2015-07-14T23:40:13Z,Living World Season 2
1151,Braham's Gauntlets,Armor,Basic,Heavy,2015-07-14T23:43:26Z,Living World Season 2
1060,Braham's Legplates,Armor,Basic,Heavy,2015-07-14T23:47:33Z,Living World Season 2
1092,Braham's Warboots,Armor,Basic,Heavy,2015-07-14T23:51:48Z,Living World Season 2
1197,Magitech Helmet,Armor,Basic,Medium,2015-07-15T20:28:36Z,Living World Season 2
1091,Magitech Shoulderpads,Armor,Basic,Medium,2015-07-15T20:32:36Z,Living World Season 2
1087,Magitech Jerkin,Armor,Basic,Medium,2015-07-15T20:40:48Z,Living World Season 2
1153,Magitech Armguards,Armor,Basic,Medium,2015-07-15T20:42:29Z,Living World Season 2
1064,Magitech Leggings,Armor,Basic,Medium,2015-07-15T20:47:56Z,Living World Season 2
1098,Magitech Boots,Armor,Basic,Medium,2015-07-15T20:52:58Z,Living World Season 2
1196,Phoenix Mask,Armor,Basic,Light,2015-07-16T19:33:18Z,Living World Season 2
1085,Phoenix Mantle,Armor,Basic,Light,2015-07-16T19:37:17Z,Living World Season 2
1082,Phoenix Vest,Armor,Basic,Light,2015-07-16T19:40:03Z,Living World Season 2
1152,Phoenix Gloves,Armor,Basic,Light,2015-07-16T19:44:09Z,Living World Season 2
1062,Phoenix Pants,Armor,Basic,Light,2015-07-16T19:49:00Z,Living World Season 2
1095,Phoenix Shoes,Armor,Basic,Light,2015-07-16T19:53:26Z,Living World Season 2
2000,Wurmslayer's Vambraces,Armor,Basic,Medium,2015-07-17T18:53:23Z,Living World Season 2
1201,Phalanx Warhelm,Armor,Basic,Heavy,2015-07-21T04:22:52Z,Living World Season 2
1106,Phalanx Shoulders,Armor,Basic,Heavy,2015-07-21T04:26:22Z,Living World Season 2
1101,Phalanx Warplate,Armor,Basic,Heavy,2015-07-21T04:29:33Z,Living World Season 2
1157,Phalanx Gauntlets,Armor,Basic,Heavy,2015-07-21T04:32:02Z,Living World Season 2
1074,Phalanx Legplates,Armor,Basic,Heavy,2015-07-21T04:34:25Z,Living World Season 2
1113,Phalanx Warboots,Armor,Basic,Heavy,2015-07-21T04:36:54Z,Living World Season 2
1342,Viper's Monocle,Armor,Basic,Medium,2015-07-21T05:11:43Z,Living World Season 2
1338,Viper's Shoulderpads,Armor,Basic,Medium,2015-07-21T05:14:24Z,Living World Season 2
1339,Viper's Jerkin,Armor,Basic,Medium,2015-07-21T05:17:13Z,Living World Season 2
1341,Viper's Armguards,Armor,Basic,Medium,2015-07-21T05:19:39Z,Living World Season 2
1337,Viper's Leggings,Armor,Basic,Medium,2015-07-21T05:22:09Z,Living World Season 2
1340,Viper's Boots,Armor,Basic,Medium,2015-07-21T05:24:14Z,Living World Season 2
1336,Trickster's Mask,Armor,Basic,Light,2015-07-21T05:33:34Z,Living World Season 2
1332,Trickster's Mantle,Armor,Basic,Light,2015-07-21T05:36:29Z,Living World Season 2
1333,Trickster's Vest,Armor,Basic,Light,2015-07-21T05:38:35Z,Living World Season 2
1335,Trickster's Gloves,Armor,Basic,Light,2015-07-21T05:42:36Z,Living World Season 2
1331,Trickster's Leggings,Armor,Basic,Light,2015-07-21T05:46:17Z,Living World Season 2
1334,Trickster's Shoes,Armor,Basic,Light,2015-07-21T05:48:26Z,Living World Season 2
1269,Flamewrath Helm,Armor,Basic,Heavy,2015-07-22T23:48:33Z,Living World Season 2
1265,Flamewrath Pauldrons,Armor,Basic,Heavy,2015-07-22T23:52:07Z,Living World Season 2
1261,Flamewrath Chestplate,Armor,Basic,Heavy,2015-07-22T23:55:08Z,Living World Season 2
1267,Flamewrath Gauntlets,Armor,Basic,Heavy,2015-07-22T23:58:41Z,Living World Season 2
1259,Flamewrath Legplates,Armor,Basic,Heavy,2015-07-23T00:01:24Z,Living World Season 2
1263,Flamewrath Warboots,Armor,Basic,Heavy,2015-07-23T00:04:13Z,Living World Season 2
1270,Flamewalker Hat,Armor,Basic,Medium,2015-07-23T00:13:49Z,Living World Season 2
1266,Flamewalker Shoulderpads,Armor,Basic,Medium,2015-07-23T00:16:58Z,Living World Season 2
1262,Flamewalker Coat,Armor,Basic,Medium,2015-07-23T00:19:57Z,Living World Season 2
1268,Flamewalker Armguards,Armor,Basic,Medium,2015-07-23T00:23:03Z,Living World Season 2
1260,Flamewalker Leggings,Armor,Basic,Medium,2015-07-23T00:25:48Z,Living World Season 2
1264,Flamewalker Boots,Armor,Basic,Medium,2015-07-23T00:28:36Z,Living World Season 2
1258,Flamekissed Mask,Armor,Basic,Light,2015-07-23T00:38:03Z,Living World Season 2
1256,Flamekissed Mantle,Armor,Basic,Light,2015-07-23T00:40:54Z,Living World Season 2
1253,Flamekissed Vest,Armor,Basic,Light,2015-07-23T00:43:18Z,Living World Season 2
1257,Flamekissed Gloves,Armor,Basic,Light,2015-07-23T00:46:11Z,Living World Season 2
1254,Flamekissed Pants,Armor,Basic,Light,2015-07-23T00:48:36Z,Living World Season 2
1255,Flamekissed Shoes,Armor,Basic,Light,2015-07-23T00:50:45Z,Living World Season 2
4156,Iron Polearm,Weapon,Basic,,2015-07-23T17:03:03Z,Living World Season 2
1279,Incarnate Mask,Armor,Basic,Light,2015-07-23T17:59:02Z,Living World Season 2
1281,Incarnate Mantle,Armor,Basic,Light,2015-07-23T18:02:34Z,Living World Season 2
1277,Incarnate Vest,Armor,Basic,Light,2015-07-23T18:04:45Z,Living World Season 2
1278,Incarnate Gloves,Armor,Basic,Light,2015-07-23T18:07:06Z,Living World Season 2
1280,Incarnate Pants,Armor,Basic,Light,2015-07-23T18:09:48Z,Living World Season 2
1276,Incarnate Shoes,Armor,Basic,Light,2015-07-23T18:12:01Z,Living World Season 2
1285,Strider's Faceguard,Armor,Basic,Medium,2015-07-23T18:20:15Z,Living World Season 2
1287,Strider's Spaulders,Armor,Basic,Medium,2015-07-23T18:22:56Z,Living World Season 2
1283,Strider's Tunic,Armor,Basic,Medium,2015-07-23T18:25:28Z,Living World Season 2
1271,Strider's Armguards,Armor,Basic,Medium,2015-07-23T18:28:24Z,Living World Season 2
1286,Strider's Leggings,Armor,Basic,Medium,2015-07-23T18:31:19Z,Living World Season 2
1282,Strider's Boots,Armor,Basic,Medium,2015-07-23T18:33:28Z,Living World Season 2
1273,Rampart Warhelm,Armor,Basic,Heavy,2015-07-23T18:42:54Z,Living World Season 2
1275,Rampart Pauldrons,Armor,Basic,Heavy,2015-07-23T18:45:35Z,Living World Season 2
1289,Rampart Warplate,Armor,Basic,Heavy,2015-07-23T18:47:37Z,Living World Season 2
1272,Rampart Gauntlets,Armor,Basic,Heavy,2015-07-23T18:49:29Z,Living World Season 2
1274,Rampart Legplates,Armor,Basic,Heavy,2015-07-23T18:51:45Z,Living World Season 2
1288,Rampart Warboots,Armor,Basic,Heavy,2015-07-23T18:53:55Z,Living World Season 2
1198,Primeval Warhelm,Armor,Basic,Heavy,2015-07-24T16:43:01Z,Living World Season 2
1093,Primeval Pauldrons,Armor,Basic,Heavy,2015-07-24T16:46:50Z,Living World Season 2
1090,Primeval Warplate,Armor,Basic,Heavy,2015-07-24T16:48:44Z,Living World Season 2
1154,Primeval Gauntlets,Armor,Basic,Heavy,2015-07-24T16:50:28Z,Living World Season 2
1066,Primeval Legplates,Armor,Basic,Heavy,2015-07-24T16:51:56Z,Living World Season 2
1102,Primeval Warboots,Armor,Basic,Heavy,2015-07-24T16:53:15Z,Living World Season 2
1199,Profane Masque,Armor,Basic,Light,2015-07-24T23:59:49Z,Living World Season 2
1099,Profane Mantle,Armor,Basic,Light,2015-07-25T00:00:59Z,Living World Season 2
1094,Profane Greatcoat,Armor,Basic,Light,2015-07-25T00:01:59Z,Living World Season 2
1155,Profane Gloves,Armor,Basic,Light,2015-07-25T00:02:54Z,Living World Season 2
1069,Profane Pants,Armor,Basic,Light,2015-07-25T00:04:03Z,Living World Season 2
1105,Profane Shoes,Armor,Basic,Light,2015-07-25T00:05:01Z,Living World Season 2
6122,Dwayna's Axe,Weapon,Basic,,2015-08-11T21:51:56Z,Living World Season 2
6127,Dwayna's Dagger,Weapon,Basic,,2015-08-11T21:53:16Z,Living World Season 2
6098,Dwayna's Mace,Weapon,Basic,,2015-08-11T21:53:34Z,Living World Season 2
6092,Dwayna's Pistol,Weapon,Basic,,2015-08-11T21:53:53Z,Living World Season 2
6108,Dwayna's Scepter,Weapon,Basic,,2015-08-11T21:54:18Z,Living World Season 2
6101,Dwayna's Sword,Weapon,Basic,,2015-08-11T21:54:48Z,Living World Season 2
6105,Dwayna's Focus,Weapon,Basic,,2015-08-11T21:55:10Z,Living World Season 2
6091,Dwayna's Shield,Weapon,Basic,,2015-08-11T21:55:33Z,Living World Season 2
6113,Dwayna's Torch,Weapon,Basic,,2015-08-11T21:56:00Z,Living World Season 2
6123,Dwayna's Warhorn,Weapon,Basic,,2015-08-11T21:56:50Z,Living World Season 2
6083,Dwayna's Greatsword,Weapon,Basic,,2015-08-11T21:57:18Z,Living World Season 2
6094,Dwayna's Hammer,Weapon,Basic,,2015-08-11T21:57:48Z,Living World Season 2
6110,Dwayna's Longbow,Weapon,Basic,,2015-08-11T21:58:12Z,Living World Season 2
6114,Dwayna's Rifle,Weapon,Basic,,2015-08-11T21:58:37Z,Living World Season 2
6088,Dwayna's Short Bow,Weapon,Basic,,2015-08-11T21:59:02Z,Living World Season 2
6100,Dwayna's Staff,Weapon,Basic,,2015-08-11T21:59:25Z,Living World Season 2
2344,Elegant Guild Back Banner,Back,Basic,,2015-08-11T23:51:32Z,Living World Season 2
2343,Savage Guild Back Banner,Back,Basic,,2015-08-11T23:53:11Z,Living World Season 2
5971,Balthazar's Sword,Weapon,Basic,,2015-08-15T02:28:06Z,Living World Season 2
5975,Balthazar's Hammer,Weapon,Basic,,2015-08-15T02:29:58Z,Living World Season 2
5970,Balthazar's Longbow,Weapon,Basic,,2015-08-15T02:31:18Z,Living World Season 2
5980,Balthazar's Short Bow,Weapon,Basic,,2015-08-15T02:32:28Z,Living World Season 2
5985,Balthazar's Greatsword,Weapon,Basic,,2015-08-15T02:34:01Z,Living World Season 2
5974,Balthazar's Mace,Weapon,Basic,,2015-08-15T02:35:13Z,Living World Season 2
5972,Balthazar's Pistol,Weapon,Basic,,2015-08-15T02:36:38Z,Living World Season 2
5976,Balthazar's Rifle,Weapon,Basic,,2015-08-15T02:37:47Z,Living World Season 2
5986,Balthazar's Scepter,Weapon,Basic,,2015-08-15T02:38:56Z,Living World Season 2
5984,Balthazar's Staff,Weapon,Basic,,2015-08-15T02:40:27Z,Living World Season 2
5977,Balthazar's Focus,Weapon,Basic,,2015-08-15T02:43:17Z,Living World Season 2
5981,Balthazar's Torch,Weapon,Basic,,2015-08-15T02:44:25Z,Living World Season 2
5983,Balthazar's Warhorn,Weapon,Basic,,2015-08-15T02:46:23Z,Living World Season 2
5982,Balthazar's Shield,Weapon,Basic,,2015-08-15T02:48:23Z,Living World Season 2
3764,Consortium Clipper Focus,Weapon,Basic,,2015-08-15T02:57:55Z,Living World Season 2
4787,Knowledge Is Power,Weapon,Basic,,2015-08-15T05:00:28Z,Living World Season 2
5860,Crimson Lion Focus,Weapon,Basic,,2015-08-21T19:50:20Z,Living World Season 2
5861,Crimson Lion Greatsword,Weapon,Basic,,2015-08-21T19:52:21Z,Living World Season 2
5869,Crimson Lion Hammer,Weapon,Basic,,2015-08-21T19:54:04Z,Living World Season 2
5863,Crimson Lion Longbow,Weapon,Basic,,2015-08-21T19:55:43Z,Living World Season 2
5875,Crimson Lion Mace,Weapon,Basic,,2015-08-21T19:59:00Z,Living World Season 2
5872,Crimson Lion Pistol,Weapon,Basic,,2015-08-21T20:02:27Z,Living World Season 2
5867,Crimson Lion Rifle,Weapon,Basic,,2015-08-21T20:04:50Z,Living World Season 2
5873,Crimson Lion Scepter,Weapon,Basic,,2015-08-21T20:17:49Z,Living World Season 2
5868,Crimson Lion Shield,Weapon,Basic,,2015-08-21T20:19:09Z,Living World Season 2
5865,Crimson Lion Short Bow,Weapon,Basic,,2015-08-21T20:21:10Z,Living World Season 2
5874,Crimson Lion Staff,Weapon,Basic,,2015-08-21T20:23:09Z,Living World Season 2
5862,Crimson Lion Sword,Weapon,Basic,,2015-08-21T20:24:40Z,Living World Season 2
5870,Crimson Lion Torch,Weapon,Basic,,2015-08-21T20:26:36Z,Living World Season 2
5866,Crimson Lion Warhorn,Weapon,Basic,,2015-08-21T20:28:12Z,Living World Season 2
6001,Daydreamer's Focus,Weapon,Basic,,2015-08-22T08:15:55Z,Living World Season 2
6010,Daydreamer's Greatsword,Weapon,Basic,,2015-08-22T08:17:49Z,Living World Season 2
6013,Daydreamer's Hammer,Weapon,Basic,,2015-08-22T08:19:15Z,Living World Season 2
5995,Daydreamer's Longbow,Weapon,Basic,,2015-08-22T08:20:31Z,Living World Season 2
6012,Daydreamer's Mace,Weapon,Basic,,2015-08-22T08:21:41Z,Living World Season 2
5991,Daydreamer's Pistol,Weapon,Basic,,2015-08-22T08:22:51Z,Living World Season 2
5996,Daydreamer's Rifle,Weapon,Basic,,2015-08-22T08:24:24Z,Living World Season 2
6006,Daydreamer's Scepter,Weapon,Basic,,2015-08-22T08:26:17Z,Living World Season 2
5999,Daydreamer's Shield,Weapon,Basic,,2015-08-22T08:28:04Z,Living World Season 2
6009,Daydreamer's Short Bow,Weapon,Basic,,2015-08-22T08:29:43Z,Living World Season 2
6004,Daydreamer's Staff,Weapon,Basic,,2015-08-22T08:31:08Z,Living World Season 2
5994,Daydreamer's Sword,Weapon,Basic,,2015-08-22T08:34:15Z,Living World Season 2
6002,Daydreamer's Torch,Weapon,Basic,,2015-08-22T08:35:38Z,Living World Season 2
5993,Daydreamer's Warhorn,Weapon,Basic,,2015-08-22T08:36:38Z,Living World Season 2
5514,Ley Line Focus,Weapon,Basic,,2015-08-22T08:43:28Z,Living World Season 2
5509,Ley Line Greatsword,Weapon,Basic,,2015-08-22T08:46:27Z,Living World Season 2
5503,Ley Line Hammer,Weapon,Basic,,2015-08-22T08:49:20Z,Living World Season 2
5510,Ley Line Longbow,Weapon,Basic,,2015-08-22T08:51:00Z,Living World Season 2
5501,Ley Line Mace,Weapon,Basic,,2015-08-22T08:52:23Z,Living World Season 2
5515,Ley Line Pistol,Weapon,Basic,,2015-08-22T08:54:17Z,Living World Season 2
5504,Ley Line Rifle,Weapon,Basic,,2015-08-22T08:56:12Z,Living World Season 2
5512,Ley Line Scepter,Weapon,Basic,,2015-08-22T08:57:36Z,Living World Season 2
5511,Ley Line Shield,Weapon,Basic,,2015-08-22T09:00:24Z,Living World Season 2
5502,Ley Line Short Bow,Weapon,Basic,,2015-08-22T09:01:55Z,Living World Season 2
5505,Ley Line Sword,Weapon,Basic,,2015-08-22T09:05:16Z,Living World Season 2
5508,Ley Line Torch,Weapon,Basic,,2015-08-22T09:07:19Z,Living World Season 2
5506,Ley Line Warhorn,Weapon,Basic,,2015-08-22T09:08:58Z,Living World Season 2
936,Studded Plate Pauldrons,Armor,Basic,Heavy,2015-08-26T18:29:22Z,Living World Season 2
917,Studded Plate Armor,Armor,Basic,Heavy,2015-08-26T18:30:29Z,Living World Season 2
943,Studded Plate Gauntlets,Armor,Basic,Heavy,2015-08-26T18:31:54Z,Living World Season 2
928,Studded Plate Leggings,Armor,Basic,Heavy,2015-08-26T18:32:41Z,Living World Season 2
932,Studded Plate Greaves,Armor,Basic,Heavy,2015-08-26T18:33:31Z,Living World Season 2
5840,Mordrem Sword,Weapon,Basic,,2015-08-27T19:31:50Z,Living World Season 2
5829,Mordrem Hammer,Weapon,Basic,,2015-08-27T19:34:36Z,Living World Season 2
5843,Mordrem Longbow,Weapon,Basic,,2015-08-27T19:36:08Z,Living World Season 2
5844,Mordrem Short Bow,Weapon,Basic,,2015-08-27T19:38:23Z,Living World Season 2
5833,Mordrem Greatsword,Weapon,Basic,,2015-08-27T19:40:37Z,Living World Season 2
5832,Mordrem Mace,Weapon,Basic,,2015-08-27T19:42:03Z,Living World Season 2
5831,Mordrem Pistol,Weapon,Basic,,2015-08-27T19:43:25Z,Living World Season 2
5838,Mordrem Rifle,Weapon,Basic,,2015-08-27T19:45:05Z,Living World Season 2
5835,Mordrem Scepter,Weapon,Basic,,2015-08-27T19:46:31Z,Living World Season 2
5836,Mordrem Staff,Weapon,Basic,,2015-08-27T19:47:49Z,Living World Season 2
5842,Mordrem Focus,Weapon,Basic,,2015-08-27T19:48:58Z,Living World Season 2
5834,Mordrem Torch,Weapon,Basic,,2015-08-27T19:50:34Z,Living World Season 2
5830,Mordrem Warhorn,Weapon,Basic,,2015-08-27T19:52:38Z,Living World Season 2
5839,Mordrem Shield,Weapon,Basic,,2015-08-27T19:53:59Z,Living World Season 2
5775,Pact Fleet Focus,Weapon,Basic,,2015-08-28T08:25:18Z,Living World Season 2
5779,Pact Fleet Greatsword,Weapon,Basic,,2015-08-28T08:27:43Z,Living World Season 2
5780,Pact Fleet Hammer,Weapon,Basic,,2015-08-28T08:29:54Z,Living World Season 2
5781,Pact Fleet Longbow,Weapon,Basic,,2015-08-28T08:36:45Z,Living World Season 2
5773,Pact Fleet Mace,Weapon,Basic,,2015-08-28T08:39:06Z,Living World Season 2
5778,Pact Fleet Pistol,Weapon,Basic,,2015-08-28T08:41:42Z,Living World Season 2
5785,Pact Fleet Rifle,Weapon,Basic,,2015-08-28T08:47:03Z,Living World Season 2
5777,Pact Fleet Scepter,Weapon,Basic,,2015-08-28T08:49:37Z,Living World Season 2
5782,Pact Fleet Shield,Weapon,Basic,,2015-08-28T08:51:14Z,Living World Season 2
5788,Pact Fleet Short Bow,Weapon,Basic,,2015-08-28T08:53:22Z,Living World Season 2
5783,Pact Fleet Staff,Weapon,Basic,,2015-08-28T08:55:25Z,Living World Season 2
5784,Pact Fleet Sword,Weapon,Basic,,2015-08-28T08:57:51Z,Living World Season 2
5774,Pact Fleet Torch,Weapon,Basic,,2015-08-28T08:59:47Z,Living World Season 2
5776,Pact Fleet Warhorn,Weapon,Basic,,2015-08-28T09:02:32Z,Living World Season 2
2381,Antitoxin Injector,Back,Basic,,2015-08-29T01:26:15Z,Living World Season 2
2378,Beta Fractal Capacitor,Back,Basic,,2015-08-29T01:33:52Z,Living World Season 2
2366,Cheetah Charr Backpack,Back,Basic,,2015-08-29T01:54:58Z,Living World Season 2
2371,Covert Charr Backpack,Back,Basic,,2015-08-29T01:57:14Z,Living World Season 2
3713,Braham's Mace,Weapon,Basic,,2015-08-29T07:24:30Z,Living World Season 2
2380,Fires of Balthazar,Back,Basic,,2015-08-29T09:59:20Z,Living World Season 2
2379,Fractal Capacitor,Back,Basic,,2015-08-29T10:03:01Z,Living World Season 2
2370,Green Quaggan Backpack,Back,Basic,,2015-08-29T10:08:16Z,Living World Season 2
2351,Holographic Dragon Wings,Back,Basic,,2015-08-29T10:14:56Z,Living World Season 2
2352,Holographic Shattered Dragon Wings,Back,Basic,,2015-08-29T10:20:19Z,Living World Season 2
2348,Lightning Catcher,Back,Basic,,2015-08-31T07:53:33Z,Living World Season 2
5654,Mist Herald Backpack,Back,Basic,,2015-08-31T08:11:58Z,Living World Season 2
2363,Plush Charr Backpack,Back,Basic,,2015-08-31T15:57:46Z,Living World Season 2
2355,Plush Quaggan Backpack,Back,Basic,,2015-08-31T16:04:44Z,Living World Season 2
2368,Plush Tybalt Backpack,Back,Basic,,2015-08-31T16:10:32Z,Living World Season 2
2367,Quaggan Killer Whale Backpack,Back,Basic,,2015-09-02T00:39:16Z,Living World Season 2
2369,Rox's Quiver,Back,Basic,,2015-09-02T00:45:07Z,Living World Season 2
2347,Sun Catcher,Back,Basic,,2015-09-03T08:17:08Z,Living World Season 2
2364,Tiger Charr Backpack,Back,Basic,,2015-09-03T08:34:55Z,Living World Season 2
2356,Toxic Spore,Back,Basic,,2015-09-03T08:37:19Z,Living World Season 2
2372,Warrior Quaggan Backpack,Back,Basic,,2015-09-03T08:49:13Z,Living World Season 2
2346,Wind Catcher,Back,Basic,,2015-09-03T08:52:40Z,Living World Season 2
5460,Phoenix Focus,Weapon,Basic,,2015-09-07T07:33:05Z,Living World Season 2
5461,Phoenix Greatsword,Weapon,Basic,,2015-09-07T07:35:42Z,Living World Season 2
5462,Phoenix Hammer,Weapon,Basic,,2015-09-07T07:37:58Z,Living World Season 2
5463,Phoenix Longbow,Weapon,Basic,,2015-09-07T07:39:45Z,Living World Season 2
5464,Phoenix Mace,Weapon,Basic,,2015-09-07T07:41:17Z,Living World Season 2
5465,Phoenix Pistol,Weapon,Basic,,2015-09-07T07:42:55Z,Living World Season 2
5466,Phoenix Rifle,Weapon,Basic,,2015-09-07T07:44:17Z,Living World Season 2
5467,Phoenix Scepter,Weapon,Basic,,2015-09-07T07:46:37Z,Living World Season 2
5468,Phoenix Shield,Weapon,Basic,,2015-09-07T07:48:14Z,Living World Season 2
5469,Phoenix Short Bow,Weapon,Basic,,2015-09-07T07:49:52Z,Living World Season 2
5470,Phoenix Staff,Weapon,Basic,,2015-09-07T07:51:31Z,Living World Season 2
5471,Phoenix Sword,Weapon,Basic,,2015-09-07T07:53:56Z,Living World Season 2
5472,Phoenix Torch,Weapon,Basic,,2015-09-07T07:55:44Z,Living World Season 2
5473,Phoenix Warhorn,Weapon,Basic,,2015-09-07T07:57:35Z,Living World Season 2
6018,Scientific Focus,Weapon,Basic,,2015-09-08T17:06:34Z,Living World Season 2
6016,Scientific Greatsword,Weapon,Basic,,2015-09-08T17:07:49Z,Living World Season 2
6017,Scientific Hammer,Weapon,Basic,,2015-09-08T17:08:46Z,Living World Season 2
6014,Scientific Mace,Weapon,Basic,,2015-09-08T17:09:54Z,Living World Season 2
6030,Scientific Pistol,Weapon,Basic,,2015-09-08T17:10:51Z,Living World Season 2
6019,Scientific Rifle,Weapon,Basic,,2015-09-08T17:12:02Z,Living World Season 2
6025,Scientific Scepter,Weapon,Basic,,2015-09-08T17:13:05Z,Living World Season 2
6023,Scientific Shield,Weapon,Basic,,2015-09-08T17:14:07Z,Living World Season 2
6028,Scientific Short Bow,Weapon,Basic,,2015-09-08T17:15:20Z,Living World Season 2
6026,Scientific Staff,Weapon,Basic,,2015-09-08T17:16:51Z,Living World Season 2
6021,Scientific Sword,Weapon,Basic,,2015-09-08T17:17:47Z,Living World Season 2
6022,Scientific Torch,Weapon,Basic,,2015-09-08T17:18:55Z,Living World Season 2
6015,Scientific Warhorn,Weapon,Basic,,2015-09-08T17:20:03Z,Living World Season 2
6020,Scientific Longbow,Weapon,Basic,,2015-09-08T17:22:07Z,Living World Season 2
5919,Shadow Focus,Weapon,Basic,,2015-09-08T23:33:20Z,Living World Season 2
5952,Shadow Greatsword,Weapon,Basic,,2015-09-08T23:35:56Z,Living World Season 2
5904,Shadow Hammer,Weapon,Basic,,2015-09-08T23:37:45Z,Living World Season 2
5931,Shadow Longbow,Weapon,Basic,,2015-09-08T23:39:14Z,Living World Season 2
5916,Shadow Mace,Weapon,Basic,,2015-09-08T23:40:35Z,Living World Season 2
5882,Shadow Pistol,Weapon,Basic,,2015-09-08T23:42:02Z,Living World Season 2
5947,Shadow Rifle,Weapon,Basic,,2015-09-08T23:43:24Z,Living World Season 2
5930,Shadow Scepter,Weapon,Basic,,2015-09-08T23:44:40Z,Living World Season 2
5902,Shadow Shield,Weapon,Basic,,2015-09-08T23:46:52Z,Living World Season 2
5899,Shadow Short Bow,Weapon,Basic,,2015-09-08T23:48:35Z,Living World Season 2
5924,Shadow Staff,Weapon,Basic,,2015-09-08T23:49:59Z,Living World Season 2
5954,Shadow Sword,Weapon,Basic,,2015-09-08T23:51:17Z,Living World Season 2
5933,Shadow Torch,Weapon,Basic,,2015-09-08T23:52:59Z,Living World Season 2
5888,Shadow Warhorn,Weapon,Basic,,2015-09-08T23:54:29Z,Living World Season 2
5577,Tempest Focus,Weapon,Basic,,2015-09-09T07:48:05Z,Living World Season 2
5583,Tempest Greatsword,Weapon,Basic,,2015-09-09T07:49:43Z,Living World Season 2
5581,Tempest Hammer,Weapon,Basic,,2015-09-09T07:51:38Z,Living World Season 2
5579,Tempest Longbow,Weapon,Basic,,2015-09-09T07:53:08Z,Living World Season 2
5582,Tempest Mace,Weapon,Basic,,2015-09-09T07:54:39Z,Living World Season 2
5572,Tempest Pistol,Weapon,Basic,,2015-09-09T07:56:06Z,Living World Season 2
5578,Tempest Rifle,Weapon,Basic,,2015-09-09T07:57:26Z,Living World Season 2
5553,Tempest Scepter,Weapon,Basic,,2015-09-09T07:58:46Z,Living World Season 2
5574,Tempest Shield,Weapon,Basic,,2015-09-09T07:59:59Z,Living World Season 2
5570,Tempest Short Bow,Weapon,Basic,,2015-09-09T08:01:36Z,Living World Season 2
5563,Tempest Staff,Weapon,Basic,,2015-09-09T08:02:58Z,Living World Season 2
5562,Tempest Sword,Weapon,Basic,,2015-09-09T08:04:28Z,Living World Season 2
5558,Tempest Torch,Weapon,Basic,,2015-09-09T08:05:49Z,Living World Season 2
5549,Tempest Warhorn,Weapon,Basic,,2015-09-09T08:07:40Z,Living World Season 2
5810,Wintersday Focus,Weapon,Basic,,2015-09-09T08:12:36Z,Living World Season 2
5807,Wintersday Greatsword,Weapon,Basic,,2015-09-09T08:14:19Z,Living World Season 2
5799,Wintersday Hammer,Weapon,Basic,,2015-09-09T08:15:44Z,Living World Season 2
5798,Wintersday Longbow,Weapon,Basic,,2015-09-09T08:17:18Z,Living World Season 2
5804,Wintersday Mace,Weapon,Basic,,2015-09-09T08:18:42Z,Living World Season 2
5802,Wintersday Pistol,Weapon,Basic,,2015-09-09T08:20:07Z,Living World Season 2
5806,Wintersday Rifle,Weapon,Basic,,2015-09-09T08:21:31Z,Living World Season 2
5812,Wintersday Scepter,Weapon,Basic,,2015-09-09T08:23:52Z,Living World Season 2
5800,Wintersday Shield,Weapon,Basic,,2015-09-09T08:25:33Z,Living World Season 2
5808,Wintersday Short Bow,Weapon,Basic,,2015-09-09T08:27:42Z,Living World Season 2
5809,Wintersday Staff,Weapon,Basic,,2015-09-09T08:29:29Z,Living World Season 2
5797,Wintersday Sword,Weapon,Basic,,2015-09-09T08:31:02Z,Living World Season 2
5803,Wintersday Torch,Weapon,Basic,,2015-09-09T08:32:20Z,Living World Season 2
5801,Wintersday Warhorn,Weapon,Basic,,2015-09-09T08:33:35Z,Living World Season 2
4690,Annelid Rifle,Weapon,Basic,,2015-09-10T08:44:11Z,Living World Season 2
3722,Braham's Shield,Weapon,Basic,,2015-09-12T08:20:10Z,Living World Season 2
3805,Tiki Totem Shield,Weapon,Basic,,2015-09-12T08:43:52Z,Living World Season 2
3737,Rox's Short Bow,Weapon,Basic,,2015-09-13T09:13:05Z,Living World Season 2
3815,Kasmeer's Staff,Weapon,Basic,,2015-09-14T08:02:19Z,Living World Season 2
5988,Chain-Whip Sword,Weapon,Basic,,2015-09-14T08:35:48Z,Living World Season 2
3832,Shark's Tooth Sword,Weapon,Basic,,2015-09-14T08:55:19Z,Living World Season 2
1128,Deathly Avian Shoulderpads,Armor,Basic,Medium,2015-10-02T07:26:36Z,Living World Season 2
1116,Deathly Avian Pauldrons,Armor,Basic,Heavy,2015-10-02T07:26:45Z,Living World Season 2
1121,Deathly Avian Mantle,Armor,Basic,Light,2015-10-02T07:26:53Z,Living World Season 2
1119,Deathly Bull's Pauldrons,Armor,Basic,Heavy,2015-10-02T07:36:28Z,Living World Season 2
1131,Deathly Bull's Shoulderpads,Armor,Basic,Medium,2015-10-02T07:37:29Z,Living World Season 2
1123,Deathly Bull's Mantle,Armor,Basic,Light,2015-10-02T07:38:24Z,Living World Season 2
1120,Deathly Pauldrons,Armor,Basic,Heavy,2015-10-02T07:47:09Z,Living World Season 2
1136,Deathly Shoulderpads,Armor,Basic,Medium,2015-10-02T07:49:55Z,Living World Season 2
1126,Deathly Mantle,Armor,Basic,Light,2015-10-02T07:51:44Z,Living World Season 2
1325,Toxic Pauldron,Armor,Basic,Heavy,2015-10-02T17:00:55Z,Living World Season 2
1327,Toxic Shoulderpad,Armor,Basic,Medium,2015-10-02T17:01:52Z,Living World Season 2
1326,Toxic Mantle,Armor,Basic,Light,2015-10-02T17:02:36Z,Living World Season 2
802,Fire God's Heavy Vambraces,Armor,Basic,Heavy,2015-10-03T08:58:48Z,Living World Season 2
800,Fire God's Medium Vambraces,Armor,Basic,Medium,2015-10-03T08:59:00Z,Living World Season 2
804,Fire God's Light Vambraces,Armor,Basic,Light,2015-10-03T08:59:10Z,Living World Season 2
1329,Toxic Gloves,Armor,Basic,Light,2015-10-04T10:15:54Z,Living World Season 2
6078,Butterfly Wings Backpack,Back,Basic,,2015-10-20T17:09:59Z,Living World Season 2
6152,Nest,Weapon,Basic,,2015-10-24T04:05:38Z,Heart of Thorns
6216,Nightwing,Weapon,Basic,,2015-10-24T06:03:44Z,Heart of Thorns
6217,Karka Helm,Armor,Basic,Medium,2015-10-24T07:27:05Z,Heart of Thorns
6249,Karka Helm,Armor,Basic,Heavy,2015-10-24T07:27:05Z,Heart of Thorns
6493,Karka Helm,Armor,Basic,Light,2015-10-24T07:27:05Z,Heart of Thorns
6412,Bat Wings Backpack,Back,Basic,,2015-10-24T10:32:03Z,Heart of Thorns
6161,Nightfury,Armor,Basic,Medium,2015-10-25T01:56:36Z,Heart of Thorns
6252,Nightfury,Armor,Basic,Light,2015-10-25T01:56:36Z,Heart of Thorns
6306,Nightfury,Armor,Basic,Heavy,2015-10-25T01:56:36Z,Heart of Thorns
6312,Vassago,Weapon,Basic,,2015-10-25T06:35:56Z,Heart of Thorns
6115,Immortal Sword,Weapon,Basic,,2015-10-27T04:28:38Z,Heart of Thorns
6102,Immortal Hammer,Weapon,Basic,,2015-10-27T04:31:10Z,Heart of Thorns
6082,Immortal Longbow,Weapon,Basic,,2015-10-27T04:32:57Z,Heart of Thorns
6118,Immortal Short Bow,Weapon,Basic,,2015-10-27T07:24:27Z,Heart of Thorns
6111,Immortal Axe,Weapon,Basic,,2015-10-27T07:25:20Z,Heart of Thorns
6109,Immortal Dagger,Weapon,Basic,,2015-10-27T07:27:32Z,Heart of Thorns
6117,Immortal Greatsword,Weapon,Basic,,2015-10-27T07:28:22Z,Heart of Thorns
6081,Immortal Mace,Weapon,Basic,,2015-10-27T07:29:17Z,Heart of Thorns
6084,Immortal Pistol,Weapon,Basic,,2015-10-27T07:29:55Z,Heart of Thorns
6120,Immortal Rifle,Weapon,Basic,,2015-10-27T07:30:41Z,Heart of Thorns
6087,Immortal Scepter,Weapon,Basic,,2015-10-27T07:32:12Z,Heart of Thorns
6129,Immortal Staff,Weapon,Basic,,2015-10-27T07:33:33Z,Heart of Thorns
6079,Immortal Focus,Weapon,Basic,,2015-10-27T07:34:34Z,Heart of Thorns
6104,Immortal Torch,Weapon,Basic,,2015-10-27T07:37:21Z,Heart of Thorns
6099,Immortal Warhorn,Weapon,Basic,,2015-10-27T07:38:20Z,Heart of Thorns
6126,Immortal Shield,Weapon,Basic,,2015-10-27T07:39:06Z,Heart of Thorns
6273,Shackles of Madness,Armor,Basic,Light,2015-10-28T20:58:34Z,Heart of Thorns
6414,Shackles of Madness,Armor,Basic,Heavy,2015-10-28T20:58:34Z,Heart of Thorns
6487,Shackles of Madness,Armor,Basic,Medium,2015-10-28T20:58:34Z,Heart of Thorns
6242,Bough of Melandru,Back,Basic,,2015-10-31T21:45:20Z,Heart of Thorns
6160,Azimuth,Weapon,Basic,,2015-11-01T04:41:25Z,Heart of Thorns
6332,Leystone Mantle,Armor,Basic,Light,2015-11-01T09:13:56Z,Heart of Thorns
6192,Gold Fractal Rifle,Weapon,Basic,,2015-11-01T10:22:02Z,Heart of Thorns
6491,Lightward's Battlehammer,Weapon,Basic,,2015-11-02T19:36:50Z,Heart of Thorns
6450,Ley Guard's Protector,Weapon,Basic,,2015-11-02T23:00:08Z,Heart of Thorns
6359,Might of Brauer,Weapon,Basic,,2015-11-02T23:11:08Z,Heart of Thorns
6465,Seer's Warstaff,Weapon,Basic,,2015-11-02T23:12:50Z,Heart of Thorns
6185,Leystone Breastplate,Armor,Basic,Heavy,2015-11-02T23:27:51Z,Heart of Thorns
6369,Gold Fractal Warhorn,Weapon,Basic,,2015-11-03T16:00:23Z,Heart of Thorns
6449,Dread Quiver Backpack,Back,Basic,,2015-11-04T17:43:24Z,Heart of Thorns
6376,Glittering Staff,Weapon,Basic,,2015-11-04T22:03:00Z,Heart of Thorns
6358,Gold Fractal Staff,Weapon,Basic,,2015-11-05T10:03:47Z,Heart of Thorns
6373,Gold Fractal Axe,Weapon,Basic,,2015-11-05T12:13:02Z,Heart of Thorns
6194,Gold Fractal Dagger,Weapon,Basic,,2015-11-05T12:13:21Z,Heart of Thorns
6215,Gold Fractal Mace,Weapon,Basic,,2015-11-05T12:13:42Z,Heart of Thorns
6355,Gold Fractal Pistol,Weapon,Basic,,2015-11-05T12:15:09Z,Heart of Thorns
6443,Gold Fractal Scepter,Weapon,Basic,,2015-11-05T12:17:57Z,Heart of Thorns
6178,Gold Fractal Sword,Weapon,Basic,,2015-11-05T12:18:22Z,Heart of Thorns
6405,Gold Fractal Focus,Weapon,Basic,,2015-11-05T12:19:03Z,Heart of Thorns
6187,Gold Fractal Shield,Weapon,Basic,,2015-11-05T12:19:19Z,Heart of Thorns
6385,Gold Fractal Torch,Weapon,Basic,,2015-11-05T12:19:37Z,Heart of Thorns
6227,Gold Fractal Greatsword,Weapon,Basic,,2015-11-05T12:21:02Z,Heart of Thorns
6206,Gold Fractal Hammer,Weapon,Basic,,2015-11-05T12:21:33Z,Heart of Thorns
6323,Gold Fractal Longbow,Weapon,Basic,,2015-11-05T12:22:01Z,Heart of Thorns
6464,Gold Fractal Short Bow,Weapon,Basic,,2015-11-05T12:23:04Z,Heart of Thorns
6384,Gold Fractal Speargun,Weapon,Basic,,2015-11-05T12:24:33Z,Heart of Thorns
6439,Gold Fractal Harpoon,Weapon,Basic,,2015-11-05T12:25:29Z,Heart of Thorns
6155,Gold Fractal Trident,Weapon,Basic,,2015-11-05T12:25:59Z,Heart of Thorns
6241,Leystone Tassets,Armor,Basic,Heavy,2015-11-05T15:48:00Z,Heart of Thorns
6380,Glittering Axe,Weapon,Basic,,2015-11-05T19:02:22Z,Heart of Thorns
6263,Glittering Dagger,Weapon,Basic,,2015-11-05T19:05:39Z,Heart of Thorns
6277,Glittering Focus,Weapon,Basic,,2015-11-05T19:10:54Z,Heart of Thorns
6526,Glittering Greatsword,Weapon,Basic,,2015-11-05T19:14:48Z,Heart of Thorns
6266,Glittering Hammer,Weapon,Basic,,2015-11-05T19:17:49Z,Heart of Thorns
6239,Glittering Longbow,Weapon,Basic,,2015-11-05T19:20:17Z,Heart of Thorns
6294,Glittering Mace,Weapon,Basic,,2015-11-05T19:24:53Z,Heart of Thorns
6460,Glittering Pistol,Weapon,Basic,,2015-11-05T19:26:52Z,Heart of Thorns
6463,Glittering Rifle,Weapon,Basic,,2015-11-05T19:29:23Z,Heart of Thorns
6357,Glittering Scepter,Weapon,Basic,,2015-11-05T19:32:21Z,Heart of Thorns
6270,Glittering Shield,Weapon,Basic,,2015-11-05T19:36:23Z,Heart of Thorns
6337,Glittering Short Bow,Weapon,Basic,,2015-11-05T19:54:27Z,Heart of Thorns
6396,Glittering Sword,Weapon,Basic,,2015-11-05T19:56:30Z,Heart of Thorns
6445,Glittering Torch,Weapon,Basic,,2015-11-05T19:58:42Z,Heart of Thorns
6371,Glittering Warhorn,Weapon,Basic,,2015-11-05T20:00:27Z,Heart of Thorns
6431,Ghoul Backpack,Back,Basic,,2015-11-05T21:00:48Z,Heart of Thorns
6202,Finite Result,Back,Basic,,2015-11-06T01:13:03Z,Heart of Thorns
6132,Glittering Wings Backpack,Back,Basic,,2015-11-06T16:31:07Z,Heart of Thorns
6151,Leystone Pauldrons,Armor,Basic,Heavy,2015-11-07T20:32:14Z,Heart of Thorns
6248,Leystone Helmet,Armor,Basic,Heavy,2015-11-08T12:05:05Z,Heart of Thorns
6474,Upper Bound,Back,Basic,,2015-11-09T18:32:18Z,Heart of Thorns
6433,Leystone Vestments,Armor,Basic,Light,2015-11-10T11:03:22Z,Heart of Thorns
6055,Butterfly Harvesting Flute,Gathering,Basic,,2015-11-10T16:13:32Z,Heart of Thorns
6063,Swarm Logging Flute,Gathering,Basic,,2015-11-10T17:44:28Z,Heart of Thorns
6075,Firefly Mining Flute,Gathering,Basic,,2015-11-10T17:47:50Z,Heart of Thorns
4695,Lyssa's Gaze,Weapon,Basic,,2015-11-10T22:56:47Z,Heart of Thorns
6146,Leystone Leggings,Armor,Basic,Medium,2015-11-20T17:21:22Z,Heart of Thorns
6154,Leystone Jerkin,Armor,Basic,Medium,2015-11-20T18:01:30Z,Heart of Thorns
6344,Ad Infinitum,Back,Legendary,,2015-11-21T23:37:37Z,Heart of Thorns
6339,Leystone Cowl,Armor,Basic,Light,2015-11-23T14:46:39Z,Heart of Thorns
6308,Leystone Gloves,Armor,Basic,Light,2015-11-23T15:11:15Z,Heart of Thorns
6436,Leystone Pants,Armor,Basic,Light,2015-11-23T15:12:44Z,Heart of Thorns
6315,Leystone Shoes,Armor,Basic,Light,2015-11-23T15:13:14Z,Heart of Thorns
6317,Leystone Mask,Armor,Basic,Medium,2015-11-23T15:15:11Z,Heart of Thorns
6354,Leystone Shoulderpads,Armor,Basic,Medium,2015-11-23T15:16:54Z,Heart of Thorns
6148,Leystone Boots,Armor,Basic,Medium,2015-11-23T15:18:01Z,Heart of Thorns
6232,Leystone Vambraces,Armor,Basic,Medium,2015-11-23T15:20:05Z,Heart of Thorns
6426,Leystone Gauntlets,Armor,Basic,Heavy,2015-11-23T15:24:07Z,Heart of Thorns
6420,Leystone Greaves,Armor,Basic,Heavy,2015-11-23T15:26:05Z,Heart of Thorns
6561,The Ascension,Back,Legendary,,2015-12-01T04:26:32Z,Heart of Thorns
6558,Recruit's Wings of Glory,Back,Basic,,2015-12-02T02:17:28Z,Heart of Thorns
6560,Veteran's Wings of Glory,Back,Basic,,2015-12-02T02:19:54Z,Heart of Thorns
6573,Champion's Wings of Glory,Back,Basic,,2015-12-02T02:21:19Z,Heart of Thorns
6562,Elite's Wings of Glory,Back,Basic,,2015-12-02T02:22:35Z,Heart of Thorns
6556,Wings of Ascension,Back,Basic,,2015-12-02T02:31:05Z,Heart of Thorns
6554,Wintersday Wreath Backpack,Back,Basic,,2015-12-08T16:20:36Z,Heart of Thorns
6577,Winter's Presence,Armor,Basic,Heavy,2015-12-15T20:42:05Z,Heart of Thorns
6583,Winter's Presence,Armor,Basic,Medium,2015-12-15T20:42:05Z,Heart of Thorns
6586,Winter's Presence,Armor,Basic,Light,2015-12-15T20:42:05Z,Heart of Thorns
6390,Smasher,Weapon,Basic,,2015-12-16T14:11:52Z,Heart of Thorns
6615,Hawk Wings Backpack Skin,Back,Basic,,2016-01-22T21:18:52Z,Heart of Thorns
6620,Lucky Great Monkey Lantern,Back,Exotic,,2016-01-26T17:49:01Z,Heart of Thorns
6619,Lucky Monkey Lantern,Back,Rare,,2016-01-26T17:50:22Z,Heart of Thorns
6295,Oni Blade,Weapon,Basic,,2016-01-26T21:09:05Z,Heart of Thorns
6621,Branded Backpiece,Back,Basic,,2016-01-27T06:46:23Z,Heart of Thorns
6527,Golden Feather Wings Backpack,Back,Basic,,2016-02-16T16:18:50Z,Heart of Thorns
6668,Kaiser Snake Backpack Cover,Back,Basic,,2016-04-01T20:28:13Z,Heart of Thorns
6665,Kaiser Snake Axe,Weapon,Basic,,2016-04-04T15:39:07Z,Heart of Thorns
6679,Kaiser Snake Dagger,Weapon,Basic,,2016-04-04T15:53:26Z,Heart of Thorns
6675,Kaiser Snake Mace,Weapon,Basic,,2016-04-04T15:54:28Z,Heart of Thorns
6666,Kaiser Snake Pistol,Weapon,Basic,,2016-04-04T15:54:53Z,Heart of Thorns
6663,Kaiser Snake Scepter,Weapon,Basic,,2016-04-04T15:55:28Z,Heart of Thorns
6673,Kaiser Snake Sword,Weapon,Basic,,2016-04-04T15:57:14Z,Heart of Thorns
6678,Kaiser Snake Focus,Weapon,Basic,,2016-04-04T15:58:03Z,Heart of Thorns
6664,Kaiser Snake Shield,Weapon,Basic,,2016-04-04T15:59:16Z,Heart of Thorns
6670,Kaiser Snake Torch,Weapon,Basic,,2016-04-04T16:00:08Z,Heart of Thorns
6671,Kaiser Snake Warhorn,Weapon,Basic,,2016-04-04T16:00:53Z,Heart of Thorns
6677,Kaiser Snake Greatsword,Weapon,Basic,,2016-04-04T16:03:03Z,Heart of Thorns
6672,Kaiser Snake Hammer,Weapon,Basic,,2016-04-04T16:03:53Z,Heart of Thorns
6669,Kaiser Snake Longbow,Weapon,Basic,,2016-04-04T16:08:58Z,Heart of Thorns
6667,Kaiser Snake Rifle,Weapon,Basic,,2016-04-04T16:09:38Z,Heart of Thorns
6676,Kaiser Snake Short Bow,Weapon,Basic,,2016-04-04T16:10:19Z,Heart of Thorns
6674,Kaiser Snake Staff,Weapon,Basic,,2016-04-04T16:11:22Z,Heart of Thorns
6646,Dominator Axe,Weapon,Basic,,2016-04-07T18:30:18Z,Heart of Thorns
6631,Dominator Dagger,Weapon,Basic,,2016-04-07T18:37:16Z,Heart of Thorns
6637,Dominator Mace,Weapon,Basic,,2016-04-07T18:39:01Z,Heart of Thorns
6655,Dominator Pistol,Weapon,Basic,,2016-04-07T18:40:05Z,Heart of Thorns
6643,Dominator Sword,Weapon,Basic,,2016-04-07T18:41:17Z,Heart of Thorns
6653,Dominator Scepter,Weapon,Basic,,2016-04-07T18:42:12Z,Heart of Thorns
6650,Dominator Focus,Weapon,Basic,,2016-04-07T18:42:59Z,Heart of Thorns
6654,Dominator Shield,Weapon,Basic,,2016-04-07T18:43:54Z,Heart of Thorns
6640,Dominator Torch,Weapon,Basic,,2016-04-07T18:45:06Z,Heart of Thorns
6627,Dominator Warhorn,Weapon,Basic,,2016-04-07T18:46:24Z,Heart of Thorns
6648,Dominator Greatsword,Weapon,Basic,,2016-04-07T18:47:13Z,Heart of Thorns
6629,Dominator Hammer,Weapon,Basic,,2016-04-07T18:47:53Z,Heart of Thorns
6628,Dominator Longbow,Weapon,Basic,,2016-04-07T18:48:37Z,Heart of Thorns
6632,Dominator Rifle,Weapon,Basic,,2016-04-07T18:49:18Z,Heart of Thorns
6647,Dominator Short Bow,Weapon,Basic,,2016-04-07T18:50:06Z,Heart of Thorns
6656,Dominator Staff,Weapon,Basic,,2016-04-07T18:50:50Z,Heart of Thorns
6552,Merciless Axe,Weapon,Basic,,2016-04-07T18:55:41Z,Heart of Thorns
6572,Merciless Dagger,Weapon,Basic,,2016-04-07T18:56:57Z,Heart of Thorns
6551,Merciless Mace,Weapon,Basic,,2016-04-07T18:58:12Z,Heart of Thorns
6557,Merciless Pistol,Weapon,Basic,,2016-04-07T18:58:44Z,Heart of Thorns
6571,Merciless Sword,Weapon,Basic,,2016-04-07T18:59:26Z,Heart of Thorns
6569,Merciless Scepter,Weapon,Basic,,2016-04-07T19:00:03Z,Heart of Thorns
6567,Merciless Focus,Weapon,Basic,,2016-04-07T19:00:52Z,Heart of Thorns
6566,Merciless Shield,Weapon,Basic,,2016-04-07T19:01:29Z,Heart of Thorns
6574,Merciless Torch,Weapon,Basic,,2016-04-07T19:01:57Z,Heart of Thorns
6553,Merciless Warhorn,Weapon,Basic,,2016-04-07T19:02:36Z,Heart of Thorns
6564,Merciless Greatsword,Weapon,Basic,,2016-04-07T19:04:21Z,Heart of Thorns
6570,Merciless Longbow,Weapon,Basic,,2016-04-07T19:05:59Z,Heart of Thorns
6565,Merciless Rifle,Weapon,Basic,,2016-04-07T19:07:22Z,Heart of Thorns
6563,Merciless Short Bow,Weapon,Basic,,2016-04-07T19:07:50Z,Heart of Thorns
6568,Merciless Staff,Weapon,Basic,,2016-04-07T19:08:20Z,Heart of Thorns
6618,Brewmaster's Backpack,Back,Basic,,2016-04-10T06:32:42Z,Heart of Thorns
6712,Tigris,Weapon,Basic,,2016-04-19T17:32:37Z,Heart of Thorns
6734,Triumphant Warhelm,Armor,Basic,Heavy,2016-04-20T15:55:37Z,Heart of Thorns
6719,Triumphant Pauldrons,Armor,Basic,Heavy,2016-04-20T16:18:20Z,Heart of Thorns
6740,Triumphant Breastplate,Armor,Basic,Heavy,2016-04-20T16:26:24Z,Heart of Thorns
6730,Triumphant Gauntlets,Armor,Basic,Heavy,2016-04-20T16:28:29Z,Heart of Thorns
6726,Triumphant Legplates,Armor,Basic,Heavy,2016-04-20T16:33:09Z,Heart of Thorns
6682,Triumphant Wargreaves,Armor,Basic,Heavy,2016-04-20T16:46:11Z,Heart of Thorns
6725,Triumphant Faceguard,Armor,Basic,Medium,2016-04-20T16:51:14Z,Heart of Thorns
6733,Triumphant Shoulderguards,Armor,Basic,Medium,2016-04-20T16:55:06Z,Heart of Thorns
6685,Triumphant Brigandine,Armor,Basic,Medium,2016-04-20T16:58:45Z,Heart of Thorns
6684,Triumphant Wristplates,Armor,Basic,Medium,2016-04-20T17:00:36Z,Heart of Thorns
6687,Triumphant Legguards,Armor,Basic,Medium,2016-04-20T17:04:28Z,Heart of Thorns
6688,Triumphant Shinplates,Armor,Basic,Medium,2016-04-20T17:06:23Z,Heart of Thorns
6739,Triumphant Masque,Armor,Basic,Light,2016-04-20T17:08:30Z,Heart of Thorns
6722,Triumphant Epaulets,Armor,Basic,Light,2016-04-20T17:11:52Z,Heart of Thorns
6716,Triumphant Raiment,Armor,Basic,Light,2016-04-20T17:17:55Z,Heart of Thorns
6738,Triumphant Armguards,Armor,Basic,Light,2016-04-20T17:22:57Z,Heart of Thorns
6728,Triumphant Leggings,Armor,Basic,Light,2016-04-20T17:25:39Z,Heart of Thorns
6705,Triumphant Footgear,Armor,Basic,Light,2016-04-20T17:28:04Z,Heart of Thorns
3687,Greatsaw,Weapon,Basic,,2016-04-23T06:53:15Z,Heart of Thorns
3693,Ghastly Grinning Shield,Weapon,Basic,,2016-04-23T19:38:53Z,Heart of Thorns
6744,Macaw Wings Backpack,Back,Basic,,2016-05-04T10:43:32Z,Heart of Thorns
6203,Improvised Shield,Weapon,Basic,,2016-05-09T05:25:08Z,Heart of Thorns
6220,Improvised Axe,Weapon,Basic,,2016-05-09T05:36:46Z,Heart of Thorns
6251,Improvised Warhorn,Weapon,Basic,,2016-05-09T05:39:48Z,Heart of Thorns
6289,Improvised Staff,Weapon,Basic,,2016-05-09T05:55:49Z,Heart of Thorns
6326,Improvised Mace,Weapon,Basic,,2016-05-09T05:57:46Z,Heart of Thorns
6353,Radiant Backguard,Back,Basic,,2016-05-09T06:44:46Z,Heart of Thorns
6370,Improvised Rifle,Weapon,Basic,,2016-05-09T08:20:01Z,Heart of Thorns
6372,Improvised Longbow,Weapon,Basic,,2016-05-09T08:21:16Z,Heart of Thorns
6393,Improvised Focus,Weapon,Basic,,2016-05-09T08:22:40Z,Heart of Thorns
6455,Improvised Pistol,Weapon,Basic,,2016-05-09T08:32:48Z,Heart of Thorns
6478,Improvised Scepter,Weapon,Basic,,2016-05-09T08:37:52Z,Heart of Thorns
6488,Improvised Short Bow,Weapon,Basic,,2016-05-09T08:42:51Z,Heart of Thorns
6496,Improvised Dagger,Weapon,Basic,,2016-05-09T08:48:08Z,Heart of Thorns
6507,Improvised Greatsword,Weapon,Basic,,2016-05-09T08:49:11Z,Heart of Thorns
6510,Improvised Hammer,Weapon,Basic,,2016-05-09T08:53:36Z,Heart of Thorns
6516,Improvised Torch,Weapon,Basic,,2016-05-09T08:58:11Z,Heart of Thorns
6521,Improvised Sword,Weapon,Basic,,2016-05-09T17:04:48Z,Heart of Thorns
6529,Plasma Dagger,Weapon,Basic,,2016-05-09T17:08:11Z,Heart of Thorns
6530,Plasma Focus,Weapon,Basic,,2016-05-09T17:09:20Z,Heart of Thorns
6533,Plasma Rifle,Weapon,Basic,,2016-05-09T17:10:16Z,Heart of Thorns
6534,Plasma Axe,Weapon,Basic,,2016-05-09T17:11:14Z,Heart of Thorns
6535,Plasma Scepter,Weapon,Basic,,2016-05-09T17:12:19Z,Heart of Thorns
6537,Plasma Staff,Weapon,Basic,,2016-05-09T17:13:11Z,Heart of Thorns
6538,Plasma Sword,Weapon,Basic,,2016-05-09T17:14:00Z,Heart of Thorns
6540,Plasma Hammer,Weapon,Basic,,2016-05-09T17:14:50Z,Heart of Thorns
6541,Plasma Torch,Weapon,Basic,,2016-05-09T17:15:33Z,Heart of Thorns
6542,Plasma Shield,Weapon,Basic,,2016-05-09T17:16:19Z,Heart of Thorns
6544,Plasma Longbow,Weapon,Basic,,2016-05-09T17:17:06Z,Heart of Thorns
6545,Plasma Pistol,Weapon,Basic,,2016-05-09T17:17:52Z,Heart of Thorns
6546,Plasma Greatsword,Weapon,Basic,,2016-05-09T17:18:40Z,Heart of Thorns
6547,Plasma Mace,Weapon,Basic,,2016-05-09T17:19:35Z,Heart of Thorns
6549,Plasma Short Bow,Weapon,Basic,,2016-05-09T17:20:37Z,Heart of Thorns
6550,Plasma Warhorn,Weapon,Basic,,2016-05-09T17:21:23Z,Heart of Thorns
6576,Timekeeper Torch,Weapon,Basic,,2016-05-09T22:52:26Z,Heart of Thorns
6578,Timekeeper Shield,Weapon,Basic,,2016-05-09T22:53:29Z,Heart of Thorns
6580,Timekeeper Greatsword,Weapon,Basic,,2016-05-09T22:54:15Z,Heart of Thorns
6581,Timekeeper Rifle,Weapon,Basic,,2016-05-09T22:54:56Z,Heart of Thorns
6582,Timekeeper Axe,Weapon,Basic,,2016-05-09T22:55:43Z,Heart of Thorns
6587,Timekeeper Staff,Weapon,Basic,,2016-05-09T22:56:26Z,Heart of Thorns
6588,Timekeeper Sword,Weapon,Basic,,2016-05-09T22:57:14Z,Heart of Thorns
6589,Timekeeper Warhorn,Weapon,Basic,,2016-05-09T22:58:06Z,Heart of Thorns
6590,Timekeeper Pistol,Weapon,Basic,,2016-05-09T22:58:48Z,Heart of Thorns
6591,Timekeeper Dagger,Weapon,Basic,,2016-05-09T22:59:40Z,Heart of Thorns
6592,Timekeeper Longbow,Weapon,Basic,,2016-05-09T23:00:30Z,Heart of Thorns
6593,Timekeeper Scepter,Weapon,Basic,,2016-05-09T23:01:14Z,Heart of Thorns
6594,Timekeeper Short Bow,Weapon,Basic,,2016-05-09T23:01:59Z,Heart of Thorns
6595,Timekeeper Mace,Weapon,Basic,,2016-05-09T23:03:02Z,Heart of Thorns
6596,Timekeeper Hammer,Weapon,Basic,,2016-05-09T23:03:47Z,Heart of Thorns
6597,Timekeeper Focus,Weapon,Basic,,2016-05-09T23:04:33Z,Heart of Thorns
6745,Sloth Backpack,Back,Basic,,2016-05-10T15:57:01Z,Heart of Thorns
6741,Cosmic Mining Tool,Gathering,Basic,,2016-05-10T16:08:23Z,Heart of Thorns
6598,Soaring Greatsword,Weapon,Basic,,2016-05-11T08:37:13Z,Heart of Thorns
6599,Soaring Staff,Weapon,Basic,,2016-05-11T08:38:18Z,Heart of Thorns
6600,Soaring Shield,Weapon,Basic,,2016-05-11T08:39:09Z,Heart of Thorns
6603,Soaring Short Bow,Weapon,Basic,,2016-05-11T08:39:57Z,Heart of Thorns
6604,Soaring Scepter,Weapon,Basic,,2016-05-11T08:40:42Z,Heart of Thorns
6605,Soaring Mace,Weapon,Basic,,2016-05-11T08:41:31Z,Heart of Thorns
6606,Soaring Torch,Weapon,Basic,,2016-05-11T08:42:27Z,Heart of Thorns
6607,Soaring Warhorn,Weapon,Basic,,2016-05-11T08:43:10Z,Heart of Thorns
6608,Soaring Focus,Weapon,Basic,,2016-05-11T08:43:54Z,Heart of Thorns
6609,Soaring Pistol,Weapon,Basic,,2016-05-11T08:44:31Z,Heart of Thorns
6610,Soaring Axe,Weapon,Basic,,2016-05-11T08:45:20Z,Heart of Thorns
6611,Soaring Dagger,Weapon,Basic,,2016-05-11T08:46:09Z,Heart of Thorns
6612,Soaring Longbow,Weapon,Basic,,2016-05-11T08:46:59Z,Heart of Thorns
6613,Soaring Hammer,Weapon,Basic,,2016-05-11T08:47:58Z,Heart of Thorns
6614,Soaring Sword,Weapon,Basic,,2016-05-11T08:48:42Z,Heart of Thorns
6616,Soaring Rifle,Weapon,Basic,,2016-05-11T08:49:39Z,Heart of Thorns
6681,Spectral Shield,Weapon,Basic,,2016-05-11T08:59:02Z,Heart of Thorns
6689,Spectral Longbow,Weapon,Basic,,2016-05-11T09:00:47Z,Heart of Thorns
6692,Spectral Axe,Weapon,Basic,,2016-05-11T09:01:47Z,Heart of Thorns
6696,Spectral Sword,Weapon,Basic,,2016-05-11T09:02:35Z,Heart of Thorns
6703,Spectral Greatsword,Weapon,Basic,,2016-05-11T09:10:18Z,Heart of Thorns
6704,Spectral Rifle,Weapon,Basic,,2016-05-11T09:11:24Z,Heart of Thorns
6708,Spectral Focus,Weapon,Basic,,2016-05-11T09:12:07Z,Heart of Thorns
6709,Spectral Mace,Weapon,Basic,,2016-05-11T09:12:52Z,Heart of Thorns
6710,Spectral Staff,Weapon,Basic,,2016-05-11T09:13:46Z,Heart of Thorns
6714,Spectral Torch,Weapon,Basic,,2016-05-11T09:14:34Z,Heart of Thorns
6720,Spectral Short Bow,Weapon,Basic,,2016-05-11T09:16:11Z,Heart of Thorns
6723,Spectral Pistol,Weapon,Basic,,2016-05-11T09:17:18Z,Heart of Thorns
6729,Spectral Dagger,Weapon,Basic,,2016-05-11T09:21:26Z,Heart of Thorns
6731,Spectral  Scepter,Weapon,Basic,,2016-05-11T09:27:46Z,Heart of Thorns
6735,Spectral Warhorn,Weapon,Basic,,2016-05-11T09:28:41Z,Heart of Thorns
6774,Moth Wings Backpack,Back,Basic,,2016-05-17T16:40:05Z,Heart of Thorns
6772,Cavalier Sword,Weapon,Basic,,2016-05-21T02:01:00Z,Heart of Thorns
6770,Guild Cavalier Sword,Weapon,Basic,,2016-05-21T02:01:05Z,Heart of Thorns
6764,Cavalier Hammer,Weapon,Basic,,2016-05-21T02:04:03Z,Heart of Thorns
6761,Guild Cavalier Hammer,Weapon,Basic,,2016-05-21T02:04:38Z,Heart of Thorns
6758,Cavalier Longbow,Weapon,Basic,,2016-05-21T02:07:18Z,Heart of Thorns
6748,Guild Cavalier Longbow,Weapon,Basic,,2016-05-21T02:08:08Z,Heart of Thorns
6753,Cavalier Short Bow,Weapon,Basic,,2016-05-21T02:09:58Z,Heart of Thorns
6771,Guild Cavalier Short Bow,Weapon,Basic,,2016-05-21T02:10:36Z,Heart of Thorns
6749,Cavalier Axe,Weapon,Basic,,2016-05-21T02:12:16Z,Heart of Thorns
6773,Guild Cavalier Axe,Weapon,Basic,,2016-05-21T02:12:53Z,Heart of Thorns
6751,Cavalier Dagger,Weapon,Basic,,2016-05-21T02:14:37Z,Heart of Thorns
6781,Guild Cavalier Dagger,Weapon,Basic,,2016-05-21T02:15:14Z,Heart of Thorns
6765,Cavalier Greatsword,Weapon,Basic,,2016-05-21T02:16:55Z,Heart of Thorns
6755,Guild Cavalier Greatsword,Weapon,Basic,,2016-05-21T02:17:21Z,Heart of Thorns
6747,Cavalier Mace,Weapon,Basic,,2016-05-21T02:19:08Z,Heart of Thorns
6766,Guild Cavalier Mace,Weapon,Basic,,2016-05-21T02:19:42Z,Heart of Thorns
6756,Cavalier Pistol,Weapon,Basic,,2016-05-21T03:20:50Z,Heart of Thorns
6762,Guild Cavalier Pistol,Weapon,Basic,,2016-05-21T03:21:19Z,Heart of Thorns
6757,Cavalier Rifle,Weapon,Basic,,2016-05-21T03:22:46Z,Heart of Thorns
6750,Guild Cavalier Rifle,Weapon,Basic,,2016-05-21T03:23:19Z,Heart of Thorns
6746,Cavalier Scepter,Weapon,Basic,,2016-05-21T03:25:15Z,Heart of Thorns
6782,Guild Cavalier Scepter,Weapon,Basic,,2016-05-21T03:25:45Z,Heart of Thorns
6783,Cavalier Staff,Weapon,Basic,,2016-05-21T03:27:35Z,Heart of Thorns
6763,Guild Cavalier Staff,Weapon,Basic,,2016-05-21T03:28:05Z,Heart of Thorns
6767,Cavalier Focus,Weapon,Basic,,2016-05-21T03:29:38Z,Heart of Thorns
6769,Guild Cavalier Focus,Weapon,Basic,,2016-05-21T03:30:08Z,Heart of Thorns
6780,Cavalier Torch,Weapon,Basic,,2016-05-21T03:31:37Z,Heart of Thorns
6776,Guild Cavalier Torch,Weapon,Basic,,2016-05-21T03:32:17Z,Heart of Thorns
6777,Cavalier Warhorn,Weapon,Basic,,2016-05-21T03:34:20Z,Heart of Thorns
6754,Guild Cavalier Warhorn,Weapon,Basic,,2016-05-21T03:35:03Z,Heart of Thorns
6768,Cavalier Shield,Weapon,Basic,,2016-05-21T03:36:47Z,Heart of Thorns
6778,Guild Cavalier Shield,Weapon,Basic,,2016-05-21T03:37:25Z,Heart of Thorns
6253,Hellfire Backguard,Back,Basic,,2016-06-02T20:57:17Z,Heart of Thorns
8095,Glitter Bomb Harvesting Tool,Gathering,Basic,,2016-06-21T16:39:55Z,Heart of Thorns
6827,Privateer Shield,Weapon,Basic,,2016-06-23T16:52:06Z,Heart of Thorns
6789,Privateer Axe,Weapon,Basic,,2016-06-23T16:53:32Z,Heart of Thorns
6793,Privateer Dagger,Weapon,Basic,,2016-06-23T16:55:49Z,Heart of Thorns
6832,Privateer Mace,Weapon,Basic,,2016-06-23T16:56:23Z,Heart of Thorns
6786,Privateer Pistol,Weapon,Basic,,2016-06-23T16:57:04Z,Heart of Thorns
6808,Privateer Scepter,Weapon,Basic,,2016-06-23T16:57:49Z,Heart of Thorns
6817,Privateer Sword,Weapon,Basic,,2016-06-23T16:58:25Z,Heart of Thorns
6816,Privateer Focus,Weapon,Basic,,2016-06-23T16:58:53Z,Heart of Thorns
6807,Privateer Torch,Weapon,Basic,,2016-06-23T16:59:26Z,Heart of Thorns
6797,Privateer Warhorn,Weapon,Basic,,2016-06-23T16:59:56Z,Heart of Thorns
6803,Privateer Greatsword,Weapon,Basic,,2016-06-23T17:00:30Z,Heart of Thorns
6787,Privateer Hammer,Weapon,Basic,,2016-06-23T17:00:53Z,Heart of Thorns
6819,Privateer Longbow,Weapon,Basic,,2016-06-23T17:01:20Z,Heart of Thorns
6822,Privateer Rifle,Weapon,Basic,,2016-06-23T17:01:42Z,Heart of Thorns
6830,Privateer Short Bow,Weapon,Basic,,2016-06-23T17:02:24Z,Heart of Thorns
6826,Privateer Staff,Weapon,Basic,,2016-06-23T17:03:23Z,Heart of Thorns
8086,Focused Solar Logging Tool,Gathering,Basic,,2016-06-28T16:09:50Z,Heart of Thorns
1793,Stalwart Helm,Armor,Basic,Medium,2016-06-29T20:16:50Z,Heart of Thorns
1736,Stalwart Shoulders,Armor,Basic,Medium,2016-06-29T20:19:54Z,Heart of Thorns
1704,Stalwart Jerkin,Armor,Basic,Medium,2016-06-29T20:21:30Z,Heart of Thorns
1775,Stalwart Gloves,Armor,Basic,Medium,2016-06-29T20:22:32Z,Heart of Thorns
1703,Stalwart Leggings,Armor,Basic,Medium,2016-06-29T20:23:21Z,Heart of Thorns
1740,Stalwart Boots,Armor,Basic,Medium,2016-06-29T20:24:08Z,Heart of Thorns
1678,Apostle Cowl,Armor,Basic,Light,2016-06-29T20:56:16Z,Heart of Thorns
1619,Apostle Epaulets,Armor,Basic,Light,2016-06-29T20:56:31Z,Heart of Thorns
1589,Apostle Cassock,Armor,Basic,Light,2016-06-29T20:56:45Z,Heart of Thorns
1662,Apostle Wraps,Armor,Basic,Light,2016-06-29T20:57:02Z,Heart of Thorns
1587,Apostle Leggings,Armor,Basic,Light,2016-06-29T20:57:16Z,Heart of Thorns
1628,Apostle Shoes,Armor,Basic,Light,2016-06-29T20:57:30Z,Heart of Thorns
6841,Xera's Mask,Armor,Basic,Heavy,2016-07-05T16:08:20Z,Heart of Thorns
6842,Xera's Mask,Armor,Basic,Light,2016-07-05T16:08:20Z,Heart of Thorns
6845,Xera's Mask,Armor,Basic,Medium,2016-07-05T16:08:20Z,Heart of Thorns
6854,Shining Blade Backpack,Back,Basic,,2016-07-26T17:23:41Z,Heart of Thorns
6856,Bloodstone Crown,Armor,Basic,Heavy,2016-07-27T14:43:34Z,Heart of Thorns
6858,Bloodstone Crown,Armor,Basic,Medium,2016-07-27T14:43:34Z,Heart of Thorns
6881,Bloodstone Crown,Armor,Basic,Light,2016-07-27T14:43:34Z,Heart of Thorns
6864,Mistwild Greatsword,Weapon,Basic,,2016-07-27T18:02:45Z,Heart of Thorns
6874,Embellished Axe,Weapon,Basic,,2016-07-27T22:15:48Z,Heart of Thorns
6877,Embellished Dagger,Weapon,Basic,,2016-07-27T22:16:32Z,Heart of Thorns
6866,Embellished Mace,Weapon,Basic,,2016-07-27T22:16:45Z,Heart of Thorns
6886,Embellished Pistol,Weapon,Basic,,2016-07-27T22:17:22Z,Heart of Thorns
6861,Embellished Scepter,Weapon,Basic,,2016-07-27T22:18:55Z,Heart of Thorns
6887,Embellished Staff,Weapon,Basic,,2016-07-27T22:19:26Z,Heart of Thorns
6862,Embellished Short Bow,Weapon,Basic,,2016-07-27T22:20:39Z,Heart of Thorns
6859,Embellished Sword,Weapon,Basic,,2016-07-27T22:21:00Z,Heart of Thorns
6869,Embellished Shield,Weapon,Basic,,2016-07-27T22:21:18Z,Heart of Thorns
6848,Embellished Focus,Weapon,Basic,,2016-07-27T22:21:40Z,Heart of Thorns
6873,Embellished Torch,Weapon,Basic,,2016-07-27T22:21:58Z,Heart of Thorns
6876,Embellished Warhorn,Weapon,Basic,,2016-07-27T22:22:22Z,Heart of Thorns
6882,Embellished Greatsword,Weapon,Basic,,2016-07-27T22:22:45Z,Heart of Thorns
6868,Embellished Hammer,Weapon,Basic,,2016-07-27T22:23:07Z,Heart of Thorns
6865,Embellished Longbow,Weapon,Basic,,2016-07-27T22:23:46Z,Heart of Thorns
6871,Embellished Rifle,Weapon,Basic,,2016-07-27T22:24:02Z,Heart of Thorns
6884,Lord Caudecus's Sword,Weapon,Basic,,2016-08-03T17:31:30Z,Heart of Thorns
6863,Lord Caudecus's Pistol,Weapon,Basic,,2016-08-03T17:32:09Z,Heart of Thorns
6891,Bloodstone Visage,Armor,Basic,Medium,2016-08-09T19:05:04Z,Heart of Thorns
6893,Bloodstone Visage,Armor,Basic,Heavy,2016-08-09T19:05:04Z,Heart of Thorns
6896,Bloodstone Visage,Armor,Basic,Light,2016-08-09T19:05:04Z,Heart of Thorns
6894,Storm Bow,Weapon,Basic,,2016-08-16T17:45:52Z,Heart of Thorns
6901,Emissary's Staff,Weapon,Basic,,2016-08-16T17:47:12Z,Heart of Thorns
6940,Peacock Scepter,Weapon,Basic,,2016-08-23T17:21:55Z,Heart of Thorns
6902,Grove Hydria,Back,Basic,,2016-08-24T06:28:01Z,Heart of Thorns
6890,Rata Sum Apparatus,Back,Basic,,2016-08-24T06:30:31Z,Heart of Thorns
6895,Black Citadel Engine,Back,Basic,,2016-08-24T06:31:06Z,Heart of Thorns
6898,Divinity's Reach Rucksack,Back,Basic,,2016-08-24T06:32:26Z,Heart of Thorns
6892,Hoelbrak Mountain Pack,Back,Basic,,2016-08-24T06:33:04Z,Heart of Thorns
6932,Bloodstone Staff,Weapon,Basic,,2016-08-24T22:09:42Z,Heart of Thorns
6947,Bloodstone Short Bow,Weapon,Basic,,2016-08-24T22:13:04Z,Heart of Thorns
6921,Bloodstone Rifle,Weapon,Basic,,2016-08-24T22:13:27Z,Heart of Thorns
6925,Bloodstone Longbow,Weapon,Basic,,2016-08-24T22:13:52Z,Heart of Thorns
6908,Bloodstone Hammer,Weapon,Basic,,2016-08-24T22:14:13Z,Heart of Thorns
6950,Bloodstone Greatsword,Weapon,Basic,,2016-08-24T22:14:32Z,Heart of Thorns
6933,Bloodstone Warhorn,Weapon,Basic,,2016-08-24T22:15:13Z,Heart of Thorns
6936,Bloodstone Torch,Weapon,Basic,,2016-08-24T22:15:41Z,Heart of Thorns
6912,Bloodstone Shield,Weapon,Basic,,2016-08-24T22:16:12Z,Heart of Thorns
6934,Bloodstone Focus,Weapon,Basic,,2016-08-24T22:16:33Z,Heart of Thorns
6911,Bloodstone Sword,Weapon,Basic,,2016-08-24T22:16:48Z,Heart of Thorns
6920,Bloodstone Scepter,Weapon,Basic,,2016-08-24T22:17:20Z,Heart of Thorns
6930,Bloodstone Pistol,Weapon,Basic,,2016-08-24T22:17:40Z,Heart of Thorns
6926,Bloodstone Mace,Weapon,Basic,,2016-08-24T22:17:57Z,Heart of Thorns
6907,Bloodstone Dagger,Weapon,Basic,,2016-08-24T22:18:15Z,Heart of Thorns
6928,Bloodstone Axe,Weapon,Basic,,2016-08-24T22:18:36Z,Heart of Thorns
6888,Shattered Bloodstone Circlet,Armor,Basic,Heavy,2016-08-30T16:30:25Z,Heart of Thorns
6899,Shattered Bloodstone Circlet,Armor,Basic,Light,2016-08-30T16:30:25Z,Heart of Thorns
6900,Shattered Bloodstone Circlet,Armor,Basic,Medium,2016-08-30T16:30:25Z,Heart of Thorns
6935,Amethyst Shield,Weapon,Basic,,2016-09-02T19:13:43Z,Heart of Thorns
6906,Dragon Kama,Weapon,Basic,,2016-09-06T22:47:51Z,Heart of Thorns
6942,Kurzick Dual Axe,Weapon,Basic,,2016-09-15T16:45:09Z,Heart of Thorns
6965,Mursaat Wings Backpack,Back,Basic,,2016-09-20T20:51:11Z,Heart of Thorns
6962,Cosmic Logging Tool,Gathering,Basic,,2016-09-27T16:41:50Z,Heart of Thorns
6972,Furrocious Cat Ears,Armor,Basic,Heavy,2016-10-05T00:29:18Z,Heart of Thorns
6974,Furrocious Cat Ears,Armor,Basic,Medium,2016-10-05T00:29:18Z,Heart of Thorns
6975,Furrocious Cat Ears,Armor,Basic,Light,2016-10-05T00:29:18Z,Heart of Thorns
6991,Onus,Weapon,Basic,,2016-10-18T19:10:03Z,Heart of Thorns
6977,Jailbroken,Weapon,Basic,,2016-10-18T19:25:20Z,Heart of Thorns
6994,Grim Pact,Weapon,Basic,,2016-10-18T19:35:06Z,Heart of Thorns
6987,Gargoyle Dagger,Weapon,Basic,,2016-10-18T21:05:19Z,Heart of Thorns
6989,Gargoyle Axe,Weapon,Basic,,2016-10-18T21:16:30Z,Heart of Thorns
6995,Gargoyle Focus,Weapon,Basic,,2016-10-18T21:18:30Z,Heart of Thorns
6979,Gargoyle Greatsword,Weapon,Basic,,2016-10-18T21:29:47Z,Heart of Thorns
6984,Gargoyle Sword,Weapon,Basic,,2016-10-18T21:31:22Z,Heart of Thorns
6992,Gargoyle Rifle,Weapon,Basic,,2016-10-19T00:00:55Z,Heart of Thorns
6988,Gargoyle Short Bow,Weapon,Basic,,2016-10-19T00:04:14Z,Heart of Thorns
6996,Gargoyle Torch,Weapon,Basic,,2016-10-19T00:05:46Z,Heart of Thorns
6999,Gargoyle Longbow,Weapon,Basic,,2016-10-19T00:06:28Z,Heart of Thorns
6976,Gargoyle Warhorn,Weapon,Basic,,2016-10-19T00:07:26Z,Heart of Thorns
6986,Gargoyle Hammer,Weapon,Basic,,2016-10-19T00:08:15Z,Heart of Thorns
6998,Gargoyle Staff,Weapon,Basic,,2016-10-19T00:09:22Z,Heart of Thorns
6993,Gargoyle Scepter,Weapon,Basic,,2016-10-19T00:10:24Z,Heart of Thorns
6981,Gargoyle Pistol,Weapon,Basic,,2016-10-19T00:12:38Z,Heart of Thorns
6982,Gargoyle Shield,Weapon,Basic,,2016-10-19T00:13:34Z,Heart of Thorns
6990,Gargoyle Mace,Weapon,Basic,,2016-10-19T00:14:11Z,Heart of Thorns
7000,Plush Baby Aurene Backpack,Back,Basic,,2016-11-08T21:11:17Z,Heart of Thorns
7024,Shooshadoo,Weapon,Legendary,,2016-11-17T20:09:50Z,Heart of Thorns
7016,Nightmare Anelace,Weapon,Basic,,2016-11-21T21:53:19Z,Heart of Thorns
7033,Nightmare Corsage,Weapon,Basic,,2016-11-21T23:24:28Z,Heart of Thorns
7030,Nightmare Thornblade,Weapon,Basic,,2016-11-22T00:09:40Z,Heart of Thorns
7015,Nightmare Nettleguard,Weapon,Basic,,2016-11-22T04:17:14Z,Heart of Thorns
7019,Caustic Nightmare Corsage,Weapon,Basic,,2016-11-22T09:45:05Z,Heart of Thorns
7020,Caustic Nightmare Nettleguard,Weapon,Basic,,2016-11-22T18:02:21Z,Heart of Thorns
7011,Caustic Nightmare Thornblade,Weapon,Basic,,2016-11-22T18:05:28Z,Heart of Thorns
7009,Caustic Nightmare Anelace,Weapon,Basic,,2016-11-22T18:16:48Z,Heart of Thorns
6711,Triumphant Hero's Masque,Armor,Basic,Light,2016-11-23T19:45:38Z,Heart of Thorns
6686,Triumphant Hero's Epaulets,Armor,Basic,Light,2016-11-23T19:47:19Z,Heart of Thorns
6706,Triumphant Hero's Raiment,Armor,Basic,Light,2016-11-23T19:49:24Z,Heart of Thorns
6718,Triumphant Hero's Armguards,Armor,Basic,Light,2016-11-23T19:50:18Z,Heart of Thorns
6701,Triumphant Hero's Leggings,Armor,Basic,Light,2016-11-23T19:51:42Z,Heart of Thorns
6707,Triumphant Hero's Footgear,Armor,Basic,Light,2016-11-23T19:52:41Z,Heart of Thorns
6699,Triumphant Hero's Shinplates,Armor,Basic,Medium,2016-11-23T19:54:43Z,Heart of Thorns
6690,Triumphant Hero's Legguards,Armor,Basic,Medium,2016-11-23T19:57:15Z,Heart of Thorns
6693,Triumphant Hero's Wristplates,Armor,Basic,Medium,2016-11-23T19:59:46Z,Heart of Thorns
6697,Triumphant Hero's Brigandine,Armor,Basic,Medium,2016-11-23T20:01:07Z,Heart of Thorns
6694,Triumphant Hero's Shoulderguards,Armor,Basic,Medium,2016-11-23T20:02:09Z,Heart of Thorns
6695,Triumphant Hero's Faceguard,Armor,Basic,Medium,2016-11-23T20:02:48Z,Heart of Thorns
6715,Triumphant Hero's Warhelm,Armor,Basic,Heavy,2016-11-23T20:05:01Z,Heart of Thorns
6736,Triumphant Hero's Pauldrons,Armor,Basic,Heavy,2016-11-23T20:08:19Z,Heart of Thorns
6698,Triumphant Hero's Breastplate,Armor,Basic,Heavy,2016-11-23T20:13:57Z,Heart of Thorns
6713,Triumphant Hero's Gauntlets,Armor,Basic,Heavy,2016-11-23T20:14:26Z,Heart of Thorns
6721,Triumphant Hero's Legplates,Armor,Basic,Heavy,2016-11-23T20:14:49Z,Heart of Thorns
6691,Triumphant Hero's Wargreaves,Armor,Basic,Heavy,2016-11-23T20:15:22Z,Heart of Thorns
7034,Cosmic Harvesting Tool,Gathering,Basic,,2016-11-29T16:25:03Z,Heart of Thorns
7012,Fire Quiver Backpack,Back,Basic,,2016-12-06T16:37:20Z,Heart of Thorns
6978,Candelabra Staff,Weapon,Basic,,2016-12-13T17:44:10Z,Heart of Thorns
7036,Frostforged Torch,Weapon,Basic,,2016-12-13T18:32:20Z,Heart of Thorns
7053,Frostforged Scepter,Weapon,Basic,,2016-12-13T18:38:21Z,Heart of Thorns
7046,Frostforged Rifle,Weapon,Basic,,2016-12-13T18:40:07Z,Heart of Thorns
7059,Frostforged Mace,Weapon,Basic,,2016-12-13T18:45:07Z,Heart of Thorns
7057,Frostforged Pistol,Weapon,Basic,,2016-12-13T18:47:08Z,Heart of Thorns
7054,Frostforged Focus,Weapon,Basic,,2016-12-13T18:47:56Z,Heart of Thorns
7041,Frostforged Longbow,Weapon,Basic,,2016-12-13T18:53:32Z,Heart of Thorns
7050,Frostforged Greatsword,Weapon,Basic,,2016-12-13T18:54:34Z,Heart of Thorns
7044,Frostforged Dagger,Weapon,Basic,,2016-12-13T18:56:02Z,Heart of Thorns
7049,Frostforged Sword,Weapon,Basic,,2016-12-13T19:00:06Z,Heart of Thorns
7039,Frostforged Short Bow,Weapon,Basic,,2016-12-13T19:02:22Z,Heart of Thorns
7060,Frostforged Hammer,Weapon,Basic,,2016-12-13T19:03:54Z,Heart of Thorns
7052,Frostforged Warhorn,Weapon,Basic,,2016-12-13T19:04:48Z,Heart of Thorns
7048,Frostforged Shield,Weapon,Basic,,2016-12-13T19:07:33Z,Heart of Thorns
7062,Frostforged Axe,Weapon,Basic,,2016-12-13T19:08:12Z,Heart of Thorns
7056,Frostforged Staff,Weapon,Basic,,2016-12-13T19:13:37Z,Heart of Thorns
5624,Ardent Glorious Plate Helm,Armor,Basic,Heavy,2016-12-14T14:23:53Z,Heart of Thorns
5626,Ardent Glorious Pauldrons,Armor,Basic,Heavy,2016-12-14T14:27:08Z,Heart of Thorns
5622,Ardent Glorious Breastplate,Armor,Basic,Heavy,2016-12-14T14:28:28Z,Heart of Thorns
5623,Ardent Glorious Gauntlets,Armor,Basic,Heavy,2016-12-14T14:30:06Z,Heart of Thorns
5625,Ardent Glorious Legplates,Armor,Basic,Heavy,2016-12-14T14:31:11Z,Heart of Thorns
5621,Ardent Glorious Wargreaves,Armor,Basic,Heavy,2016-12-14T14:32:30Z,Heart of Thorns
5635,Ardent Glorious Cap,Armor,Basic,Medium,2016-12-14T14:33:40Z,Heart of Thorns
5619,Ardent Glorious Shoulderguards,Armor,Basic,Medium,2016-12-14T14:34:52Z,Heart of Thorns
5633,Ardent Glorious Brigandine,Armor,Basic,Medium,2016-12-14T14:36:23Z,Heart of Thorns
5634,Ardent Glorious Wristplates,Armor,Basic,Medium,2016-12-14T14:37:24Z,Heart of Thorns
5636,Ardent Glorious Legguards,Armor,Basic,Medium,2016-12-14T14:38:46Z,Heart of Thorns
5632,Ardent Glorious Shinplates,Armor,Basic,Medium,2016-12-14T14:40:03Z,Heart of Thorns
5620,Ardent Glorious Crown,Armor,Basic,Light,2016-12-14T14:41:13Z,Heart of Thorns
5631,Ardent Glorious Epaulets,Armor,Basic,Light,2016-12-14T14:42:16Z,Heart of Thorns
5628,Ardent Glorious Raiment,Armor,Basic,Light,2016-12-14T14:43:14Z,Heart of Thorns
5629,Ardent Glorious Armguards,Armor,Basic,Light,2016-12-14T14:44:09Z,Heart of Thorns
5630,Ardent Glorious Leggings,Armor,Basic,Light,2016-12-14T14:47:54Z,Heart of Thorns
5602,Ardent Glorious Footgear,Armor,Basic,Light,2016-12-14T14:49:09Z,Heart of Thorns
7038,Ice Crown,Armor,Basic,Heavy,2016-12-17T01:40:08Z,Heart of Thorns
7040,Ice Crown,Armor,Basic,Medium,2016-12-17T01:40:08Z,Heart of Thorns
7045,Ice Crown,Armor,Basic,Light,2016-12-17T01:40:08Z,Heart of Thorns
7063,Wrapped Scepter,Weapon,Basic,,2016-12-17T01:54:22Z,Heart of Thorns
7058,Wrapped Greatsword,Weapon,Basic,,2016-12-17T01:55:51Z,Heart of Thorns
7061,Wrapped Shield,Weapon,Basic,,2016-12-17T01:56:33Z,Heart of Thorns
7043,Wrapped Staff,Weapon,Basic,,2016-12-17T01:56:50Z,Heart of Thorns
7037,Wrapped Sword,Weapon,Basic,,2016-12-17T01:57:09Z,Heart of Thorns
7047,Scruffy Backpack,Back,Basic,,2017-01-03T16:20:23Z,Heart of Thorns
7068,Celestial Rooster Harvesting Tool,Gathering,Basic,,2017-01-17T17:56:21Z,Heart of Thorns
7069,Lucky Great Rooster Lantern,Back,Exotic,,2017-01-17T19:44:30Z,Heart of Thorns
7065,Lucky Rooster Lantern,Back,Rare,,2017-01-17T19:58:17Z,Heart of Thorns
7080,Man o' War,Weapon,Basic,,2017-02-08T20:03:15Z,Heart of Thorns
7152,Devoted Rifle,Weapon,Basic,,2017-02-08T21:29:12Z,Heart of Thorns
7112,Devoted Staff,Weapon,Basic,,2017-02-08T21:37:22Z,Heart of Thorns
7147,Watchkeeper Trophy Warhorn,Weapon,Basic,,2017-02-08T23:50:33Z,Heart of Thorns
7111,Devoted Shield,Weapon,Basic,,2017-02-09T14:28:06Z,Heart of Thorns
7148,Devoted Scepter,Weapon,Basic,,2017-02-09T14:47:37Z,Heart of Thorns
7122,Devoted Axe,Weapon,Basic,,2017-02-09T14:56:04Z,Heart of Thorns
7097,Arbiter Greatbow,Weapon,Basic,,2017-02-09T15:19:35Z,Heart of Thorns
7125,Indomitable Gladius,Weapon,Basic,,2017-02-09T15:37:23Z,Heart of Thorns
7092,Devoted Warhorn,Weapon,Basic,,2017-02-09T15:46:45Z,Heart of Thorns
7138,Devoted Pistol,Weapon,Basic,,2017-02-09T15:47:40Z,Heart of Thorns
7096,Devoted Dagger,Weapon,Basic,,2017-02-09T15:51:13Z,Heart of Thorns
7154,Devoted Focus,Weapon,Basic,,2017-02-09T17:31:34Z,Heart of Thorns
7137,Devoted Longbow,Weapon,Basic,,2017-02-09T17:56:39Z,Heart of Thorns
7073,White Mantle Elite Guard Mask,Armor,Basic,Light,2017-02-09T18:05:06Z,Heart of Thorns
7102,White Mantle Elite Guard Mask,Armor,Basic,Heavy,2017-02-09T18:05:06Z,Heart of Thorns
7106,White Mantle Elite Guard Mask,Armor,Basic,Medium,2017-02-09T18:05:06Z,Heart of Thorns
7105,Devoted Mace,Weapon,Basic,,2017-02-09T18:20:52Z,Heart of Thorns
7118,Bloodstone Savant's Staff,Weapon,Basic,,2017-02-09T18:28:01Z,Heart of Thorns
7101,Indomitable Pistol,Weapon,Basic,,2017-02-09T18:42:01Z,Heart of Thorns
7081,Devoted Short Bow,Weapon,Basic,,2017-02-09T19:02:09Z,Heart of Thorns
7155,Watchkeeper Trophy Bow,Weapon,Basic,,2017-02-09T19:25:15Z,Heart of Thorns
7135,Seraph Protector,Weapon,Basic,,2017-02-10T03:24:49Z,Heart of Thorns
7140,Devoted Sword,Weapon,Basic,,2017-02-10T03:45:54Z,Heart of Thorns
7132,Devoted Hammer,Weapon,Basic,,2017-02-10T03:46:32Z,Heart of Thorns
7159,Devoted Torch,Weapon,Basic,,2017-02-10T03:48:07Z,Heart of Thorns
7090,Devoted Greatsword,Weapon,Basic,,2017-02-10T03:52:51Z,Heart of Thorns
7091,Axe of the Unseen,Weapon,Basic,,2017-02-10T04:06:08Z,Heart of Thorns
7104,Prisoner's Treasured Bough,Weapon,Basic,,2017-02-10T16:30:13Z,Heart of Thorns
7151,The Gavel,Weapon,Basic,,2017-02-10T17:01:04Z,Heart of Thorns
7076,The Virge,Weapon,Basic,,2017-02-10T17:21:50Z,Heart of Thorns
7121,Gauntlets of the Obedient,Armor,Basic,Heavy,2017-02-10T17:58:14Z,Heart of Thorns
7077,Gages of the Obedient,Armor,Basic,Light,2017-02-10T18:12:24Z,Heart of Thorns
7115,Gloves of the Obedient,Armor,Basic,Medium,2017-02-11T16:40:25Z,Heart of Thorns
7074,Confessor Caudecus's Mask,Armor,Basic,Medium,2017-02-17T22:48:21Z,Heart of Thorns
7119,Confessor Caudecus's Mask,Armor,Basic,Heavy,2017-02-17T22:48:21Z,Heart of Thorns
7139,Confessor Caudecus's Mask,Armor,Basic,Light,2017-02-17T22:48:21Z,Heart of Thorns
7109,Refined Envoy Greaves,Armor,Basic,Heavy,2017-02-22T02:45:03Z,Heart of Thorns
7088,Refined Envoy Pauldrons,Armor,Basic,Heavy,2017-02-22T02:54:15Z,Heart of Thorns
7072,Refined Envoy Helmet,Armor,Basic,Heavy,2017-02-22T02:58:17Z,Heart of Thorns
7110,Refined Envoy Tassets,Armor,Basic,Heavy,2017-02-22T02:59:53Z,Heart of Thorns
7075,Refined Envoy Breastplate,Armor,Basic,Heavy,2017-02-22T03:20:02Z,Heart of Thorns
7153,Refined Envoy Gauntlets,Armor,Basic,Heavy,2017-02-22T03:26:36Z,Heart of Thorns
7064,Braham's Wolfblood Pauldrons,Armor,Basic,Heavy,2017-02-28T16:29:51Z,Heart of Thorns
7066,Braham's Wolfblood Pauldrons,Armor,Basic,Medium,2017-02-28T16:29:51Z,Heart of Thorns
7071,Braham's Wolfblood Pauldrons,Armor,Basic,Light,2017-02-28T16:29:51Z,Heart of Thorns
6724,Spectral Hammer,Weapon,Basic,,2017-03-13T03:09:29Z,Heart of Thorns
7165,Shield of the Goddess,Weapon,Basic,,2017-03-14T16:08:14Z,Heart of Thorns
6937,Elemental Sword,Weapon,Basic,,2017-03-28T17:52:55Z,Heart of Thorns
7168,Beastslayer Rifle,Weapon,Basic,,2017-03-28T18:01:17Z,Heart of Thorns
7193,Beastslayer Greatsword,Weapon,Basic,,2017-03-28T18:06:04Z,Heart of Thorns
7192,Beastslayer Torch,Weapon,Basic,,2017-03-28T18:08:51Z,Heart of Thorns
7175,Beastslayer Scepter,Weapon,Basic,,2017-03-28T18:10:51Z,Heart of Thorns
7191,Beastslayer Axe,Weapon,Basic,,2017-03-28T18:12:17Z,Heart of Thorns
7197,Beastslayer Staff,Weapon,Basic,,2017-03-28T18:12:59Z,Heart of Thorns
7174,Beastslayer Sword,Weapon,Basic,,2017-03-28T18:13:57Z,Heart of Thorns
7178,Beastslayer Hammer,Weapon,Basic,,2017-03-28T18:14:40Z,Heart of Thorns
7177,Beastslayer Shield,Weapon,Basic,,2017-03-28T18:15:18Z,Heart of Thorns
7189,Beastslayer Longbow,Weapon,Basic,,2017-03-28T18:16:04Z,Heart of Thorns
7181,Beastslayer Pistol,Weapon,Basic,,2017-03-28T18:18:16Z,Heart of Thorns
7195,Beastslayer Dagger,Weapon,Basic,,2017-03-28T18:19:08Z,Heart of Thorns
7183,Beastslayer Warhorn,Weapon,Basic,,2017-03-28T18:19:54Z,Heart of Thorns
7171,Beastslayer Mace,Weapon,Basic,,2017-03-28T18:23:02Z,Heart of Thorns
7180,Beastslayer Short Bow,Weapon,Basic,,2017-03-28T18:25:43Z,Heart of Thorns
7186,Beastslayer Focus,Weapon,Basic,,2017-03-28T18:27:18Z,Heart of Thorns
7179,Crimson Assassin Axe,Weapon,Basic,,2017-03-31T00:17:11Z,Heart of Thorns
7187,Crimson Assassin Sword,Weapon,Basic,,2017-03-31T17:22:28Z,Heart of Thorns
7176,Crimson Assassin Pistol,Weapon,Basic,,2017-03-31T18:14:07Z,Heart of Thorns
7169,Crimson Assassin Shield,Weapon,Basic,,2017-03-31T18:48:14Z,Heart of Thorns
7198,Crimson Assassin Dagger,Weapon,Basic,,2017-03-31T18:48:49Z,Heart of Thorns
7166,Crimson Assassin Warhorn,Weapon,Basic,,2017-03-31T18:49:26Z,Heart of Thorns
7188,Crimson Assassin Greatsword,Weapon,Basic,,2017-03-31T19:03:33Z,Heart of Thorns
7172,Crimson Assassin Scepter,Weapon,Basic,,2017-03-31T21:32:10Z,Heart of Thorns
7167,Crimson Assassin Torch,Weapon,Basic,,2017-03-31T21:39:27Z,Heart of Thorns
7194,Crimson Assassin Staff,Weapon,Basic,,2017-03-31T21:41:44Z,Heart of Thorns
7196,Crimson Assassin Hammer,Weapon,Basic,,2017-04-02T03:43:53Z,Heart of Thorns
7170,Crimson Assassin Longbow,Weapon,Basic,,2017-04-02T10:12:56Z,Heart of Thorns
7173,Crimson Assassin Rifle,Weapon,Basic,,2017-04-02T10:13:39Z,Heart of Thorns
7185,Crimson Assassin Short Bow,Weapon,Basic,,2017-04-02T10:14:45Z,Heart of Thorns
7184,Crimson Assassin Focus,Weapon,Basic,,2017-04-02T10:15:40Z,Heart of Thorns
7182,Crimson Assassin Mace,Weapon,Basic,,2017-04-02T10:16:31Z,Heart of Thorns
7201,Crimson Assassin Backpack Cover,Back,Basic,,2017-04-04T14:38:39Z,Heart of Thorns
7200,Super Adventure Holo-Copter Backpack,Back,Basic,,2017-04-11T16:30:37Z,Heart of Thorns
8083,Super Adventure Logging Bear,Gathering,Basic,,2017-04-11T16:44:35Z,Heart of Thorns
7204,Hourglass Staff,Weapon,Basic,,2017-04-25T17:12:01Z,Heart of Thorns
7099,Refined Envoy Mask,Armor,Basic,Medium,2017-04-27T22:53:05Z,Heart of Thorns
7128,Refined Envoy Shoulderpads,Armor,Basic,Medium,2017-04-27T22:57:11Z,Heart of Thorns
7141,Refined Envoy Jerkin,Armor,Basic,Medium,2017-04-27T22:58:01Z,Heart of Thorns
7123,Refined Envoy Vambraces,Armor,Basic,Medium,2017-04-27T23:00:08Z,Heart of Thorns
7098,Refined Envoy Leggings,Armor,Basic,Medium,2017-04-27T23:02:52Z,Heart of Thorns
7095,Refined Envoy Cowl,Armor,Basic,Light,2017-04-28T15:30:27Z,Heart of Thorns
7082,Refined Envoy Gloves,Armor,Basic,Light,2017-04-28T15:38:15Z,Heart of Thorns
7150,Refined Envoy Shoes,Armor,Basic,Light,2017-04-28T15:43:03Z,Heart of Thorns
7103,Refined Envoy Mantle,Armor,Basic,Light,2017-04-28T15:46:13Z,Heart of Thorns
7093,Refined Envoy Pants,Armor,Basic,Light,2017-04-28T15:49:50Z,Heart of Thorns
7206,Flames of War,Weapon,Legendary,,2017-05-02T16:22:10Z,Heart of Thorns
7202,Vine-Touched Destroyer Wings,Back,Basic,,2017-05-02T18:42:05Z,Heart of Thorns
7208,Replica Mirror of Lyssa,Weapon,Basic,,2017-05-09T20:17:42Z,Heart of Thorns
7225,Sworn Zaishen Helm Skin,Armor,Masterwork,Heavy,2017-05-16T16:44:27Z,Heart of Thorns
7233,Sworn Zaishen Helm Skin,Armor,Masterwork,Light,2017-05-16T16:44:27Z,Heart of Thorns
7241,Sworn Zaishen Helm Skin,Armor,Masterwork,Medium,2017-05-16T16:44:27Z,Heart of Thorns
7227,Mercenary Backpack,Back,Basic,,2017-05-16T16:46:13Z,Heart of Thorns
7229,Keepsake Greatsword,Weapon,Basic,,2017-05-16T17:11:27Z,Heart of Thorns
7230,Keepsake Staff,Weapon,Basic,,2017-05-16T17:13:45Z,Heart of Thorns
7243,Keepsake Axe,Weapon,Basic,,2017-05-16T17:15:38Z,Heart of Thorns
7244,Keepsake Scepter,Weapon,Basic,,2017-05-16T17:17:50Z,Heart of Thorns
7235,Keepsake Longbow,Weapon,Basic,,2017-05-16T17:18:51Z,Heart of Thorns
7228,Keepsake Dagger,Weapon,Basic,,2017-05-16T17:19:33Z,Heart of Thorns
7237,Keepsake Torch,Weapon,Basic,,2017-05-16T17:23:00Z,Heart of Thorns
7232,Keepsake Sword,Weapon,Basic,,2017-05-16T17:24:16Z,Heart of Thorns
7223,Keepsake Mace,Weapon,Basic,,2017-05-16T21:07:28Z,Heart of Thorns
7224,Keepsake Rifle,Weapon,Basic,,2017-05-16T21:08:09Z,Heart of Thorns
7238,Keepsake Focus,Weapon,Basic,,2017-05-16T21:10:56Z,Heart of Thorns
7240,Keepsake Short Bow,Weapon,Basic,,2017-05-16T21:14:30Z,Heart of Thorns
7239,Keepsake Hammer,Weapon,Basic,,2017-05-16T21:16:46Z,Heart of Thorns
7222,Keepsake Warhorn,Weapon,Basic,,2017-05-16T21:17:48Z,Heart of Thorns
7226,Keepsake Pistol,Weapon,Basic,,2017-05-16T21:18:23Z,Heart of Thorns
7234,Keepsake Shield,Weapon,Basic,,2017-05-16T21:19:06Z,Heart of Thorns
8093,Unbound Magic Harvesting Blast,Gathering,Basic,,2017-05-23T16:49:49Z,Heart of Thorns
8097,Unbound Magic Mining Beam,Gathering,Basic,,2017-05-23T16:54:02Z,Heart of Thorns
8087,Unbound Magic Logging Pulse,Gathering,Basic,,2017-05-23T16:55:32Z,Heart of Thorns
7231,Menzies's Agony,Weapon,Basic,,2017-05-23T17:13:49Z,Heart of Thorns
7272,Warbringer,Back,Legendary,,2017-06-01T17:35:10Z,Heart of Thorns
7276,Recruit's Wings of War,Back,Basic,,2017-06-06T16:56:39Z,Heart of Thorns
7246,Soldier's Wings of War,Back,Basic,,2017-06-06T17:12:13Z,Heart of Thorns
7256,General's Wings of War,Back,Basic,,2017-06-07T12:55:54Z,Heart of Thorns
7252,Commander's Wings of War,Back,Basic,,2017-06-07T18:20:50Z,Heart of Thorns
7248,Warcry,Back,Basic,,2017-06-07T18:23:09Z,Heart of Thorns
7258,Foefire Mantle,Armor,Basic,Heavy,2017-06-13T16:26:49Z,Heart of Thorns
7263,Foefire Mantle,Armor,Basic,Medium,2017-06-13T16:26:49Z,Heart of Thorns
7267,Foefire Mantle,Armor,Basic,Light,2017-06-13T16:26:49Z,Heart of Thorns
7251,Foefire Wraps,Armor,Basic,Medium,2017-06-13T16:33:32Z,Heart of Thorns
7262,Foefire Wraps,Armor,Basic,Heavy,2017-06-13T16:33:32Z,Heart of Thorns
7275,Foefire Wraps,Armor,Basic,Light,2017-06-13T16:33:32Z,Heart of Thorns
7257,Mistforged Triumphant Hero's Raiment,Armor,Basic,Light,2017-06-15T17:17:04Z,Heart of Thorns
7253,Mistforged Triumphant Hero's Brigandine,Armor,Basic,Medium,2017-06-15T17:23:31Z,Heart of Thorns
7265,Mistforged Triumphant Hero's Breastplate,Armor,Basic,Heavy,2017-06-15T17:25:22Z,Heart of Thorns
7284,God-Slayer Longbow,Weapon,Basic,,2017-06-20T17:02:49Z,Heart of Thorns
7281,God-Slayer Short Bow,Weapon,Basic,,2017-06-20T17:04:11Z,Heart of Thorns
7280,Fuzzy Aurene Hat,Armor,Basic,Medium,2017-06-27T17:39:02Z,Heart of Thorns
7283,Fuzzy Aurene Hat,Armor,Basic,Heavy,2017-06-27T17:39:02Z,Heart of Thorns
7286,Fuzzy Aurene Hat,Armor,Basic,Light,2017-06-27T17:39:02Z,Heart of Thorns
7285,Dynamics Projector Module,Back,Basic,,2017-07-11T16:47:08Z,Heart of Thorns
7308,Golden Zephyr Backpiece,Back,Basic,,2017-07-26T06:28:13Z,Living World Season 3
7301,Abaddon Shield,Weapon,Basic,,2017-07-26T13:56:43Z,Living World Season 3
7302,Abaddon Focus,Weapon,Basic,,2017-07-26T16:34:30Z,Living World Season 3
7310,Abaddon Dagger,Weapon,Basic,,2017-07-26T16:43:00Z,Living World Season 3
7292,Abaddon Rifle,Weapon,Basic,,2017-07-26T16:44:15Z,Living World Season 3
7329,Abaddon Short Bow,Weapon,Basic,,2017-07-26T16:58:44Z,Living World Season 3
7287,Abaddon Pistol,Weapon,Basic,,2017-07-26T16:59:55Z,Living World Season 3
7313,Abaddon Longbow,Weapon,Basic,,2017-07-26T17:01:38Z,Living World Season 3
7295,Abaddon Axe,Weapon,Basic,,2017-07-26T17:04:18Z,Living World Season 3
7314,Abaddon Warhorn,Weapon,Basic,,2017-07-26T17:05:40Z,Living World Season 3
7307,Abaddon Torch,Weapon,Basic,,2017-07-26T17:07:30Z,Living World Season 3
7333,Abaddon Greatsword,Weapon,Basic,,2017-07-26T17:08:33Z,Living World Season 3
7311,Abaddon Hammer,Weapon,Basic,,2017-07-26T17:09:24Z,Living World Season 3
7324,Abaddon Mace,Weapon,Basic,,2017-07-26T17:10:29Z,Living World Season 3
7293,Abaddon Scepter,Weapon,Basic,,2017-07-26T17:13:52Z,Living World Season 3
7338,Abaddon Sword,Weapon,Basic,,2017-07-26T17:15:33Z,Living World Season 3
7595,Decalibrated Feline Holoscepter,Weapon,Basic,,2017-08-08T20:50:45Z,Living World Season 3
7651,Fiery Blade Axe,Weapon,Basic,,2017-08-09T01:47:24Z,Living World Season 3
7450,Icy Blade Axe,Weapon,Basic,,2017-08-09T01:47:59Z,Living World Season 3
7322,Abaddon's Mask Skin,Armor,Basic,Clothing,2017-08-15T17:35:45Z,Living World Season 3
7687,Luminous Labrys,Weapon,Basic,,2017-08-24T05:01:31Z,Living World Season 3
7693,Luminous Dirk,Weapon,Basic,,2017-08-24T05:02:40Z,Living World Season 3
7615,Luminous Curio,Weapon,Basic,,2017-08-24T05:04:10Z,Living World Season 3
7680,Luminous Claymore,Weapon,Basic,,2017-08-24T05:06:08Z,Living World Season 3
7500,Luminous Brunt,Weapon,Basic,,2017-08-24T05:07:35Z,Living World Season 3
7709,Luminous Arc,Weapon,Basic,,2017-08-24T05:08:59Z,Living World Season 3
7597,Luminous Flange,Weapon,Basic,,2017-08-24T05:10:20Z,Living World Season 3
7481,Luminous Shot,Weapon,Basic,,2017-08-24T05:11:42Z,Living World Season 3
7559,Luminous Caliber,Weapon,Basic,,2017-08-24T05:13:13Z,Living World Season 3
7583,Luminous Virge,Weapon,Basic,,2017-08-24T05:14:08Z,Living World Season 3
7476,Luminous Ward,Weapon,Basic,,2017-08-24T05:15:46Z,Living World Season 3
7503,Luminous Repeater,Weapon,Basic,,2017-08-24T05:17:03Z,Living World Season 3
7643,Luminous Pillar,Weapon,Basic,,2017-08-24T05:18:01Z,Living World Season 3
7579,Luminous Saber,Weapon,Basic,,2017-08-24T05:18:44Z,Living World Season 3
7629,Luminous Vigil,Weapon,Basic,,2017-08-24T05:19:35Z,Living World Season 3
7517,Luminous Trumpet,Weapon,Basic,,2017-08-24T05:20:22Z,Living World Season 3
3711,Scythe Staff,Weapon,Basic,,2017-08-24T16:14:45Z,Living World Season 3
7358,Swaggering Hat,Armor,Basic,Medium,2017-08-29T16:20:39Z,Living World Season 3
7381,Swaggering Hat,Armor,Basic,Light,2017-08-29T16:20:39Z,Living World Season 3
7625,Swaggering Hat,Armor,Basic,Heavy,2017-08-29T16:20:39Z,Living World Season 3
7661,Largos Fin Backpack,Back,Basic,,2017-09-19T17:20:19Z,Living World Season 3
7739,Hydra Staff,Weapon,Basic,,2017-09-23T08:38:11Z,Path of Fire
7692,Banners of the Sunspear Order,Back,Rare,,2017-09-23T12:40:19Z,Path of Fire
7755,Jackal Pup Backpack,Back,Basic,,2017-09-24T21:30:23Z,Path of Fire
7741,War God's Focus,Weapon,Basic,,2017-09-27T20:19:12Z,Path of Fire
7720,War God's Mace,Weapon,Basic,,2017-09-27T20:26:11Z,Path of Fire
7722,War God's Longbow,Weapon,Basic,,2017-09-27T20:28:25Z,Path of Fire
7742,War God's Dagger,Weapon,Basic,,2017-09-27T20:31:12Z,Path of Fire
7738,War God's Rifle,Weapon,Basic,,2017-09-27T20:33:05Z,Path of Fire
7744,War God's Greatsword,Weapon,Basic,,2017-09-27T20:37:52Z,Path of Fire
7733,War God's Pistol,Weapon,Basic,,2017-09-27T20:39:04Z,Path of Fire
7745,War God's Warhorn,Weapon,Basic,,2017-09-27T20:39:58Z,Path of Fire
7723,War God's Torch,Weapon,Basic,,2017-09-27T20:42:10Z,Path of Fire
7756,War God's Hammer,Weapon,Basic,,2017-09-27T20:44:04Z,Path of Fire
7737,War God's Staff,Weapon,Basic,,2017-09-27T20:44:08Z,Path of Fire
7731,War God's Sword,Weapon,Basic,,2017-09-27T20:46:36Z,Path of Fire
7747,War God's Short Bow,Weapon,Basic,,2017-09-27T20:46:40Z,Path of Fire
7750,War God's Axe,Weapon,Basic,,2017-09-27T20:46:45Z,Path of Fire
7740,War God's Shield,Weapon,Basic,,2017-09-27T20:50:35Z,Path of Fire
7730,War God's Scepter,Weapon,Basic,,2017-09-27T20:50:38Z,Path of Fire
7677,Forged Greathammer,Weapon,Basic,,2017-09-29T21:05:55Z,Path of Fire
7743,Branded Wing Backpack,Back,Basic,,2017-10-03T16:17:16Z,Path of Fire
7746,Trained Choya Hammer,Weapon,Basic,,2017-10-06T15:11:03Z,Path of Fire
7458,Banners of Ancient Elona,Back,Rare,,2017-10-06T15:30:29Z,Path of Fire
7725,Foefire Greaves,Armor,Basic,Medium,2017-10-10T16:08:18Z,Path of Fire
7726,Foefire Greaves,Armor,Basic,Heavy,2017-10-10T16:08:18Z,Path of Fire
7748,Foefire Greaves,Armor,Basic,Light,2017-10-10T16:08:18Z,Path of Fire
7787,Touch of Madness,Weapon,Basic,,2017-10-17T18:27:58Z,Path of Fire
7798,Bloodstained Lunatic Noble Mask,Armor,Basic,Medium,2017-10-17T19:11:36Z,Path of Fire
7775,Mad Memoires: Complete Ignition,Back,Basic,,2017-10-17T19:20:10Z,Path of Fire
3696,Chain Sword,Weapon,Basic,,2017-10-18T00:34:22Z,Path of Fire
4694,Grinning Gourd Rifle,Weapon,Basic,,2017-10-18T00:50:13Z,Path of Fire
3825,Severed Dagger,Weapon,Basic,,2017-10-18T01:19:02Z,Path of Fire
7789,Lunatic Templar Breastplate,Armor,Basic,Heavy,2017-10-18T02:57:12Z,Path of Fire
7781,Lunatic Noble Coat,Armor,Basic,Medium,2017-10-18T04:27:44Z,Path of Fire
7773,Lunatic Templar Helm,Armor,Basic,Heavy,2017-10-18T04:36:21Z,Path of Fire
7770,Lunatic Noble Mask,Armor,Basic,Medium,2017-10-18T04:37:58Z,Path of Fire
7793,Lunatic Acolyte Boots,Armor,Basic,Light,2017-10-18T04:53:38Z,Path of Fire
7776,Lunatic Acolyte Mask,Armor,Basic,Light,2017-10-18T15:09:31Z,Path of Fire
7759,Lunatic Acolyte Coat,Armor,Basic,Light,2017-10-18T15:11:26Z,Path of Fire
7780,Lunatic Acolyte Pants,Armor,Basic,Light,2017-10-18T17:47:26Z,Path of Fire
7757,Lunatic Templar Gauntlets,Armor,Basic,Heavy,2017-10-18T20:49:54Z,Path of Fire
7771,Lunatic Templar Pauldrons,Armor,Basic,Heavy,2017-10-18T20:52:03Z,Path of Fire
7766,Lunatic Templar Greaves,Armor,Basic,Heavy,2017-10-19T04:52:55Z,Path of Fire
2336,Mad Memoires,Back,Basic,,2017-10-19T07:39:55Z,Path of Fire
7796,Lunatic Noble Shoulders,Armor,Basic,Medium,2017-10-19T11:07:05Z,Path of Fire
7774,Lunatic Noble Pants,Armor,Basic,Medium,2017-10-19T11:13:26Z,Path of Fire
7799,Lunatic Noble Gloves,Armor,Basic,Medium,2017-10-19T14:16:33Z,Path of Fire
7803,Lunatic Noble Boots,Armor,Basic,Medium,2017-10-19T14:18:26Z,Path of Fire
7763,Lunatic Acolyte Mantle,Armor,Basic,Light,2017-10-19T20:18:58Z,Path of Fire
7792,Lunatic Acolyte Gloves,Armor,Basic,Light,2017-10-19T20:22:33Z,Path of Fire
7782,Fallen Balthazar Helm,Armor,Basic,Light,2017-10-19T20:25:30Z,Path of Fire
7800,Fallen Balthazar Helm,Armor,Basic,Medium,2017-10-19T20:25:30Z,Path of Fire
7804,Fallen Balthazar Helm,Armor,Basic,Heavy,2017-10-19T20:25:30Z,Path of Fire
7768,Lunatic Templar Tassets,Armor,Basic,Heavy,2017-10-19T20:49:10Z,Path of Fire
7760,Mad Memoires: Complete Superstition,Back,Basic,,2017-10-19T20:59:34Z,Path of Fire
2338,Mad Memoires: Complete Edition,Back,Basic,,2017-10-20T06:14:49Z,Path of Fire
7791,Haunted Dagger,Weapon,Basic,,2017-10-21T00:39:47Z,Path of Fire
7785,Haunted Axe,Weapon,Basic,,2017-10-21T00:40:54Z,Path of Fire
7788,Haunted Torch,Weapon,Basic,,2017-10-21T00:45:10Z,Path of Fire
7801,Haunted Staff,Weapon,Basic,,2017-10-21T00:47:19Z,Path of Fire
7779,Haunted Warhorn,Weapon,Basic,,2017-10-21T00:47:42Z,Path of Fire
7767,Haunted Hammer,Weapon,Basic,,2017-10-21T00:48:32Z,Path of Fire
7764,Haunted Sword,Weapon,Basic,,2017-10-21T00:48:56Z,Path of Fire
7794,Haunted Scepter,Weapon,Basic,,2017-10-21T00:50:23Z,Path of Fire
7795,Haunted Focus,Weapon,Basic,,2017-10-21T00:51:01Z,Path of Fire
7786,Haunted Shield,Weapon,Basic,,2017-10-21T00:51:10Z,Path of Fire
7761,Haunted Mace,Weapon,Basic,,2017-10-21T00:51:22Z,Path of Fire
7777,Haunted Short Bow,Weapon,Basic,,2017-10-21T00:51:55Z,Path of Fire
7769,Haunted Rifle,Weapon,Basic,,2017-10-21T00:52:52Z,Path of Fire
7758,Haunted Longbow,Weapon,Basic,,2017-10-21T00:52:58Z,Path of Fire
7762,Haunted Greatsword,Weapon,Basic,,2017-10-21T00:53:47Z,Path of Fire
7772,Haunted Pistol,Weapon,Basic,,2017-10-21T00:53:53Z,Path of Fire
7802,Antonina,Weapon,Basic,,2017-10-21T02:05:36Z,Path of Fire
7778,Sikandar,Weapon,Basic,,2017-10-21T02:07:30Z,Path of Fire
7797,Bloodstained Lunatic Noble Coat,Armor,Basic,Medium,2017-10-21T13:10:34Z,Path of Fire
7810,Shifting Sands Axe,Weapon,Basic,,2017-11-09T13:30:23Z,Path of Fire
7811,Wild Magic Backpack,Back,Basic,,2017-11-09T13:35:35Z,Path of Fire
7824,Shifting Sands Torch,Weapon,Basic,,2017-11-09T13:39:06Z,Path of Fire
7813,Shifting Sands Scepter,Weapon,Basic,,2017-11-09T13:40:19Z,Path of Fire
7825,Shifting Sands Short Bow,Weapon,Basic,,2017-11-09T13:45:25Z,Path of Fire
7818,Shifting Sands Shield,Weapon,Basic,,2017-11-09T13:48:05Z,Path of Fire
7815,Shifting Sands Warhorn,Weapon,Basic,,2017-11-09T13:57:02Z,Path of Fire
7806,Salvaged Forged Helm,Armor,Masterwork,Medium,2017-11-17T04:42:24Z,Path of Fire
7814,Salvaged Forged Helm,Armor,Masterwork,Heavy,2017-11-17T04:42:24Z,Path of Fire
7821,Salvaged Forged Helm,Armor,Masterwork,Light,2017-11-17T04:42:24Z,Path of Fire
7817,Salvaged Forged Gloves,Armor,Masterwork,Light,2017-11-17T04:43:21Z,Path of Fire
7819,Salvaged Forged Gloves,Armor,Masterwork,Medium,2017-11-17T04:43:21Z,Path of Fire
7827,Salvaged Forged Gloves,Armor,Masterwork,Heavy,2017-11-17T04:43:21Z,Path of Fire
1733,Marauder Shoulderguards,Armor,Basic,Medium,2017-11-17T19:13:06Z,Path of Fire
1699,Marauder Jacket,Armor,Basic,Medium,2017-11-17T19:18:05Z,Path of Fire
1772,Marauder Gloves,Armor,Basic,Medium,2017-11-17T19:24:34Z,Path of Fire
1697,Marauder Pants,Armor,Basic,Medium,2017-11-17T19:28:38Z,Path of Fire
1734,Marauder Boots,Armor,Basic,Medium,2017-11-17T19:32:27Z,Path of Fire
1783,Studded Helm,Armor,Basic,Medium,2017-11-18T04:06:01Z,Path of Fire
7823,Shifting Sands Staff,Weapon,Basic,,2017-11-18T14:01:12Z,Path of Fire
7816,Shifting Sands Dagger,Weapon,Basic,,2017-11-19T17:49:33Z,Path of Fire
7812,Shifting Sands Mace,Weapon,Basic,,2017-11-19T17:50:30Z,Path of Fire
7820,Shifting Sands Pistol,Weapon,Basic,,2017-11-19T17:53:41Z,Path of Fire
7808,Shifting Sands Sword,Weapon,Basic,,2017-11-19T17:55:26Z,Path of Fire
7807,Shifting Sands Focus,Weapon,Basic,,2017-11-19T17:57:22Z,Path of Fire
7822,Shifting Sands Greatsword,Weapon,Basic,,2017-11-19T17:58:24Z,Path of Fire
7826,Shifting Sands Hammer,Weapon,Basic,,2017-11-19T17:59:16Z,Path of Fire
7809,Shifting Sands Longbow,Weapon,Basic,,2017-11-19T18:01:25Z,Path of Fire
7805,Shifting Sands Rifle,Weapon,Basic,,2017-11-19T18:02:58Z,Path of Fire
7845,The Voice in the Void,Weapon,Basic,,2017-11-29T03:06:53Z,Path of Fire
7909,Flesh and Sinew,Weapon,Basic,,2017-11-29T09:32:29Z,Path of Fire
7910,Final Death,Weapon,Basic,,2017-11-30T04:18:11Z,Path of Fire
7863,The Ender of All,Weapon,Basic,,2017-11-30T04:27:16Z,Path of Fire
7903,Astral Razor,Weapon,Basic,,2017-12-01T21:02:23Z,Path of Fire
7838,Astral Knobkerrie,Weapon,Basic,,2017-12-01T21:02:30Z,Path of Fire
7883,Astral Revolver,Weapon,Basic,,2017-12-01T21:02:53Z,Path of Fire
7837,Astral Scepter,Weapon,Basic,,2017-12-01T21:03:11Z,Path of Fire
7859,Astral Khopesh,Weapon,Basic,,2017-12-01T21:03:36Z,Path of Fire
7875,Astral Apparatus,Weapon,Basic,,2017-12-01T21:04:44Z,Path of Fire
7842,Astral Disk,Weapon,Basic,,2017-12-01T21:04:52Z,Path of Fire
7864,Astral Beacon,Weapon,Basic,,2017-12-01T21:04:55Z,Path of Fire
7880,Astral Harbinger,Weapon,Basic,,2017-12-01T21:05:05Z,Path of Fire
7877,Astral Avenger,Weapon,Basic,,2017-12-01T21:05:37Z,Path of Fire
7891,Astral Longbow,Weapon,Basic,,2017-12-01T21:06:22Z,Path of Fire
7851,Astral Cannon,Weapon,Basic,,2017-12-01T21:06:33Z,Path of Fire
7856,Astral Short Bow,Weapon,Basic,,2017-12-01T21:07:04Z,Path of Fire
7894,Sledge of the Red Witch,Weapon,Basic,,2017-12-02T15:54:51Z,Path of Fire
7867,Touch of Dhuum,Weapon,Basic,,2017-12-02T16:13:50Z,Path of Fire
7881,Oblivion,Weapon,Basic,,2017-12-03T01:23:33Z,Path of Fire
7853,Stellar Cleaver,Weapon,Basic,,2017-12-05T19:34:13Z,Path of Fire
7852,Stellar Razor,Weapon,Basic,,2017-12-05T19:36:01Z,Path of Fire
7896,Stellar Avenger,Weapon,Basic,,2017-12-05T19:36:08Z,Path of Fire
7876,Stellar Orrery,Weapon,Basic,,2017-12-05T19:36:27Z,Path of Fire
7912,Stellar Beacon,Weapon,Basic,,2017-12-05T21:09:36Z,Path of Fire
7830,Stellar Scepter,Weapon,Basic,,2017-12-05T21:11:26Z,Path of Fire
7865,Stellar Spire,Weapon,Basic,,2017-12-08T19:26:37Z,Path of Fire
7899,Stellar Cannon,Weapon,Basic,,2017-12-08T20:10:51Z,Path of Fire
7832,Stellar Apparatus,Weapon,Basic,,2017-12-09T03:32:57Z,Path of Fire
7908,Stellar Short Bow,Weapon,Basic,,2017-12-09T12:08:55Z,Path of Fire
7829,Stellar Longbow,Weapon,Basic,,2017-12-09T12:22:31Z,Path of Fire
7890,Stellar Disk,Weapon,Basic,,2017-12-09T12:32:06Z,Path of Fire
7906,Stellar Harbinger,Weapon,Basic,,2017-12-09T12:34:37Z,Path of Fire
7843,Stellar Khopesh,Weapon,Basic,,2017-12-09T12:35:48Z,Path of Fire
7915,Stellar Revolver,Weapon,Basic,,2017-12-09T12:38:09Z,Path of Fire
7866,Stellar Knobkerrie,Weapon,Basic,,2017-12-09T12:38:53Z,Path of Fire
7901,Astral Spire,Weapon,Basic,,2017-12-09T17:04:40Z,Path of Fire
7840,Astral Cleaver,Weapon,Basic,,2017-12-09T17:05:58Z,Path of Fire
7893,Astral Orrery,Weapon,Basic,,2017-12-09T17:08:44Z,Path of Fire
7989,Wrapped Axe,Weapon,Basic,,2017-12-14T18:08:04Z,Path of Fire
7939,Glacial Mace,Weapon,Basic,,2017-12-14T18:45:28Z,Path of Fire
7974,Mistforged Obsidian Dagger,Weapon,Basic,,2017-12-14T18:55:00Z,Path of Fire
7948,Wrapped Dagger,Weapon,Basic,,2017-12-14T18:57:47Z,Path of Fire
7947,Glacial Staff,Weapon,Basic,,2017-12-14T19:13:22Z,Path of Fire
7942,Glacial Short Bow,Weapon,Basic,,2017-12-14T19:22:51Z,Path of Fire
7938,Glacial Hammer,Weapon,Basic,,2017-12-14T19:25:55Z,Path of Fire
7986,Glacial Warhorn,Weapon,Basic,,2017-12-14T19:40:07Z,Path of Fire
7990,Glacial Longbow,Weapon,Basic,,2017-12-14T19:42:26Z,Path of Fire
7923,Mistforged Obsidian Shield,Weapon,Basic,,2017-12-14T19:50:07Z,Path of Fire
7949,Obsidian Staff,Weapon,Basic,,2017-12-14T19:56:16Z,Path of Fire
7921,Obsidian Dagger,Weapon,Basic,,2017-12-14T19:58:20Z,Path of Fire
7957,Glacial Focus,Weapon,Basic,,2017-12-14T20:09:39Z,Path of Fire
7968,Glacial Shield,Weapon,Basic,,2017-12-14T20:25:45Z,Path of Fire
7981,Glacial Dagger,Weapon,Basic,,2017-12-14T20:32:16Z,Path of Fire
7972,Glacial Sword,Weapon,Basic,,2017-12-14T20:39:12Z,Path of Fire
7967,Glacial Pistol,Weapon,Basic,,2017-12-14T20:46:27Z,Path of Fire
7993,Mistforged Obsidian Torch,Weapon,Basic,,2017-12-14T20:48:52Z,Path of Fire
7955,Glacial Scepter,Weapon,Basic,,2017-12-14T20:53:18Z,Path of Fire
7929,Glacial Axe,Weapon,Basic,,2017-12-14T21:02:01Z,Path of Fire
7944,Glacial Rifle,Weapon,Basic,,2017-12-14T21:06:14Z,Path of Fire
7933,Obsidian Torch,Weapon,Basic,,2017-12-14T21:14:49Z,Path of Fire
7937,Glacial Greatsword,Weapon,Basic,,2017-12-14T21:39:20Z,Path of Fire
7984,Glacial Torch,Weapon,Basic,,2017-12-14T21:40:48Z,Path of Fire
7918,Obsidian Shield,Weapon,Basic,,2017-12-14T22:16:41Z,Path of Fire
7977,Mistforged Obsidian Staff,Weapon,Basic,,2017-12-14T23:01:57Z,Path of Fire
7966,Eggnog Helmet,Armor,Basic,Medium,2017-12-14T23:59:15Z,Path of Fire
7970,Eggnog Helmet,Armor,Basic,Heavy,2017-12-14T23:59:15Z,Path of Fire
7991,Eggnog Helmet,Armor,Basic,Light,2017-12-14T23:59:15Z,Path of Fire
7943,Wrapped Hammer,Weapon,Basic,,2017-12-15T14:32:27Z,Path of Fire
7952,Wrapped Mace,Weapon,Basic,,2017-12-15T14:34:34Z,Path of Fire
7959,Wrapped Pistol,Weapon,Basic,,2017-12-15T14:36:55Z,Path of Fire
7988,Wrapped Focus,Weapon,Basic,,2017-12-15T14:40:57Z,Path of Fire
7983,Wrapped Torch,Weapon,Basic,,2017-12-15T14:42:21Z,Path of Fire
7925,Wrapped Short Bow,Weapon,Basic,,2017-12-15T16:29:17Z,Path of Fire
7917,Wrapped Rifle,Weapon,Basic,,2017-12-15T16:33:00Z,Path of Fire
7927,Wrapped Longbow,Weapon,Basic,,2017-12-15T16:43:58Z,Path of Fire
7941,Svanir Gauntlets,Armor,Basic,Heavy,2017-12-15T21:09:20Z,Path of Fire
7975,Svanir Gauntlets,Armor,Basic,Medium,2017-12-15T21:09:20Z,Path of Fire
7985,Svanir Gauntlets,Armor,Basic,Light,2017-12-15T21:09:20Z,Path of Fire
7920,Wrapped Warhorn,Weapon,Basic,,2017-12-15T21:13:56Z,Path of Fire
1560,Heavy Scale Helm,Armor,Basic,Heavy,2017-12-18T05:38:37Z,Path of Fire
1579,Heavy Scale Helm,Armor,Basic,Heavy,2017-12-18T05:38:37Z,Path of Fire
1528,Heavy Scale Shoulderguards,Armor,Basic,Heavy,2017-12-18T07:16:04Z,Path of Fire
1501,Heavy Scale Chestpiece,Armor,Basic,Heavy,2017-12-18T07:35:22Z,Path of Fire
1515,Heavy Scale Armguards,Armor,Basic,Heavy,2017-12-18T07:38:58Z,Path of Fire
1542,Heavy Scale Armguards,Armor,Basic,Heavy,2017-12-18T07:38:58Z,Path of Fire
1483,Heavy Scale Leggings,Armor,Basic,Heavy,2017-12-18T07:41:58Z,Path of Fire
1499,Heavy Scale Leggings,Armor,Basic,Heavy,2017-12-18T07:41:58Z,Path of Fire
1514,Heavy Scale Shinguards,Armor,Basic,Heavy,2017-12-18T07:44:05Z,Path of Fire
1534,Heavy Scale Shinguards,Armor,Basic,Heavy,2017-12-18T07:44:05Z,Path of Fire
7960,Freezie Crown,Armor,Basic,Heavy,2017-12-26T16:21:16Z,Path of Fire
7979,Freezie Crown,Armor,Basic,Medium,2017-12-26T16:21:16Z,Path of Fire
7994,Freezie Crown,Armor,Basic,Light,2017-12-26T16:21:16Z,Path of Fire
7996,Griffon Hatchling Backpack,Back,Basic,,2018-01-10T12:27:38Z,Path of Fire
7998,Jackal Rune Gauntlets,Armor,Basic,Medium,2018-01-30T17:19:44Z,Path of Fire
7999,Jackal Rune Gauntlets,Armor,Basic,Light,2018-01-30T17:19:44Z,Path of Fire
8001,Jackal Rune Gauntlets,Armor,Basic,Heavy,2018-01-30T17:19:44Z,Path of Fire
7997,Arcane Marksman Rifle,Weapon,Basic,,2018-01-30T19:14:22Z,Path of Fire
8000,Jackal Rune Greaves,Armor,Basic,Heavy,2018-01-31T02:16:46Z,Path of Fire
8002,Jackal Rune Greaves,Armor,Basic,Light,2018-01-31T02:16:46Z,Path of Fire
8003,Jackal Rune Greaves,Armor,Basic,Medium,2018-01-31T02:16:46Z,Path of Fire
5655,Lucky Dog Harvesting Tool,Gathering,Basic,,2018-02-06T18:19:59Z,Path of Fire
8006,Lucky Dog Lantern,Back,Rare,,2018-02-06T18:58:04Z,Path of Fire
8014,Lucky Great Dog Lantern,Back,Exotic,,2018-02-06T21:56:09Z,Path of Fire
8010,Fire-Breathing Longbow,Weapon,Basic,,2018-02-07T00:34:21Z,Path of Fire
8012,Alchemist Hammer,Weapon,Basic,,2018-02-07T00:42:18Z,Path of Fire
8016,Alchemist Warhorn,Weapon,Basic,,2018-02-07T00:48:03Z,Path of Fire
8021,Fire-Breathing Quiver,Back,Basic,,2018-02-07T01:00:52Z,Path of Fire
8017,Alchemist Dagger,Weapon,Basic,,2018-02-07T10:45:55Z,Path of Fire
8009,Alchemist Sword,Weapon,Basic,,2018-02-07T10:47:13Z,Path of Fire
8020,Alchemist Pistol,Weapon,Basic,,2018-02-07T10:48:25Z,Path of Fire
8015,Alchemist Rifle,Weapon,Basic,,2018-02-07T10:49:04Z,Path of Fire
8008,Alchemist Scepter,Weapon,Basic,,2018-02-07T10:49:41Z,Path of Fire
8019,Alchemist Greatsword,Weapon,Basic,,2018-02-07T10:50:17Z,Path of Fire
8023,Alchemist Staff,Weapon,Basic,,2018-02-07T10:51:25Z,Path of Fire
8005,Alchemist Focus,Weapon,Basic,,2018-02-07T10:52:11Z,Path of Fire
8004,Alchemist Short Bow,Weapon,Basic,,2018-02-07T10:52:40Z,Path of Fire
8013,Alchemist Torch,Weapon,Basic,,2018-02-07T10:53:13Z,Path of Fire
8022,Alchemist Axe,Weapon,Basic,,2018-02-07T10:53:56Z,Path of Fire
8024,Alchemist Shield,Weapon,Basic,,2018-02-07T10:54:34Z,Path of Fire
8018,Alchemist Mace,Weapon,Basic,,2018-02-07T10:55:12Z,Path of Fire
8011,Alchemist Longbow,Weapon,Basic,,2018-02-07T10:55:43Z,Path of Fire
2365,Pink Quaggan Backpack,Back,Basic,,2018-02-08T02:45:28Z,Path of Fire
8028,Olmakhan Mantle,Armor,Basic,Light,2018-03-06T23:17:18Z,Living World Season 4
8030,Olmakhan Mantle,Armor,Basic,Medium,2018-03-06T23:17:18Z,Living World Season 4
8032,Olmakhan Mantle,Armor,Basic,Heavy,2018-03-06T23:17:18Z,Living World Season 4
8038,Forged Backpack,Back,Basic,,2018-03-21T01:37:43Z,Living World Season 4
7962,Obsidian Sword,Weapon,Basic,,2018-03-28T12:52:14Z,Living World Season 4
8079,Obsidian Mace,Weapon,Basic,,2018-03-28T12:53:23Z,Living World Season 4
8075,Obsidian Pistol,Weapon,Basic,,2018-03-28T12:54:13Z,Living World Season 4
8080,Obsidian Scepter,Weapon,Basic,,2018-03-28T12:54:53Z,Living World Season 4
8066,Mistforged Obsidian Mace,Weapon,Basic,,2018-03-28T14:20:01Z,Living World Season 4
8070,Mistforged Obsidian Pistol,Weapon,Basic,,2018-03-28T14:21:04Z,Living World Season 4
7956,Mistforged Obsidian Sword,Weapon,Basic,,2018-03-28T14:22:31Z,Living World Season 4
8073,Mistforged Obsidian Scepter,Weapon,Basic,,2018-03-28T14:26:39Z,Living World Season 4
185,Exalted Masque,Armor,Basic,Light,2018-03-31T13:48:16Z,Living World Season 4
169,Exalted Mantle,Armor,Basic,Light,2018-03-31T13:48:54Z,Living World Season 4
161,Exalted Coat,Armor,Basic,Light,2018-03-31T13:49:37Z,Living World Season 4
178,Exalted Gloves,Armor,Basic,Light,2018-03-31T13:50:11Z,Living World Season 4
8115,Exalted Gloves,Armor,Basic,Light,2018-03-31T13:50:11Z,Living World Season 4
8121,Exalted Gloves,Armor,Basic,Medium,2018-03-31T13:50:11Z,Living World Season 4
8122,Exalted Gloves,Armor,Basic,Heavy,2018-03-31T13:50:11Z,Living World Season 4
162,Exalted Pants,Armor,Basic,Light,2018-03-31T13:50:48Z,Living World Season 4
172,Exalted Boots,Armor,Basic,Light,2018-03-31T13:51:34Z,Living World Season 4
214,Emblazoned Helm,Armor,Basic,Medium,2018-03-31T13:52:14Z,Living World Season 4
195,Emblazoned Shoulders,Armor,Basic,Medium,2018-03-31T13:52:53Z,Living World Season 4
188,Emblazoned Coat,Armor,Basic,Medium,2018-03-31T13:53:35Z,Living World Season 4
204,Emblazoned Gloves,Armor,Basic,Medium,2018-03-31T13:54:16Z,Living World Season 4
198,Emblazoned Boots,Armor,Basic,Medium,2018-03-31T13:55:44Z,Living World Season 4
138,Draconic Pauldrons,Armor,Basic,Heavy,2018-03-31T13:57:45Z,Living World Season 4
131,Draconic Coat,Armor,Basic,Heavy,2018-03-31T13:58:34Z,Living World Season 4
246,Draconic Gauntlets,Armor,Basic,Heavy,2018-03-31T13:59:21Z,Living World Season 4
140,Draconic Boots,Armor,Basic,Heavy,2018-03-31T14:00:33Z,Living World Season 4
187,Emblazoned Pants,Armor,Basic,Medium,2018-03-31T14:02:27Z,Living World Season 4
132,Draconic Legs,Armor,Basic,Heavy,2018-03-31T14:03:43Z,Living World Season 4
152,Draconic Helm,Armor,Basic,Heavy,2018-03-31T14:04:13Z,Living World Season 4
8090,Shifting Sands Mining Pick,Gathering,Basic,,2018-04-11T12:36:11Z,Living World Season 4
8089,Inquest Mark II Shield,Weapon,Basic,,2018-04-11T17:51:53Z,Living World Season 4
8101,Inquest Mark II Sword,Weapon,Basic,,2018-04-11T17:53:27Z,Living World Season 4
8107,Inquest Mark II Pistol,Weapon,Basic,,2018-04-11T17:54:02Z,Living World Season 4
8081,Inquest Mark II Mace,Weapon,Basic,,2018-04-11T17:54:31Z,Living World Season 4
8092,Inquest Mark II Rifle,Weapon,Basic,,2018-04-11T17:55:02Z,Living World Season 4
8100,Inquest Mark II Short Bow,Weapon,Basic,,2018-04-11T17:55:32Z,Living World Season 4
8082,Inquest Mark II Axe,Weapon,Basic,,2018-04-11T17:56:00Z,Living World Season 4
8102,Inquest Mark II Scepter,Weapon,Basic,,2018-04-11T17:56:25Z,Living World Season 4
8099,Inquest Mark II Hammer,Weapon,Basic,,2018-04-11T17:56:51Z,Living World Season 4
8088,Inquest Mark II Focus,Weapon,Basic,,2018-04-11T17:57:17Z,Living World Season 4
8094,Inquest Mark II Torch,Weapon,Basic,,2018-04-11T17:57:43Z,Living World Season 4
8084,Inquest Mark II Dagger,Weapon,Basic,,2018-04-11T17:58:10Z,Living World Season 4
8085,Inquest Mark II Warhorn,Weapon,Basic,,2018-04-11T17:58:37Z,Living World Season 4
8109,Inquest Mark II Longbow,Weapon,Basic,,2018-04-11T17:59:03Z,Living World Season 4
8110,Inquest Mark II Staff,Weapon,Basic,,2018-04-11T17:59:29Z,Living World Season 4
8104,Inquest Mark II Greatsword,Weapon,Basic,,2018-04-11T17:59:53Z,Living World Season 4
8098,Celestial Compass,Weapon,Basic,,2018-04-13T19:03:52Z,Living World Season 4
8113,Suntouched Scythe,Weapon,Basic,,2018-04-24T17:07:43Z,Living World Season 4
2395,Basic Mining Pick,Gathering,Basic,,2018-05-05T23:30:57Z,Living World Season 4
2388,Basic Logging Axe,Gathering,Basic,,2018-05-06T07:04:14Z,Living World Season 4
2385,Basic Harvesting Sickle,Gathering,Basic,,2018-05-06T23:32:48Z,Living World Season 4
8117,Diver's Breather Veil,Armor,Basic,Light,2018-05-08T23:38:50Z,Living World Season 4
8120,Diver's Breather Helmet,Armor,Basic,Heavy,2018-05-09T15:31:48Z,Living World Season 4
8123,Diver's Breather Mask,Armor,Basic,Medium,2018-05-09T15:33:30Z,Living World Season 4
6742,Choya Logging Tool,Gathering,Basic,,2018-05-15T16:44:04Z,Living World Season 4
8124,Choya Harvesting Tool,Gathering,Basic,,2018-05-29T16:18:03Z,Living World Season 4
8127,Obsidian Hammer,Weapon,Basic,,2018-06-05T17:07:11Z,Living World Season 4
8131,Obsidian Greatsword,Weapon,Basic,,2018-06-05T18:09:43Z,Living World Season 4
7936,Obsidian Longbow,Weapon,Basic,,2018-06-05T18:14:07Z,Living World Season 4
8132,Obsidian Focus,Weapon,Basic,,2018-06-05T18:16:13Z,Living World Season 4
7963,Mistforged Obsidian Longbow,Weapon,Basic,,2018-06-05T18:54:03Z,Living World Season 4
8128,Mistforged Obsidian Greatsword,Weapon,Basic,,2018-06-05T18:55:23Z,Living World Season 4
8134,Mistforged Obsidian Hammer,Weapon,Basic,,2018-06-05T18:56:09Z,Living World Season 4
8133,Mistforged Obsidian Focus,Weapon,Basic,,2018-06-05T19:04:56Z,Living World Season 4
8135,Venom Warblade,Weapon,Basic,,2018-06-12T16:18:51Z,Living World Season 4
8141,Jeweled Scarab Backpiece,Back,Basic,,2018-06-26T16:23:48Z,Living World Season 4
8152,Desert King Scepter,Weapon,Basic,,2018-06-26T18:46:06Z,Living World Season 4
8162,Desert King Greatsword,Weapon,Basic,,2018-06-26T18:48:00Z,Living World Season 4
8146,Desert King Dagger,Weapon,Basic,,2018-06-29T02:56:50Z,Living World Season 4
8157,Desert King Mace,Weapon,Basic,,2018-06-29T03:00:15Z,Living World Season 4
8144,Desert King Short Bow,Weapon,Basic,,2018-06-29T03:02:38Z,Living World Season 4
8150,Desert King Warhorn,Weapon,Basic,,2018-06-29T03:04:10Z,Living World Season 4
8153,Desert King Hammer,Weapon,Basic,,2018-06-29T03:06:00Z,Living World Season 4
8159,Desert King Focus,Weapon,Basic,,2018-06-29T03:07:27Z,Living World Season 4
8168,Desert King Shield,Weapon,Basic,,2018-06-29T03:08:57Z,Living World Season 4
8179,Desert King Axe,Weapon,Basic,,2018-06-29T03:11:25Z,Living World Season 4
8158,Desert King Pistol,Weapon,Basic,,2018-06-29T03:12:32Z,Living World Season 4
8176,Desert King Rifle,Weapon,Basic,,2018-06-29T03:14:21Z,Living World Season 4
8155,Desert King Staff,Weapon,Basic,,2018-06-29T03:22:01Z,Living World Season 4
8178,Desert King Torch,Weapon,Basic,,2018-06-29T03:29:42Z,Living World Season 4
8147,Desert King Sword,Weapon,Basic,,2018-06-29T03:31:12Z,Living World Season 4
8165,Banner of the Dauntless Commander,Back,Ascended,,2018-06-30T08:43:41Z,Living World Season 4
8142,Volatile Magic Mining Tool,Gathering,Basic,,2018-07-03T16:52:08Z,Living World Season 4
8161,Volatile Magic Logging Tool,Gathering,Basic,,2018-07-03T16:55:31Z,Living World Season 4
8156,Volatile Magic Harvesting Tool,Gathering,Basic,,2018-07-03T16:57:27Z,Living World Season 4
8184,Desert King Reliquary,Back,Basic,,2018-07-17T16:36:54Z,Living World Season 4
8185,Storm Gloves,Armor,Basic,Heavy,2018-07-17T16:38:19Z,Living World Season 4
8186,Storm Gloves,Armor,Basic,Medium,2018-07-17T16:38:19Z,Living World Season 4
8187,Storm Gloves,Armor,Basic,Light,2018-07-17T16:38:19Z,Living World Season 4
8197,Storm Dagger,Weapon,Basic,,2018-07-24T20:10:13Z,Living World Season 4
8195,Lightning Aspect Eye,Armor,Basic,Heavy,2018-07-24T22:17:41Z,Living World Season 4
8205,Lightning Aspect Eye,Armor,Basic,Light,2018-07-24T22:17:41Z,Living World Season 4
8217,Lightning Aspect Eye,Armor,Basic,Medium,2018-07-24T22:17:41Z,Living World Season 4
8194,Wind Aspect Eye,Armor,Basic,Light,2018-07-24T22:20:34Z,Living World Season 4
8213,Wind Aspect Eye,Armor,Basic,Medium,2018-07-24T22:20:34Z,Living World Season 4
8222,Wind Aspect Eye,Armor,Basic,Heavy,2018-07-24T22:20:34Z,Living World Season 4
8208,Sun Aspect Eye,Armor,Basic,Heavy,2018-07-24T22:21:56Z,Living World Season 4
8228,Sun Aspect Eye,Armor,Basic,Medium,2018-07-24T22:21:56Z,Living World Season 4
8230,Sun Aspect Eye,Armor,Basic,Light,2018-07-24T22:21:56Z,Living World Season 4
8189,Lightning-Touched Zephyrite Gloves,Armor,Basic,Heavy,2018-07-24T22:34:45Z,Living World Season 4
8210,Lightning-Touched Zephyrite Gloves,Armor,Basic,Light,2018-07-24T22:34:45Z,Living World Season 4
8226,Lightning-Touched Zephyrite Gloves,Armor,Basic,Medium,2018-07-24T22:34:45Z,Living World Season 4
8223,Grand Wind Catcher,Back,Basic,,2018-07-24T22:49:29Z,Living World Season 4
8216,Grand Sun Catcher,Back,Basic,,2018-07-24T22:55:56Z,Living World Season 4
8218,Grand Lightning Catcher,Back,Basic,,2018-07-24T22:59:49Z,Living World Season 4
8221,Divine Sovereign Arquebus,Weapon,Basic,,2018-07-24T23:52:40Z,Living World Season 4
8219,Divine Sovereign Warhammer,Weapon,Basic,,2018-07-25T00:11:25Z,Living World Season 4
8231,Divine Sovereign Pillar,Weapon,Basic,,2018-07-25T00:16:44Z,Living World Season 4
8220,Divine Sovereign Firearm,Weapon,Basic,,2018-07-25T00:19:22Z,Living World Season 4
8201,Divine Sovereign Crusader,Weapon,Basic,,2018-07-25T00:21:14Z,Living World Season 4
8190,Sun-Touched Zephyrite Gloves,Armor,Basic,Medium,2018-07-25T17:16:02Z,Living World Season 4
8196,Sun-Touched Zephyrite Gloves,Armor,Basic,Heavy,2018-07-25T17:16:02Z,Living World Season 4
8212,Sun-Touched Zephyrite Gloves,Armor,Basic,Light,2018-07-25T17:16:02Z,Living World Season 4
8191,Wind-Touched Zephyrite Gloves,Armor,Basic,Medium,2018-07-25T17:31:00Z,Living World Season 4
8207,Wind-Touched Zephyrite Gloves,Armor,Basic,Heavy,2018-07-25T17:31:00Z,Living World Season 4
8229,Wind-Touched Zephyrite Gloves,Armor,Basic,Light,2018-07-25T17:31:00Z,Living World Season 4
8193,Wind-Blessed Zephyrite Gloves,Armor,Basic,Heavy,2018-07-25T18:29:01Z,Living World Season 4
8209,Wind-Blessed Zephyrite Gloves,Armor,Basic,Medium,2018-07-25T18:29:01Z,Living World Season 4
8211,Wind-Blessed Zephyrite Gloves,Armor,Basic,Light,2018-07-25T18:29:01Z,Living World Season 4
8198,Lightning-Blessed Zephyrite Gloves,Armor,Basic,Heavy,2018-07-25T18:30:21Z,Living World Season 4
8204,Lightning-Blessed Zephyrite Gloves,Armor,Basic,Light,2018-07-25T18:30:21Z,Living World Season 4
8214,Lightning-Blessed Zephyrite Gloves,Armor,Basic,Medium,2018-07-25T18:30:21Z,Living World Season 4
8199,Sun-Blessed Zephyrite Gloves,Armor,Basic,Light,2018-07-25T18:33:17Z,Living World Season 4
8202,Sun-Blessed Zephyrite Gloves,Armor,Basic,Medium,2018-07-25T18:33:17Z,Living World Season 4
8227,Sun-Blessed Zephyrite Gloves,Armor,Basic,Heavy,2018-07-25T18:33:17Z,Living World Season 4
8224,Zephyrite Sword,Weapon,Basic,,2018-07-27T16:12:28Z,Living World Season 4
8188,Zephyrite Axe,Weapon,Basic,,2018-07-28T00:44:49Z,Living World Season 4
8203,Zephyrite Dagger,Weapon,Basic,,2018-07-28T03:48:16Z,Living World Season 4
8200,Zephyrite Shield,Weapon,Basic,,2018-07-28T03:49:33Z,Living World Season 4
8232,Zephyrite Longbow,Weapon,Basic,,2018-07-28T03:51:04Z,Living World Season 4
8163,Desert King Longbow,Weapon,Basic,,2018-07-31T20:48:43Z,Living World Season 4
8252,Scion's Claw,Weapon,Basic,,2018-08-07T17:38:56Z,Living World Season 4
8258,Favor of the Colossus,Weapon,Basic,,2018-08-07T17:48:42Z,Living World Season 4
8265,Eclipse,Weapon,Basic,,2018-08-07T17:52:07Z,Living World Season 4
8235,Onyx Lion Axe,Weapon,Basic,,2018-08-08T22:14:53Z,Living World Season 4
8273,Onyx Lion Dagger,Weapon,Basic,,2018-08-08T22:19:59Z,Living World Season 4
8298,Onyx Lion Focus,Weapon,Basic,,2018-08-08T22:22:27Z,Living World Season 4
8292,Onyx Lion Greatsword,Weapon,Basic,,2018-08-08T22:23:47Z,Living World Season 4
8256,Onyx Lion Hammer,Weapon,Basic,,2018-08-08T22:24:39Z,Living World Season 4
8242,Onyx Lion Longbow,Weapon,Basic,,2018-08-08T22:25:47Z,Living World Season 4
8267,Onyx Lion Mace,Weapon,Basic,,2018-08-08T22:27:09Z,Living World Season 4
8276,Onyx Lion Pistol,Weapon,Basic,,2018-08-08T22:28:23Z,Living World Season 4
8279,Onyx Lion Rifle,Weapon,Basic,,2018-08-08T22:29:30Z,Living World Season 4
8275,Onyx Lion Scepter,Weapon,Basic,,2018-08-08T22:30:24Z,Living World Season 4
8245,Onyx Lion Shield,Weapon,Basic,,2018-08-08T22:31:12Z,Living World Season 4
8237,Onyx Lion Short Bow,Weapon,Basic,,2018-08-08T22:32:00Z,Living World Season 4
8274,Onyx Lion Staff,Weapon,Basic,,2018-08-08T22:32:57Z,Living World Season 4
8244,Onyx Lion Sword,Weapon,Basic,,2018-08-08T22:33:57Z,Living World Season 4
8293,Onyx Lion Torch,Weapon,Basic,,2018-08-08T22:34:37Z,Living World Season 4
8236,Onyx Lion Warhorn,Weapon,Basic,,2018-08-08T22:35:21Z,Living World Season 4
8286,Gold Lion Longbow,Weapon,Basic,,2018-08-08T23:08:28Z,Living World Season 4
8257,Gold Lion Dagger,Weapon,Basic,,2018-08-08T23:09:38Z,Living World Season 4
8280,Gold Lion Axe,Weapon,Basic,,2018-08-08T23:46:38Z,Living World Season 4
8246,Gold Lion Focus,Weapon,Basic,,2018-08-08T23:51:09Z,Living World Season 4
8243,Gold Lion Greatsword,Weapon,Basic,,2018-08-08T23:51:33Z,Living World Season 4
8269,Gold Lion Hammer,Weapon,Basic,,2018-08-08T23:52:04Z,Living World Season 4
8255,Gold Lion Mace,Weapon,Basic,,2018-08-08T23:54:23Z,Living World Season 4
8285,Gold Lion Pistol,Weapon,Basic,,2018-08-08T23:54:38Z,Living World Season 4
8262,Gold Lion Rifle,Weapon,Basic,,2018-08-08T23:54:54Z,Living World Season 4
8250,Gold Lion Scepter,Weapon,Basic,,2018-08-08T23:55:11Z,Living World Season 4
8295,Gold Lion Shield,Weapon,Basic,,2018-08-08T23:55:27Z,Living World Season 4
8272,Gold Lion Short Bow,Weapon,Basic,,2018-08-08T23:55:52Z,Living World Season 4
8268,Gold Lion Staff,Weapon,Basic,,2018-08-08T23:56:08Z,Living World Season 4
8271,Gold Lion Sword,Weapon,Basic,,2018-08-08T23:57:04Z,Living World Season 4
8251,Gold Lion Torch,Weapon,Basic,,2018-08-08T23:57:20Z,Living World Season 4
8248,Gold Lion Warhorn,Weapon,Basic,,2018-08-08T23:57:36Z,Living World Season 4
8233,Choya Mining Tool,Gathering,Basic,,2018-08-14T16:11:41Z,Living World Season 4
8291,Luminous Heavy Cuisses,Armor,Basic,Heavy,2018-08-23T21:57:23Z,Living World Season 4
8247,Luminous Heavy Greaves,Armor,Basic,Heavy,2018-08-23T22:02:15Z,Living World Season 4
8264,Luminous Heavy Gauntlets,Armor,Basic,Heavy,2018-08-23T22:03:48Z,Living World Season 4
8263,Luminous Heavy Warhelm (Battle Ready),Armor,Basic,Heavy,2018-08-23T22:07:22Z,Living World Season 4
8254,Luminous Heavy Cuirass,Armor,Basic,Heavy,2018-08-23T22:10:28Z,Living World Season 4
8299,Luminous Heavy Pauldrons,Armor,Basic,Heavy,2018-08-23T22:11:15Z,Living World Season 4
8240,Luminous Light Crown,Armor,Basic,Light,2018-08-24T14:01:16Z,Living World Season 4
8282,Luminous Light Pauldrons,Armor,Basic,Light,2018-08-24T14:01:50Z,Living World Season 4
8284,Luminous Light Regalia,Armor,Basic,Light,2018-08-24T14:02:09Z,Living World Season 4
8261,Luminous Light Vambraces,Armor,Basic,Light,2018-08-24T14:02:49Z,Living World Season 4
8239,Luminous Light Cuisses,Armor,Basic,Light,2018-08-24T14:03:07Z,Living World Season 4
8283,Luminous Light Greaves,Armor,Basic,Light,2018-08-24T14:03:20Z,Living World Season 4
8270,Luminous Medium Hood,Armor,Basic,Medium,2018-08-24T14:03:49Z,Living World Season 4
8290,Luminous Medium Brigandine,Armor,Basic,Medium,2018-08-24T14:04:17Z,Living World Season 4
8294,Luminous Medium Cuisses,Armor,Basic,Medium,2018-08-24T14:04:38Z,Living World Season 4
8288,Luminous Medium Gauntlets,Armor,Basic,Medium,2018-08-24T14:04:59Z,Living World Season 4
8281,Luminous Medium Greaves,Armor,Basic,Medium,2018-08-24T14:05:11Z,Living World Season 4
8249,Luminous Medium Pauldrons,Armor,Basic,Medium,2018-08-24T14:06:35Z,Living World Season 4
8266,Luminous Heavy Warhelm (Parade),Armor,Basic,Heavy,2018-08-26T07:42:09Z,Living World Season 4
8319,Springer Kit Backpack,Back,Basic,,2018-08-28T18:12:53Z,Living World Season 4
8312,Obsidian Short Bow,Weapon,Basic,,2018-08-29T11:55:44Z,Living World Season 4
8303,Mistforged Obsidian Short Bow,Weapon,Basic,,2018-08-29T12:03:13Z,Living World Season 4
8324,Obsidian Axe,Weapon,Basic,,2018-08-29T12:06:56Z,Living World Season 4
8325,Mistforged Obsidian Axe,Weapon,Basic,,2018-08-29T12:09:33Z,Living World Season 4
8306,Obsidian Rifle,Weapon,Basic,,2018-08-29T12:11:46Z,Living World Season 4
8307,Mistforged Obsidian Rifle,Weapon,Basic,,2018-08-29T12:13:42Z,Living World Season 4
8310,Obsidian Warhorn,Weapon,Basic,,2018-08-29T12:15:54Z,Living World Season 4
8301,Mistforged Obsidian Warhorn,Weapon,Basic,,2018-08-29T12:41:08Z,Living World Season 4
8333,Equinox Axe,Weapon,Basic,,2018-08-31T14:56:02Z,Living World Season 4
8260,Dragon Horns,Armor,Basic,Medium,2018-09-04T17:04:18Z,Living World Season 4
8277,Dragon Horns,Armor,Basic,Light,2018-09-04T17:04:18Z,Living World Season 4
8297,Dragon Horns,Armor,Basic,Heavy,2018-09-04T17:04:18Z,Living World Season 4
8278,Dragon's Eye Circlet,Armor,Basic,Heavy,2018-09-04T17:04:52Z,Living World Season 4
8289,Dragon's Eye Circlet,Armor,Basic,Medium,2018-09-04T17:04:52Z,Living World Season 4
8296,Dragon's Eye Circlet,Armor,Basic,Light,2018-09-04T17:04:52Z,Living World Season 4
8234,Enchanted Dragon Crown,Armor,Basic,Heavy,2018-09-04T17:06:24Z,Living World Season 4
8238,Enchanted Dragon Crown,Armor,Basic,Light,2018-09-04T17:06:24Z,Living World Season 4
8253,Enchanted Dragon Crown,Armor,Basic,Medium,2018-09-04T17:06:24Z,Living World Season 4
8317,Equinox Hammer,Weapon,Basic,,2018-09-15T14:03:16Z,Living World Season 4
8328,Equinox Scepter,Weapon,Basic,,2018-09-15T14:03:39Z,Living World Season 4
8309,Equinox Short Bow,Weapon,Basic,,2018-09-15T14:04:08Z,Living World Season 4
8321,Equinox Pistol,Weapon,Basic,,2018-09-15T14:04:37Z,Living World Season 4
8320,Equinox Greatsword,Weapon,Basic,,2018-09-15T14:04:59Z,Living World Season 4
8315,Equinox Longbow,Weapon,Basic,,2018-09-15T14:05:29Z,Living World Season 4
8305,Equinox Warhorn,Weapon,Basic,,2018-09-15T14:05:56Z,Living World Season 4
8331,Equinox Dagger,Weapon,Basic,,2018-09-15T14:06:15Z,Living World Season 4
8330,Equinox Shield,Weapon,Basic,,2018-09-15T14:06:45Z,Living World Season 4
8322,Equinox Sword,Weapon,Basic,,2018-09-15T14:07:41Z,Living World Season 4
8300,Equinox Rifle,Weapon,Basic,,2018-09-15T14:08:12Z,Living World Season 4
8326,Equinox Mace,Weapon,Basic,,2018-09-15T14:08:35Z,Living World Season 4
8316,Equinox Torch,Weapon,Basic,,2018-09-15T14:08:57Z,Living World Season 4
8313,Equinox Staff,Weapon,Basic,,2018-09-15T14:09:18Z,Living World Season 4
8311,Equinox Focus,Weapon,Basic,,2018-09-15T14:09:38Z,Living World Season 4
8365,Elegy Coronet,Armor,Basic,Light,2018-09-19T10:51:31Z,Living World Season 4
8334,Elegy Helm,Armor,Basic,Heavy,2018-09-19T10:51:56Z,Living World Season 4
8405,Elegy Visage,Armor,Basic,Medium,2018-09-19T10:53:27Z,Living World Season 4
8391,Elegy Epaulets,Armor,Basic,Light,2018-09-19T18:08:44Z,Living World Season 4
8346,Elegy Gambeson,Armor,Basic,Light,2018-09-19T18:09:21Z,Living World Season 4
8424,Elegy Gloves,Armor,Basic,Light,2018-09-19T18:10:36Z,Living World Season 4
8402,Elegy Breeches,Armor,Basic,Light,2018-09-19T18:11:19Z,Living World Season 4
8372,Elegy Walkers,Armor,Basic,Light,2018-09-19T18:11:51Z,Living World Season 4
8353,Elegy Shoulders,Armor,Basic,Medium,2018-09-19T18:12:37Z,Living World Season 4
8371,Elegy Chestguard,Armor,Basic,Medium,2018-09-19T18:13:15Z,Living World Season 4
8342,Elegy Bracers,Armor,Basic,Medium,2018-09-19T18:14:03Z,Living World Season 4
8387,Elegy Leggings,Armor,Basic,Medium,2018-09-19T18:14:37Z,Living World Season 4
8356,Elegy Boots,Armor,Basic,Medium,2018-09-19T18:15:11Z,Living World Season 4
8382,Elegy Pauldrons,Armor,Basic,Heavy,2018-09-19T18:15:54Z,Living World Season 4
8425,Elegy Plate,Armor,Basic,Heavy,2018-09-19T18:16:32Z,Living World Season 4
8383,Elegy Gauntlets,Armor,Basic,Heavy,2018-09-19T18:17:06Z,Living World Season 4
8430,Elegy Tassets,Armor,Basic,Heavy,2018-09-19T18:17:39Z,Living World Season 4
8378,Elegy Greaves,Armor,Basic,Heavy,2018-09-19T18:18:22Z,Living World Season 4
8397,Zafirah's Rifle,Weapon,Basic,,2018-09-25T16:27:30Z,Living World Season 4
8344,Qadim's War Gavel,Weapon,Basic,,2018-09-29T13:29:00Z,Living World Season 4
8409,Qadim's Flamebelcher,Weapon,Basic,,2018-09-29T13:29:31Z,Living World Season 4
8363,Largos' Greatbow,Weapon,Basic,,2018-09-29T13:30:11Z,Living World Season 4
8337,Largos' Swiftblade,Weapon,Basic,,2018-09-29T13:30:38Z,Living World Season 4
8412,Conjured Amalgamate's Shield,Weapon,Basic,,2018-10-04T16:40:53Z,Living World Season 4
8398,Conjured Amalgamate's Greatblade,Weapon,Basic,,2018-10-04T16:41:43Z,Living World Season 4
8434,Scaled Dragon Wings Backpack,Back,Basic,,2018-10-09T17:50:36Z,Living World Season 4
8435,The Cure,Weapon,Basic,,2018-10-12T18:07:49Z,Living World Season 4
8440,Soul Conductor,Weapon,Basic,,2018-10-16T18:47:43Z,Living World Season 4
8441,Revenge,Weapon,Basic,,2018-10-16T18:50:30Z,Living World Season 4
8436,Mad Realm Scepter,Weapon,Basic,,2018-10-16T20:55:41Z,Living World Season 4
8449,Mad Realm Short Bow,Weapon,Basic,,2018-10-16T20:57:02Z,Living World Season 4
8445,Mad Realm Mace,Weapon,Basic,,2018-10-16T20:57:54Z,Living World Season 4
8448,Mad Realm Focus,Weapon,Basic,,2018-10-16T20:59:32Z,Living World Season 4
8451,Mad Realm Greatsword,Weapon,Basic,,2018-10-16T21:00:53Z,Living World Season 4
8456,Mad Realm Rifle,Weapon,Basic,,2018-10-16T21:01:41Z,Living World Season 4
8450,Mad Realm Shield,Weapon,Basic,,2018-10-16T21:02:13Z,Living World Season 4
8453,Mad Realm Staff,Weapon,Basic,,2018-10-16T21:02:43Z,Living World Season 4
8444,Mad Realm Warhorn,Weapon,Basic,,2018-10-16T21:03:32Z,Living World Season 4
8452,Mad Realm Torch,Weapon,Basic,,2018-10-16T21:04:20Z,Living World Season 4
8455,Mad Realm Sword,Weapon,Basic,,2018-10-16T21:05:22Z,Living World Season 4
8442,Mad Realm Pistol,Weapon,Basic,,2018-10-16T21:05:53Z,Living World Season 4
8437,Mad Realm Dagger,Weapon,Basic,,2018-10-16T21:06:20Z,Living World Season 4
8443,Mad Realm Hammer,Weapon,Basic,,2018-10-16T21:06:50Z,Living World Season 4
8438,Mad Realm Longbow,Weapon,Basic,,2018-10-16T21:07:26Z,Living World Season 4
8454,Touch of Fog,Weapon,Basic,,2018-10-17T09:43:47Z,Living World Season 4
8446,Mad Realm Axe,Weapon,Basic,,2018-10-17T17:29:35Z,Living World Season 4
8457,Envoy Scythe,Weapon,Basic,,2018-10-18T13:02:36Z,Living World Season 4
8460,Firestorm Logging Tool,Gathering,Basic,,2018-11-06T17:25:55Z,Living World Season 4
8469,Raven Mantle,Armor,Basic,Medium,2018-11-13T18:44:59Z,Living World Season 4
8491,Raven Mantle,Armor,Basic,Heavy,2018-11-13T18:44:59Z,Living World Season 4
8500,Raven Mantle,Armor,Basic,Light,2018-11-13T18:44:59Z,Living World Season 4
8463,Raven Helm,Armor,Basic,Medium,2018-11-13T18:46:03Z,Living World Season 4
8488,Raven Helm,Armor,Basic,Heavy,2018-11-13T18:46:03Z,Living World Season 4
8497,Raven Helm,Armor,Basic,Light,2018-11-13T18:46:03Z,Living World Season 4
3862,Harpoon,Weapon,Basic,,2018-11-18T22:02:32Z,Living World Season 4
4846,Primitive Pike,Weapon,Basic,,2018-11-21T23:31:31Z,Living World Season 4
8504,Golden Racing Scarf,Armor,Basic,Heavy,2018-11-27T19:21:19Z,Living World Season 4
8511,Golden Racing Scarf,Armor,Basic,Medium,2018-11-27T19:21:19Z,Living World Season 4
8516,Golden Racing Scarf,Armor,Basic,Light,2018-11-27T19:21:19Z,Living World Season 4
10553,Jormag's Fang,Weapon,Legendary,,2018-11-27T19:24:06Z,Living World Season 4
8505,Racing Scarf,Armor,Basic,Heavy,2018-11-28T15:58:18Z,Living World Season 4
8507,Racing Scarf,Armor,Basic,Medium,2018-11-28T15:58:18Z,Living World Season 4
8508,Racing Scarf,Armor,Basic,Light,2018-11-28T15:58:18Z,Living World Season 4
8478,Mistforged Glorious Hero's Legguards,Armor,Basic,Medium,2018-12-02T00:05:12Z,Living World Season 4
8484,Mistforged Glorious Hero's Cap,Armor,Basic,Medium,2018-12-02T00:06:18Z,Living World Season 4
8487,Mistforged Glorious Hero's Shoulderguards,Armor,Basic,Medium,2018-12-02T00:07:34Z,Living World Season 4
8468,Mistforged Glorious Hero's Wristplates,Armor,Basic,Medium,2018-12-02T00:09:05Z,Living World Season 4
8502,Mistforged Glorious Hero's Shinplates,Armor,Basic,Medium,2018-12-02T00:10:53Z,Living World Season 4
8496,Mistforged Glorious Hero's Brigandine,Armor,Basic,Medium,2018-12-02T00:12:15Z,Living World Season 4
8498,Mistforged Glorious Hero's Pauldrons,Armor,Basic,Heavy,2018-12-02T15:31:19Z,Living World Season 4
8485,Mistforged Glorious Hero's Legplates,Armor,Basic,Heavy,2018-12-02T15:32:42Z,Living World Season 4
8476,Mistforged Glorious Hero's Breastplate,Armor,Basic,Heavy,2018-12-02T15:33:29Z,Living World Season 4
8483,Mistforged Glorious Hero's Gauntlets,Armor,Basic,Heavy,2018-12-02T15:35:39Z,Living World Season 4
8465,Mistforged Glorious Hero's Plate Helm,Armor,Basic,Heavy,2018-12-02T15:37:03Z,Living World Season 4
8490,Mistforged Glorious Hero's Wargreaves,Armor,Basic,Heavy,2018-12-02T15:37:39Z,Living World Season 4
8509,Thunderstrike Harvesting Tool,Gathering,Basic,,2018-12-04T16:47:03Z,Living World Season 4
8481,Mistforged Glorious Hero's Crown,Armor,Basic,Light,2018-12-07T22:11:48Z,Living World Season 4
8486,Mistforged Glorious Hero's Epaulets,Armor,Basic,Light,2018-12-07T22:13:09Z,Living World Season 4
8480,Mistforged Glorious Hero's Raiment,Armor,Basic,Light,2018-12-07T22:14:57Z,Living World Season 4
8495,Mistforged Glorious Hero's Armguards,Armor,Basic,Light,2018-12-07T22:16:55Z,Living World Season 4
8475,Mistforged Glorious Hero's Leggings,Armor,Basic,Light,2018-12-07T22:18:05Z,Living World Season 4
8492,Mistforged Glorious Hero's Footgear,Armor,Basic,Light,2018-12-07T22:19:22Z,Living World Season 4
8536,Candy Cane Pistol,Weapon,Basic,,2018-12-11T19:53:45Z,Living World Season 4
8534,Candy Cane Dagger,Weapon,Basic,,2018-12-11T19:54:41Z,Living World Season 4
8551,Candy Cane Scepter,Weapon,Basic,,2018-12-11T19:55:14Z,Living World Season 4
8535,Candy Cane Sword,Weapon,Basic,,2018-12-11T19:55:51Z,Living World Season 4
8529,Iron Beast Greatsword,Weapon,Basic,,2018-12-11T22:15:43Z,Living World Season 4
8550,Orchestral Greatsword,Weapon,Basic,,2018-12-11T23:07:41Z,Living World Season 4
8527,Orchestral Scepter,Weapon,Basic,,2018-12-11T23:08:19Z,Living World Season 4
8528,Orchestral Dagger,Weapon,Basic,,2018-12-11T23:09:00Z,Living World Season 4
8530,Orchestral Focus,Weapon,Basic,,2018-12-11T23:09:35Z,Living World Season 4
8521,Orchestral Torch,Weapon,Basic,,2018-12-11T23:10:11Z,Living World Season 4
8526,Orchestral Staff,Weapon,Basic,,2018-12-11T23:10:43Z,Living World Season 4
8532,Orchestral Longbow,Weapon,Basic,,2018-12-11T23:11:16Z,Living World Season 4
8519,Orchestral Short Bow,Weapon,Basic,,2018-12-11T23:11:52Z,Living World Season 4
8523,Orchestral Warhorn,Weapon,Basic,,2018-12-11T23:12:19Z,Living World Season 4
8549,Orchestral Rifle,Weapon,Basic,,2018-12-11T23:13:08Z,Living World Season 4
8525,Orchestral Axe,Weapon,Basic,,2018-12-11T23:13:39Z,Living World Season 4
8546,Orchestral Pistol,Weapon,Basic,,2018-12-11T23:14:05Z,Living World Season 4
8552,Orchestral Mace,Weapon,Basic,,2018-12-11T23:14:35Z,Living World Season 4
8548,Orchestral Hammer,Weapon,Basic,,2018-12-11T23:15:03Z,Living World Season 4
8537,Orchestral Sword,Weapon,Basic,,2018-12-11T23:15:33Z,Living World Season 4
8540,Orchestral Shield,Weapon,Basic,,2018-12-11T23:16:02Z,Living World Season 4
8539,Wintergreen Scepter,Weapon,Basic,,2018-12-12T14:04:28Z,Living World Season 4
8520,Wintergreen Dagger,Weapon,Basic,,2018-12-12T16:51:14Z,Living World Season 4
8533,Wintergreen Pistol,Weapon,Basic,,2018-12-12T16:52:02Z,Living World Season 4
8522,Wintergreen Sword,Weapon,Basic,,2018-12-12T16:52:54Z,Living World Season 4
8517,Slumbering Mistforged Glorious Hero's Raiment,Armor,Basic,Light,2018-12-13T08:01:45Z,Living World Season 4
8542,Slumbering Mistforged Glorious Hero's Brigandine,Armor,Basic,Medium,2018-12-13T08:43:22Z,Living World Season 4
8531,Slumbering Mistforged Glorious Hero's Breastplate,Armor,Basic,Heavy,2018-12-13T09:32:30Z,Living World Season 4
8538,Winter Antlers,Armor,Basic,Heavy,2018-12-25T18:42:35Z,Living World Season 4
8543,Winter Antlers,Armor,Basic,Light,2018-12-25T18:42:35Z,Living World Season 4
8544,Winter Antlers,Armor,Basic,Medium,2018-12-25T18:42:35Z,Living World Season 4
8518,Enchanted Winter Antlers,Armor,Basic,Light,2018-12-25T18:43:13Z,Living World Season 4
8524,Enchanted Winter Antlers,Armor,Basic,Medium,2018-12-25T18:43:13Z,Living World Season 4
8545,Enchanted Winter Antlers,Armor,Basic,Heavy,2018-12-25T18:43:13Z,Living World Season 4
8586,Caithe's Crystal Bloom Sword,Weapon,Basic,,2019-01-12T10:04:23Z,Living World Season 4
8623,Lucky Boar Lantern,Back,Rare,,2019-01-22T19:23:18Z,Living World Season 4
8624,Lucky Great Boar Lantern,Back,Exotic,,2019-01-22T20:27:49Z,Living World Season 4
8622,Staff of Fortune,Weapon,Basic,,2019-01-22T21:36:33Z,Living World Season 4
8459,Earthshaker Mining Tool,Gathering,Basic,,2019-02-06T15:30:23Z,Living World Season 4
8627,Wings of Love Backpack Skin,Back,Basic,,2019-02-12T19:06:16Z,Living World Season 4
8638,Etherbound Backpiece,Back,Basic,,2019-03-06T19:02:12Z,Living World Season 4
8634,Defiant Glass Sword,Weapon,Basic,,2019-03-09T21:13:45Z,Living World Season 4
8641,Defiant Glass Rifle,Weapon,Basic,,2019-03-09T22:23:37Z,Living World Season 4
8642,Defiant Glass Scepter,Weapon,Basic,,2019-03-09T22:59:02Z,Living World Season 4
8643,Defiant Glass Dagger,Weapon,Basic,,2019-03-09T23:01:06Z,Living World Season 4
8632,Defiant Glass Axe,Weapon,Basic,,2019-03-09T23:02:35Z,Living World Season 4
8644,Defiant Glass Mace,Weapon,Basic,,2019-03-09T23:03:41Z,Living World Season 4
8639,Defiant Glass Pistol,Weapon,Basic,,2019-03-09T23:04:33Z,Living World Season 4
8629,Defiant Glass Focus,Weapon,Basic,,2019-03-09T23:05:21Z,Living World Season 4
8630,Defiant Glass Shield,Weapon,Basic,,2019-03-09T23:06:04Z,Living World Season 4
8640,Defiant Glass Torch,Weapon,Basic,,2019-03-09T23:06:43Z,Living World Season 4
8631,Defiant Glass Warhorn,Weapon,Basic,,2019-03-09T23:07:14Z,Living World Season 4
8633,Defiant Glass Greatsword,Weapon,Basic,,2019-03-09T23:08:48Z,Living World Season 4
8637,Defiant Glass Hammer,Weapon,Basic,,2019-03-09T23:09:18Z,Living World Season 4
8628,Defiant Glass Longbow,Weapon,Basic,,2019-03-09T23:10:04Z,Living World Season 4
8636,Defiant Glass Short Bow,Weapon,Basic,,2019-03-09T23:10:37Z,Living World Season 4
8635,Defiant Glass Staff,Weapon,Basic,,2019-03-09T23:11:18Z,Living World Season 4
8645,Wyvern Roost Scepter,Weapon,Basic,,2019-03-19T16:14:12Z,Living World Season 4
8649,Defiant Glass Backpack Skin,Back,Basic,,2019-03-27T18:41:08Z,Living World Season 4
8657,Glowing Purple Mask,Armor,Basic,Light,2019-03-28T13:22:42Z,Living World Season 4
8670,Glowing Purple Mask,Armor,Basic,Medium,2019-03-28T13:22:42Z,Living World Season 4
8677,Glowing Purple Mask,Armor,Basic,Heavy,2019-03-28T13:22:42Z,Living World Season 4
8647,Legion Jetpack,Back,Basic,,2019-04-02T18:18:22Z,Living World Season 4
8650,Riftstalker's Talon,Weapon,Basic,,2019-04-09T19:38:33Z,Living World Season 4
8655,Riftstalker's Sunderer,Weapon,Basic,,2019-04-09T19:39:05Z,Living World Season 4
8652,Riftstalker's Core,Weapon,Basic,,2019-04-09T19:39:33Z,Living World Season 4
8651,Ritualist Staff,Weapon,Basic,,2019-04-24T15:52:15Z,Living World Season 4
8666,Etherbound Gauntlets,Armor,Basic,Medium,2019-04-27T15:25:06Z,Living World Season 4
8669,Etherbound Gauntlets,Armor,Basic,Heavy,2019-04-27T15:25:06Z,Living World Season 4
8678,Etherbound Gauntlets,Armor,Basic,Light,2019-04-27T15:25:06Z,Living World Season 4
8658,Etherbound Greaves,Armor,Basic,Heavy,2019-04-27T15:34:14Z,Living World Season 4
8659,Etherbound Greaves,Armor,Basic,Medium,2019-04-27T15:34:14Z,Living World Season 4
8672,Etherbound Greaves,Armor,Basic,Light,2019-04-27T15:34:14Z,Living World Season 4
8721,Mist Shard Coronet,Armor,Basic,Light,2019-05-14T21:24:04Z,Living World Season 4
8682,Mist Shard Epaulets,Armor,Basic,Light,2019-05-14T21:26:24Z,Living World Season 4
8731,Mist Shard Gambeson,Armor,Basic,Light,2019-05-14T21:29:11Z,Living World Season 4
8745,Mist Shard Breeches,Armor,Basic,Light,2019-05-14T21:32:11Z,Living World Season 4
8699,Mist Shard Walkers,Armor,Basic,Light,2019-05-14T21:33:19Z,Living World Season 4
8725,Branded Relic Backpiece,Back,Basic,,2019-05-14T22:18:52Z,Living World Season 4
8715,Mist Shard Gloves,Armor,Basic,Light,2019-05-15T11:31:59Z,Living World Season 4
8755,Mist Shard Visage,Armor,Basic,Medium,2019-05-15T11:35:10Z,Living World Season 4
8695,Mist Shard Shoulders,Armor,Basic,Medium,2019-05-15T11:36:24Z,Living World Season 4
8694,Mist Shard Chestguard,Armor,Basic,Medium,2019-05-15T11:37:58Z,Living World Season 4
8700,Mist Shard Bracers,Armor,Basic,Medium,2019-05-15T11:38:51Z,Living World Season 4
8704,Mist Shard Leggings,Armor,Basic,Medium,2019-05-15T11:39:50Z,Living World Season 4
8732,Mist Shard Boots,Armor,Basic,Medium,2019-05-15T11:40:44Z,Living World Season 4
8746,Mist Shard Helm,Armor,Basic,Heavy,2019-05-15T11:41:37Z,Living World Season 4
8687,Mist Shard Pauldrons,Armor,Basic,Heavy,2019-05-15T11:42:23Z,Living World Season 4
8716,Mist Shard Plate,Armor,Basic,Heavy,2019-05-15T11:43:15Z,Living World Season 4
8719,Mist Shard Gauntlets,Armor,Basic,Heavy,2019-05-15T11:44:01Z,Living World Season 4
8728,Mist Shard Tassets,Armor,Basic,Heavy,2019-05-15T11:44:45Z,Living World Season 4
8705,Mist Shard Greaves,Armor,Basic,Heavy,2019-05-15T11:45:31Z,Living World Season 4
8683,Blossoming Mist Shard Gauntlets,Armor,Basic,Heavy,2019-05-15T12:24:46Z,Living World Season 4
8712,Blossoming Mist Shard Bracers,Armor,Basic,Medium,2019-05-15T12:27:05Z,Living World Season 4
8723,Blossoming Mist Shard Plate,Armor,Basic,Heavy,2019-05-15T12:29:58Z,Living World Season 4
8720,Blossoming Mist Shard Gambeson,Armor,Basic,Light,2019-05-15T12:40:51Z,Living World Season 4
8724,Blossoming Mist Shard Leggings,Armor,Basic,Medium,2019-05-15T12:42:22Z,Living World Season 4
8726,Blossoming Mist Shard Chestguard,Armor,Basic,Medium,2019-05-15T12:43:42Z,Living World Season 4
8701,Blossoming Mist Shard Helm,Armor,Basic,Heavy,2019-05-15T12:45:14Z,Living World Season 4
8747,Blossoming Mist Shard Visage,Armor,Basic,Medium,2019-05-15T12:46:29Z,Living World Season 4
8736,Blossoming Mist Shard Breeches,Armor,Basic,Light,2019-05-15T12:47:32Z,Living World Season 4
8688,Blossoming Mist Shard Coronet,Armor,Basic,Light,2019-05-15T12:48:40Z,Living World Season 4
8750,Blossoming Mist Shard Tassets,Armor,Basic,Heavy,2019-05-15T12:49:51Z,Living World Season 4
8754,Blossoming Mist Shard Walkers,Armor,Basic,Light,2019-05-15T12:50:59Z,Living World Season 4
8689,Blossoming Mist Shard Pauldrons,Armor,Basic,Heavy,2019-05-15T12:52:05Z,Living World Season 4
8735,Blossoming Mist Shard Shoulders,Armor,Basic,Medium,2019-05-15T12:53:13Z,Living World Season 4
8703,Blossoming Mist Shard Epaulets,Armor,Basic,Light,2019-05-15T12:54:23Z,Living World Season 4
8710,Blossoming Mist Shard Boots,Armor,Basic,Medium,2019-05-15T12:55:31Z,Living World Season 4
8753,Blossoming Mist Shard Greaves,Armor,Basic,Heavy,2019-05-15T12:57:03Z,Living World Season 4
8717,Blossoming Mist Shard Gloves,Armor,Basic,Light,2019-05-15T13:00:08Z,Living World Season 4
8662,Branded Axe,Weapon,Basic,,2019-05-15T19:39:53Z,Living World Season 4
8679,Branded Dagger,Weapon,Basic,,2019-05-15T19:47:09Z,Living World Season 4
8681,Branded Mace,Weapon,Basic,,2019-05-15T19:50:55Z,Living World Season 4
8663,Branded Pistol,Weapon,Basic,,2019-05-15T19:52:20Z,Living World Season 4
8675,Branded Scepter,Weapon,Basic,,2019-05-15T19:54:20Z,Living World Season 4
8673,Branded Sword,Weapon,Basic,,2019-05-15T19:56:44Z,Living World Season 4
8674,Branded Focus,Weapon,Basic,,2019-05-15T19:59:25Z,Living World Season 4
8671,Branded Shield,Weapon,Basic,,2019-05-15T20:00:54Z,Living World Season 4
8667,Branded Torch,Weapon,Basic,,2019-05-15T20:02:20Z,Living World Season 4
8680,Branded Warhorn,Weapon,Basic,,2019-05-15T20:03:41Z,Living World Season 4
8661,Branded Greatsword,Weapon,Basic,,2019-05-15T20:05:05Z,Living World Season 4
8668,Branded Hammer,Weapon,Basic,,2019-05-15T20:06:21Z,Living World Season 4
8664,Branded Longbow,Weapon,Basic,,2019-05-15T20:07:36Z,Living World Season 4
8676,Branded Rifle,Weapon,Basic,,2019-05-15T20:08:44Z,Living World Season 4
8665,Branded Short Bow,Weapon,Basic,,2019-05-15T20:10:04Z,Living World Season 4
8660,Branded Staff,Weapon,Basic,,2019-05-15T20:11:23Z,Living World Season 4
8706,Skyscale Hatchling Harvesting Tool,Gathering,Basic,,2019-05-21T16:18:52Z,Living World Season 4
8685,Shrine Guardian Ears,Armor,Basic,Light,2019-05-22T08:38:00Z,Living World Season 4
8727,Shrine Guardian Ears,Armor,Basic,Heavy,2019-05-22T08:38:00Z,Living World Season 4
8741,Shrine Guardian Ears,Armor,Basic,Medium,2019-05-22T08:38:00Z,Living World Season 4
8718,Revered Shrine Guardian Ears,Armor,Basic,Medium,2019-05-22T08:38:41Z,Living World Season 4
8743,Revered Shrine Guardian Ears,Armor,Basic,Heavy,2019-05-22T08:38:41Z,Living World Season 4
8751,Revered Shrine Guardian Ears,Armor,Basic,Light,2019-05-22T08:38:41Z,Living World Season 4
8780,Scryer's Circle,Weapon,Basic,,2019-05-28T18:21:05Z,Living World Season 4
8771,Decimator,Weapon,Basic,,2019-05-28T21:58:01Z,Living World Season 4
8757,True Mettle,Weapon,Basic,,2019-05-29T13:55:07Z,Living World Season 4
8775,Sharkbait,Weapon,Basic,,2019-05-29T13:55:50Z,Living World Season 4
8767,Contagion,Weapon,Basic,,2019-05-29T13:57:35Z,Living World Season 4
8764,Greenbrier,Weapon,Basic,,2019-05-29T13:58:53Z,Living World Season 4
8770,Battle-Worn,Weapon,Basic,,2019-05-29T13:59:44Z,Living World Season 4
8768,Caw,Weapon,Basic,,2019-05-30T00:22:01Z,Living World Season 4
8763,Wexx,Weapon,Basic,,2019-05-30T00:29:18Z,Living World Season 4
8778,Fealty,Weapon,Basic,,2019-05-30T00:55:28Z,Living World Season 4
8776,Sunder,Weapon,Basic,,2019-05-30T00:58:04Z,Living World Season 4
8758,Shaman's Vision,Weapon,Basic,,2019-05-30T01:00:32Z,Living World Season 4
8772,Falchion,Weapon,Basic,,2019-05-30T01:09:25Z,Living World Season 4
8773,Old Ascalon,Weapon,Basic,,2019-06-06T20:51:39Z,Living World Season 4
8784,Skyscale Hatchling Mining Tool,Gathering,Basic,,2019-06-11T16:26:28Z,Living World Season 4
8787,Shiny Short Bow,Weapon,Basic,,2019-06-11T16:49:42Z,Living World Season 4
8801,Shiny Torch,Weapon,Basic,,2019-06-11T17:42:44Z,Living World Season 4
8790,Shiny Staff,Weapon,Basic,,2019-06-11T17:43:14Z,Living World Season 4
8788,Shiny Rifle,Weapon,Basic,,2019-06-11T17:44:03Z,Living World Season 4
8782,Shiny Pistol,Weapon,Basic,,2019-06-11T17:46:13Z,Living World Season 4
8799,Ultra Shiny Rifle,Weapon,Basic,,2019-06-11T18:50:23Z,Living World Season 4
8795,Ultra Shiny Short Bow,Weapon,Basic,,2019-06-11T18:52:31Z,Living World Season 4
8789,Ultra Shiny Torch,Weapon,Basic,,2019-06-11T18:54:04Z,Living World Season 4
8796,Ultra Shiny Pistol,Weapon,Basic,,2019-06-11T19:19:21Z,Living World Season 4
8794,Ultra Shiny Staff,Weapon,Basic,,2019-06-11T19:20:12Z,Living World Season 4
8800,Sabir's Scepter,Weapon,Basic,,2019-06-14T01:51:30Z,Living World Season 4
8802,Sabir's Call,Weapon,Basic,,2019-06-14T02:03:59Z,Living World Season 4
8783,Adina's Nexus,Weapon,Basic,,2019-06-14T04:17:30Z,Living World Season 4
8803,Adina's Rifle,Weapon,Basic,,2019-06-14T04:18:12Z,Living World Season 4
8793,Peerless Greatbow,Weapon,Basic,,2019-06-14T04:20:44Z,Living World Season 4
8797,Peerless Torch,Weapon,Basic,,2019-06-14T04:21:32Z,Living World Season 4
8792,Mist Stranger Shield,Weapon,Basic,,2019-06-18T16:47:45Z,Living World Season 4
8798,Mist Stranger Axe,Weapon,Basic,,2019-06-19T07:00:50Z,Living World Season 4
8816,Skyscale Horns,Armor,Basic,Medium,2019-06-25T18:44:00Z,Living World Season 4
8822,Skyscale Horns,Armor,Basic,Heavy,2019-06-25T18:44:00Z,Living World Season 4
8841,Skyscale Horns,Armor,Basic,Light,2019-06-25T18:44:00Z,Living World Season 4
8814,Luminous Skyscale Horns,Armor,Basic,Heavy,2019-06-25T18:44:52Z,Living World Season 4
8834,Luminous Skyscale Horns,Armor,Basic,Light,2019-06-25T18:44:52Z,Living World Season 4
8837,Luminous Skyscale Horns,Armor,Basic,Medium,2019-06-25T18:44:52Z,Living World Season 4
8835,Bioluminescent Mace,Weapon,Basic,,2019-06-25T19:27:48Z,Living World Season 4
8823,Bioluminescent Pistol,Weapon,Basic,,2019-06-25T19:28:17Z,Living World Season 4
8807,Dragon Fireworks Backpiece,Back,Basic,,2019-06-25T19:31:28Z,Living World Season 4
8830,Bioluminescent Hammer,Weapon,Basic,,2019-06-25T19:35:50Z,Living World Season 4
8825,Bioluminescent Torch,Weapon,Basic,,2019-06-25T19:37:01Z,Living World Season 4
8808,Bioluminescent Scepter,Weapon,Basic,,2019-06-25T19:59:59Z,Living World Season 4
8838,Bioluminescent Staff,Weapon,Basic,,2019-06-25T20:00:32Z,Living World Season 4
8824,Bioluminescent Axe,Weapon,Basic,,2019-06-25T20:01:13Z,Living World Season 4
8809,Bioluminescent Greatsword,Weapon,Basic,,2019-06-25T20:02:50Z,Living World Season 4
8820,Bioluminescent Dagger,Weapon,Basic,,2019-06-25T20:03:20Z,Living World Season 4
8827,Bioluminescent Sword,Weapon,Basic,,2019-06-25T20:03:47Z,Living World Season 4
8811,Bioluminescent Rifle,Weapon,Basic,,2019-06-25T20:13:56Z,Living World Season 4
8818,Bioluminescent Short Bow,Weapon,Basic,,2019-06-25T20:14:29Z,Living World Season 4
8843,Bioluminescent Warhorn,Weapon,Basic,,2019-06-25T20:15:21Z,Living World Season 4
8815,Bioluminescent Shield,Weapon,Basic,,2019-06-25T20:15:50Z,Living World Season 4
8844,Bioluminescent Longbow,Weapon,Basic,,2019-06-25T20:16:23Z,Living World Season 4
8833,Victorious Holographic Wings,Back,Basic,,2019-06-25T20:40:15Z,Living World Season 4
8817,Holographic Dragon Helm,Armor,Basic,Light,2019-06-25T20:47:24Z,Living World Season 4
8826,Holographic Dragon Helm,Armor,Basic,Heavy,2019-06-25T20:47:24Z,Living World Season 4
8829,Holographic Dragon Helm,Armor,Basic,Medium,2019-06-25T20:47:24Z,Living World Season 4
8832,Bioluminescent Focus,Weapon,Basic,,2019-06-26T00:16:32Z,Living World Season 4
8831,Holographic Hunter,Weapon,Basic,,2019-06-29T01:10:47Z,Living World Season 4
8813,Holographic Dawn,Weapon,Basic,,2019-06-29T01:24:28Z,Living World Season 4
8839,Holographic Flame,Weapon,Basic,,2019-06-29T01:25:36Z,Living World Season 4
8828,Holographic Leaf,Weapon,Basic,,2019-06-29T01:25:59Z,Living World Season 4
8805,Holographic Spark,Weapon,Basic,,2019-06-29T01:27:08Z,Living World Season 4
8804,Holographic Bard,Weapon,Basic,,2019-06-29T01:28:17Z,Living World Season 4
8840,Holographic Legend,Weapon,Basic,,2019-06-29T01:30:28Z,Living World Season 4
8842,Holographic Chosen,Weapon,Basic,,2019-06-29T01:31:41Z,Living World Season 4
8806,Holographic Howl,Weapon,Basic,,2019-06-29T01:33:46Z,Living World Season 4
8819,Holographic Tooth,Weapon,Basic,,2019-06-29T01:34:33Z,Living World Season 4
8836,Holographic Chaos,Weapon,Basic,,2019-06-29T01:35:33Z,Living World Season 4
8812,Holographic Colossus,Weapon,Basic,,2019-06-29T01:36:48Z,Living World Season 4
8846,Holographic Zap,Weapon,Basic,,2019-06-29T01:39:08Z,Living World Season 4
8845,Holographic Lover,Weapon,Basic,,2019-06-29T01:40:13Z,Living World Season 4
8810,Holographic Storm,Weapon,Basic,,2019-06-29T01:42:23Z,Living World Season 4
8821,Holographic Energizer,Weapon,Basic,,2019-06-29T01:52:40Z,Living World Season 4
7331,Abaddon Staff,Weapon,Basic,,2019-06-29T09:08:04Z,Living World Season 4
8848,Skyscale Hatchling Logging Tool,Gathering,Basic,,2019-07-16T16:42:36Z,Living World Season 4
8875,Divine Sovereign Crescent,Weapon,Basic,,2019-07-30T18:27:50Z,Living World Season 4
8851,Divine Sovereign Punisher,Weapon,Basic,,2019-07-30T18:52:01Z,Living World Season 4
8867,Divine Sovereign Beacon,Weapon,Basic,,2019-07-30T19:21:34Z,Living World Season 4
8877,Divine Sovereign Greatbow,Weapon,Basic,,2019-07-30T19:24:27Z,Living World Season 4
8869,Divine Sovereign Spatha,Weapon,Basic,,2019-07-30T19:27:47Z,Living World Season 4
8861,Winged Lantern,Back,Basic,,2019-07-30T19:32:28Z,Living World Season 4
8853,Divine Sovereign Protector,Weapon,Basic,,2019-07-30T19:35:46Z,Living World Season 4
8868,Divine Sovereign Cinquedea,Weapon,Basic,,2019-07-30T19:36:35Z,Living World Season 4
8871,Divine Sovereign Artifact,Weapon,Basic,,2019-07-30T19:36:38Z,Living World Season 4
8852,Divine Sovereign Herald,Weapon,Basic,,2019-07-30T19:36:40Z,Living World Season 4
8849,Divine Sovereign Eviscerator,Weapon,Basic,,2019-07-30T20:08:34Z,Living World Season 4
8864,Divine Sovereign Scepter,Weapon,Basic,,2019-07-30T20:08:54Z,Living World Season 4
8860,Zephyrite Mace,Weapon,Basic,,2019-07-30T21:48:05Z,Living World Season 4
8850,Zephyrite Focus,Weapon,Basic,,2019-07-30T21:48:44Z,Living World Season 4
8862,Zephyrite Pistol,Weapon,Basic,,2019-07-30T21:49:18Z,Living World Season 4
8855,Zephyrite Staff,Weapon,Basic,,2019-07-30T21:49:35Z,Living World Season 4
8876,Zephyrite Rifle,Weapon,Basic,,2019-07-30T21:49:59Z,Living World Season 4
8858,Pyre Gloves,Armor,Basic,Heavy,2019-07-31T13:04:11Z,Living World Season 4
8866,Pyre Gloves,Armor,Basic,Medium,2019-07-31T13:04:11Z,Living World Season 4
8873,Pyre Gloves,Armor,Basic,Light,2019-07-31T13:04:11Z,Living World Season 4
8863,Aspect Master's Greatsword,Weapon,Basic,,2019-08-07T11:55:49Z,Living World Season 4
8886,Mist Lord's Dagger,Weapon,Basic,,2019-08-10T02:16:05Z,Living World Season 4
8883,Lightbinder Blades Wings,Back,Basic,,2019-08-13T17:55:07Z,Living World Season 4
8878,Mist Lord's Scepter,Weapon,Basic,,2019-08-13T17:55:26Z,Living World Season 4
8893,Mist Lord's Axe,Weapon,Basic,,2019-08-13T17:56:45Z,Living World Season 4
8884,Mist Lord's Shield,Weapon,Basic,,2019-08-13T17:59:12Z,Living World Season 4
8882,Mist Lord's Greatsword,Weapon,Basic,,2019-08-13T18:00:24Z,Living World Season 4
8891,Mist Lord's Sword,Weapon,Basic,,2019-08-13T18:01:06Z,Living World Season 4
8892,Mist Lord's Hammer,Weapon,Basic,,2019-08-13T18:01:35Z,Living World Season 4
8889,Mist Lord's Torch,Weapon,Basic,,2019-08-13T18:02:16Z,Living World Season 4
8897,Mist Lord's Focus,Weapon,Basic,,2019-08-13T18:03:16Z,Living World Season 4
8898,Mist Lord's Staff,Weapon,Basic,,2019-08-13T18:03:52Z,Living World Season 4
8896,Mist Lord's Pistol,Weapon,Basic,,2019-08-13T18:04:36Z,Living World Season 4
8887,Mist Lord's Mace,Weapon,Basic,,2019-08-13T18:07:14Z,Living World Season 4
8881,Mist Lord's Longbow,Weapon,Basic,,2019-08-13T18:18:17Z,Living World Season 4
8890,Mist Lord's Rifle,Weapon,Basic,,2019-08-13T18:19:43Z,Living World Season 4
8879,Mist Lord's Warhorn,Weapon,Basic,,2019-08-13T18:28:29Z,Living World Season 4
8885,Mist Lord's Short Bow,Weapon,Basic,,2019-08-13T18:28:46Z,Living World Season 4
8895,Lightbinder Blade,Weapon,Basic,,2019-08-14T11:00:59Z,Living World Season 4
8915,Watchwork Wings Backpack,Back,Basic,,2019-08-27T17:58:22Z,Living World Season 4
8900,Endless Ocean Axe,Weapon,Basic,,2019-08-28T16:21:15Z,Living World Season 4
8907,Endless Ocean Dagger,Weapon,Basic,,2019-08-28T16:22:53Z,Living World Season 4
8909,Endless Ocean Mace,Weapon,Basic,,2019-08-28T16:25:14Z,Living World Season 4
8899,Endless Ocean Focus,Weapon,Basic,,2019-08-28T16:27:02Z,Living World Season 4
8904,Endless Ocean Greatsword,Weapon,Basic,,2019-08-28T16:29:49Z,Living World Season 4
8903,Endless Ocean Hammer,Weapon,Basic,,2019-08-28T16:31:32Z,Living World Season 4
8906,Endless Ocean Longbow,Weapon,Basic,,2019-08-28T16:32:31Z,Living World Season 4
8912,Endless Ocean Pistol,Weapon,Basic,,2019-08-28T16:33:29Z,Living World Season 4
8902,Endless Ocean Rifle,Weapon,Basic,,2019-08-28T16:36:02Z,Living World Season 4
8901,Endless Ocean Scepter,Weapon,Basic,,2019-08-28T16:46:12Z,Living World Season 4
8910,Endless Ocean Shield,Weapon,Basic,,2019-08-28T16:53:14Z,Living World Season 4
8908,Endless Ocean Short Bow,Weapon,Basic,,2019-08-28T16:55:49Z,Living World Season 4
8914,Endless Ocean Staff,Weapon,Basic,,2019-08-28T16:57:25Z,Living World Season 4
8913,Endless Ocean Sword,Weapon,Basic,,2019-08-28T16:58:23Z,Living World Season 4
8905,Endless Ocean Torch,Weapon,Basic,,2019-08-28T17:00:36Z,Living World Season 4
8911,Endless Ocean Warhorn,Weapon,Basic,,2019-08-28T17:01:26Z,Living World Season 4
8923,"Metal Legion ""Imperator"" Size",Armor,Basic,Heavy,2019-09-17T19:19:33Z,Living World Season 4
8943,"Metal Legion ""Soldier"" Size",Armor,Basic,Medium,2019-09-17T19:20:15Z,Living World Season 4
8947,"Metal Legion ""Tribune"" Size",Armor,Basic,Light,2019-09-17T19:22:23Z,Living World Season 4
8927,Ashfall,Weapon,Basic,,2019-09-17T23:16:42Z,Living World Season 4
8954,Flamewaker,Weapon,Basic,,2019-09-17T23:20:04Z,Living World Season 4
8945,Golden Talon,Weapon,Basic,,2019-09-17T23:23:29Z,Living World Season 4
8918,Bloodletter,Weapon,Basic,,2019-09-17T23:23:48Z,Living World Season 4
8933,Banner of the Flame Legion,Back,Basic,,2019-09-18T13:01:06Z,Living World Season 4
8937,Banner of the Iron Legion,Back,Basic,,2019-09-18T13:06:57Z,Living World Season 4
8931,Banner of the Blood Legion,Back,Basic,,2019-09-18T13:09:10Z,Living World Season 4
8924,Banner of the Ash Legion,Back,Basic,,2019-09-18T13:11:41Z,Living World Season 4
8929,Ironsight,Weapon,Basic,,2019-09-18T13:22:23Z,Living World Season 4
8930,Citadel Assault Pack,Back,Basic,,2019-09-21T09:51:11Z,Living World Season 4
8959,Etherbound Pauldrons,Armor,Basic,Medium,2019-10-01T16:27:35Z,Living World Season 4
8960,Etherbound Pauldrons,Armor,Basic,Heavy,2019-10-01T16:27:35Z,Living World Season 4
8961,Etherbound Pauldrons,Armor,Basic,Light,2019-10-01T16:27:35Z,Living World Season 4
8979,Skeletal Wings Backpack,Back,Basic,,2019-10-15T16:47:59Z,Living World Season 4
8973,Royal Flame Scepter,Weapon,Basic,,2019-10-15T19:26:51Z,Living World Season 4
8975,Royal Flame Dagger,Weapon,Basic,,2019-10-15T19:41:16Z,Living World Season 4
9003,Royal Flame Short Bow,Weapon,Basic,,2019-10-15T19:43:34Z,Living World Season 4
8998,Royal Flame Rifle,Weapon,Basic,,2019-10-15T19:45:38Z,Living World Season 4
8996,Royal Flame Axe,Weapon,Basic,,2019-10-15T19:48:00Z,Living World Season 4
8992,Royal Flame Shield,Weapon,Basic,,2019-10-15T19:52:02Z,Living World Season 4
8964,Pumpkin Crown,Armor,Basic,Medium,2019-10-15T20:18:54Z,Living World Season 4
8966,Pumpkin Crown,Armor,Basic,Light,2019-10-15T20:18:54Z,Living World Season 4
8968,Pumpkin Crown,Armor,Basic,Heavy,2019-10-15T20:18:54Z,Living World Season 4
8999,Carapace of Chaos,Weapon,Basic,,2019-10-15T21:23:04Z,Living World Season 4
8984,Ghostly Racing Scarf,Armor,Basic,Medium,2019-10-15T23:58:33Z,Living World Season 4
8995,Ghostly Racing Scarf,Armor,Basic,Heavy,2019-10-15T23:58:33Z,Living World Season 4
9005,Ghostly Racing Scarf,Armor,Basic,Light,2019-10-15T23:58:33Z,Living World Season 4
8990,Royal Flame Mace,Weapon,Basic,,2019-10-16T04:33:11Z,Living World Season 4
8994,Royal Flame Pistol,Weapon,Basic,,2019-10-16T04:34:37Z,Living World Season 4
8980,Royal Flame Sword,Weapon,Basic,,2019-10-16T04:36:07Z,Living World Season 4
8977,Royal Flame Focus,Weapon,Basic,,2019-10-16T04:38:12Z,Living World Season 4
9002,Royal Flame Torch,Weapon,Basic,,2019-10-16T04:39:19Z,Living World Season 4
8974,Royal Flame Warhorn,Weapon,Basic,,2019-10-16T04:40:15Z,Living World Season 4
8976,Royal Flame Staff,Weapon,Basic,,2019-10-16T04:40:58Z,Living World Season 4
9001,Royal Flame Longbow,Weapon,Basic,,2019-10-16T04:41:41Z,Living World Season 4
9004,Royal Flame Hammer,Weapon,Basic,,2019-10-16T04:42:18Z,Living World Season 4
8983,Royal Flame Greatsword,Weapon,Basic,,2019-10-16T04:43:01Z,Living World Season 4
8963,Seven Reapers Pistol,Weapon,Basic,,2019-10-16T05:56:17Z,Living World Season 4
8962,Seven Reapers Focus,Weapon,Basic,,2019-10-16T05:57:23Z,Living World Season 4
8969,Seven Reapers Scepter,Weapon,Basic,,2019-10-16T06:05:51Z,Living World Season 4
8970,Seven Reapers Greatsword,Weapon,Basic,,2019-10-16T06:07:55Z,Living World Season 4
9000,Seven Reapers Mace,Weapon,Basic,,2019-10-16T06:09:41Z,Living World Season 4
8982,Seven Reapers Axe,Weapon,Basic,,2019-10-16T06:10:03Z,Living World Season 4
8988,Seven Reapers Sword,Weapon,Basic,,2019-10-16T06:10:27Z,Living World Season 4
8985,Seven Reapers Torch,Weapon,Basic,,2019-10-16T06:11:22Z,Living World Season 4
8993,Seven Reapers Dagger,Weapon,Basic,,2019-10-16T06:11:47Z,Living World Season 4
8978,Seven Reapers Warhorn,Weapon,Basic,,2019-10-16T06:12:11Z,Living World Season 4
8987,Seven Reapers Shield,Weapon,Basic,,2019-10-16T06:12:45Z,Living World Season 4
8997,Seven Reapers Longbow,Weapon,Basic,,2019-10-16T06:13:11Z,Living World Season 4
8971,Seven Reapers Rifle,Weapon,Basic,,2019-10-16T06:13:38Z,Living World Season 4
8981,Seven Reapers Short Bow,Weapon,Basic,,2019-10-16T06:14:12Z,Living World Season 4
8991,Seven Reapers Staff,Weapon,Basic,,2019-10-16T06:14:42Z,Living World Season 4
8972,Seven Reapers Hammer,Weapon,Basic,,2019-10-16T06:15:09Z,Living World Season 4
8967,Searing Chain Gloves,Armor,Basic,Heavy,2019-10-16T06:49:06Z,Living World Season 4
8986,Searing Chain Gloves,Armor,Basic,Medium,2019-10-16T06:49:06Z,Living World Season 4
8989,Searing Chain Gloves,Armor,Basic,Light,2019-10-16T06:49:06Z,Living World Season 4
9032,Ancient Boreal Focus,Weapon,Basic,,2019-11-19T20:25:23Z,Living World Season 4
9036,Ancient Boreal Axe,Weapon,Basic,,2019-11-19T20:26:10Z,Living World Season 4
9020,Ancient Boreal Sword,Weapon,Basic,,2019-11-19T20:26:50Z,Living World Season 4
9048,Ancient Boreal Mace,Weapon,Basic,,2019-11-19T20:27:29Z,Living World Season 4
9010,Ancient Boreal Hammer,Weapon,Basic,,2019-11-19T20:28:13Z,Living World Season 4
9038,Ancient Boreal Greatsword,Weapon,Basic,,2019-11-19T20:29:10Z,Living World Season 4
9029,Ancient Boreal Longbow,Weapon,Basic,,2019-11-19T20:29:54Z,Living World Season 4
9013,Ancient Boreal Short Bow,Weapon,Basic,,2019-11-19T20:30:42Z,Living World Season 4
9026,Ancient Boreal Dagger,Weapon,Basic,,2019-11-19T20:31:14Z,Living World Season 4
9031,Ancient Boreal Warhorn,Weapon,Basic,,2019-11-19T20:31:56Z,Living World Season 4
9023,Ancient Boreal Shield,Weapon,Basic,,2019-11-19T20:32:46Z,Living World Season 4
9033,Ancient Boreal Rifle,Weapon,Basic,,2019-11-19T20:34:06Z,Living World Season 4
9047,Ancient Boreal Pistol,Weapon,Basic,,2019-11-19T20:34:42Z,Living World Season 4
9012,Ancient Boreal Torch,Weapon,Basic,,2019-11-19T20:35:25Z,Living World Season 4
9028,Ancient Boreal Staff,Weapon,Basic,,2019-11-19T20:36:11Z,Living World Season 4
9024,Ancient Boreal Scepter,Weapon,Basic,,2019-11-19T20:36:51Z,Living World Season 4
9027,Celestial Axe,Weapon,Basic,,2019-11-19T20:56:13Z,Living World Season 4
9037,Dragonrender Medium Helm,Armor,Basic,Medium,2019-11-20T01:13:29Z,Living World Season 4
9021,Shiverpeaks Hunter Backpack,Back,Basic,,2019-11-21T19:31:54Z,Living World Season 4
9050,Emblazoned Cape,Back,Masterwork,,2019-12-03T18:34:34Z,The Icebrood Saga
9017,Prize of the Boneskinner,Back,Basic,,2019-12-03T18:43:12Z,The Icebrood Saga
9051,Basic Guild Cape,Back,Masterwork,,2019-12-03T18:45:43Z,The Icebrood Saga
9049,Dreamwalker Dagger,Weapon,Basic,,2019-12-03T19:00:33Z,The Icebrood Saga
9072,Winter Monarch Cape,Back,Masterwork,,2019-12-17T18:21:55Z,The Icebrood Saga
9053,Rimed Verdant Axe,Weapon,Basic,,2019-12-17T19:49:47Z,The Icebrood Saga
9077,Rimed Verdant Dagger,Weapon,Basic,,2019-12-17T19:50:37Z,The Icebrood Saga
9060,Rimed Verdant Mace,Weapon,Basic,,2019-12-17T19:51:16Z,The Icebrood Saga
9067,Rimed Verdant Pistol,Weapon,Basic,,2019-12-17T19:54:11Z,The Icebrood Saga
9080,Rimed Verdant Scepter,Weapon,Basic,,2019-12-17T19:54:45Z,The Icebrood Saga
9065,Rimed Verdant Blade,Weapon,Basic,,2019-12-17T19:55:29Z,The Icebrood Saga
9088,Rimed Verdant Focus,Weapon,Basic,,2019-12-17T19:56:16Z,The Icebrood Saga
9075,Rimed Verdant Warhorn,Weapon,Basic,,2019-12-17T19:56:49Z,The Icebrood Saga
9074,Rimed Verdant Torch,Weapon,Basic,,2019-12-17T19:57:22Z,The Icebrood Saga
9052,Rimed Verdant Shield,Weapon,Basic,,2019-12-17T19:58:06Z,The Icebrood Saga
9058,Rimed Verdant Greatsword,Weapon,Basic,,2019-12-17T19:58:38Z,The Icebrood Saga
9069,Rimed Verdant Hammer,Weapon,Basic,,2019-12-17T19:59:12Z,The Icebrood Saga
9066,Rimed Verdant Longbow,Weapon,Basic,,2019-12-17T19:59:47Z,The Icebrood Saga
9092,Rimed Verdant Rifle,Weapon,Basic,,2019-12-17T20:00:31Z,The Icebrood Saga
9079,Rimed Verdant Short Bow,Weapon,Basic,,2019-12-17T20:01:06Z,The Icebrood Saga
9091,Rimed Verdant Staff,Weapon,Basic,,2019-12-17T20:01:36Z,The Icebrood Saga
9062,Festive Sweater,Armor,Basic,Light,2019-12-17T20:45:02Z,The Icebrood Saga
9087,Festive Sweater,Armor,Basic,Medium,2019-12-17T20:45:02Z,The Icebrood Saga
9089,Festive Sweater,Armor,Basic,Heavy,2019-12-17T20:45:02Z,The Icebrood Saga
9061,Starlight Wings Backpack,Back,Basic,,2019-12-17T22:42:46Z,The Icebrood Saga
9082,Mythic Sword,Weapon,Basic,,2020-01-01T17:18:18Z,The Icebrood Saga
9054,Mythic Focus,Weapon,Basic,,2020-01-01T19:14:38Z,The Icebrood Saga
9078,Mythic Warhorn,Weapon,Basic,,2020-01-01T19:31:43Z,The Icebrood Saga
9076,Mythic Torch,Weapon,Basic,,2020-01-01T19:32:21Z,The Icebrood Saga
9081,Mythic Dagger,Weapon,Basic,,2020-01-01T19:32:36Z,The Icebrood Saga
9084,Mythic Short Bow,Weapon,Basic,,2020-01-01T19:32:55Z,The Icebrood Saga
9055,Mythic Hammer,Weapon,Basic,,2020-01-01T19:33:09Z,The Icebrood Saga
9068,Mythic Scepter,Weapon,Basic,,2020-01-01T19:33:23Z,The Icebrood Saga
9064,Mythic Staff,Weapon,Basic,,2020-01-01T19:33:35Z,The Icebrood Saga
9090,Mythic Rifle,Weapon,Basic,,2020-01-01T19:33:46Z,The Icebrood Saga
9085,Mythic Pistol,Weapon,Basic,,2020-01-01T19:33:57Z,The Icebrood Saga
9086,Mythic Shield,Weapon,Basic,,2020-01-01T19:34:10Z,The Icebrood Saga
9093,Mythic Longbow,Weapon,Basic,,2020-01-01T19:34:23Z,The Icebrood Saga
9056,Mythic Axe,Weapon,Basic,,2020-01-01T19:34:41Z,The Icebrood Saga
9059,Mythic Mace,Weapon,Basic,,2020-01-01T19:34:53Z,The Icebrood Saga
9057,Mythic Greatsword,Weapon,Basic,,2020-01-01T19:35:09Z,The Icebrood Saga
9131,Celestial Rat Cape,Back,Masterwork,,2020-01-14T17:39:58Z,The Icebrood Saga
9120,Lucky Great Rat Lantern,Back,Exotic,,2020-01-14T18:13:22Z,The Icebrood Saga
9101,Fireworks Spaulders,Armor,Basic,Light,2020-01-14T18:16:43Z,The Icebrood Saga
9108,Fireworks Spaulders,Armor,Basic,Heavy,2020-01-14T18:16:43Z,The Icebrood Saga
9111,Fireworks Spaulders,Armor,Basic,Medium,2020-01-14T18:16:43Z,The Icebrood Saga
9097,Lucky Rat Lantern,Back,Rare,,2020-01-14T18:17:20Z,The Icebrood Saga
9123,Draconic Sword,Weapon,Basic,,2020-01-15T22:58:17Z,The Icebrood Saga
9125,Draconic Hammer,Weapon,Basic,,2020-01-15T23:00:53Z,The Icebrood Saga
9094,Draconic Longbow,Weapon,Basic,,2020-01-15T23:01:53Z,The Icebrood Saga
9126,Draconic Scepter,Weapon,Basic,,2020-01-15T23:02:45Z,The Icebrood Saga
9128,Draconic Warhorn,Weapon,Basic,,2020-01-15T23:03:34Z,The Icebrood Saga
9129,Draconic Greatsword,Weapon,Basic,,2020-01-15T23:04:22Z,The Icebrood Saga
9130,Draconic Shield,Weapon,Basic,,2020-01-15T23:05:32Z,The Icebrood Saga
9103,Draconic Staff,Weapon,Basic,,2020-01-15T23:06:19Z,The Icebrood Saga
9105,Draconic Short Bow,Weapon,Basic,,2020-01-15T23:07:05Z,The Icebrood Saga
9106,Draconic Mace,Weapon,Basic,,2020-01-15T23:08:34Z,The Icebrood Saga
9107,Draconic Rifle,Weapon,Basic,,2020-01-15T23:09:15Z,The Icebrood Saga
9110,Draconic Dagger,Weapon,Basic,,2020-01-15T23:10:18Z,The Icebrood Saga
9113,Draconic Axe,Weapon,Basic,,2020-01-15T23:11:05Z,The Icebrood Saga
9115,Draconic Focus,Weapon,Basic,,2020-01-15T23:12:08Z,The Icebrood Saga
9117,Draconic Torch,Weapon,Basic,,2020-01-15T23:12:53Z,The Icebrood Saga
9118,Draconic Pistol,Weapon,Basic,,2020-01-15T23:13:38Z,The Icebrood Saga
9121,Shining Aureate Highlander Greatsword,Weapon,Basic,,2020-01-18T03:18:58Z,The Icebrood Saga
9122,Shining Aureate Pistol,Weapon,Basic,,2020-01-18T03:20:28Z,The Icebrood Saga
9124,Shining Aureate Targe,Weapon,Basic,,2020-01-18T03:21:52Z,The Icebrood Saga
9127,Shining Aureate Dirk,Weapon,Basic,,2020-01-18T03:22:51Z,The Icebrood Saga
9095,Shining Aureate Warhorn,Weapon,Basic,,2020-01-18T03:26:50Z,The Icebrood Saga
9096,Shining Aureate Short Bow,Weapon,Basic,,2020-01-18T03:27:36Z,The Icebrood Saga
9098,Shining Aureate Virge,Weapon,Basic,,2020-01-18T03:28:27Z,The Icebrood Saga
9099,Shining Aureate Mace,Weapon,Basic,,2020-01-18T03:29:19Z,The Icebrood Saga
9132,Shining Aureate Charm,Weapon,Basic,,2020-01-18T03:30:13Z,The Icebrood Saga
9100,Shining Aureate Musket,Weapon,Basic,,2020-01-18T03:31:00Z,The Icebrood Saga
9102,Shining Aureate Warhammer,Weapon,Basic,,2020-01-18T03:32:03Z,The Icebrood Saga
9104,Shining Aureate Staff,Weapon,Basic,,2020-01-18T03:32:56Z,The Icebrood Saga
9109,Shining Aureate Sconce,Weapon,Basic,,2020-01-18T03:33:36Z,The Icebrood Saga
9112,Shining Aureate Longbow,Weapon,Basic,,2020-01-18T03:34:25Z,The Icebrood Saga
9114,Shining Aureate Axe,Weapon,Basic,,2020-01-18T03:35:04Z,The Icebrood Saga
9119,Shining Aureate Rinblade,Weapon,Basic,,2020-01-18T03:35:44Z,The Icebrood Saga
9116,Glacial Logging Tool,Gathering,Basic,,2020-01-21T16:39:15Z,The Icebrood Saga
9185,Jora's Cape,Back,Masterwork,,2020-02-04T16:44:42Z,The Icebrood Saga
9211,Alchemist Backpack,Back,Basic,,2020-02-11T18:23:07Z,The Icebrood Saga
9198,Stoneshard Scepter,Weapon,Basic,,2020-02-11T21:52:27Z,The Icebrood Saga
9204,Glacial Harvesting Tool,Gathering,Basic,,2020-02-18T16:55:41Z,The Icebrood Saga
9240,Kasmeer's Regalia Cape,Back,Masterwork,,2020-02-25T18:51:49Z,The Icebrood Saga
9218,Warlord's Wargreaves,Armor,Basic,Heavy,2020-02-25T21:12:48Z,The Icebrood Saga
9236,Warlord's Breastplate,Armor,Basic,Heavy,2020-02-25T21:13:59Z,The Icebrood Saga
9215,Warlord's Footgear,Armor,Basic,Light,2020-02-25T21:14:55Z,The Icebrood Saga
9230,Warlord's Leggings,Armor,Basic,Light,2020-02-25T21:17:03Z,The Icebrood Saga
9232,Warlord's Legguards,Armor,Basic,Medium,2020-02-25T21:19:20Z,The Icebrood Saga
9238,Warlord's Legplates,Armor,Basic,Heavy,2020-02-25T21:20:33Z,The Icebrood Saga
9220,Warlord's Raiment,Armor,Basic,Light,2020-02-25T21:23:09Z,The Icebrood Saga
9233,Warlord's Plate Helm,Armor,Basic,Heavy,2020-02-25T21:24:16Z,The Icebrood Saga
9234,Warlord's Brigandine,Armor,Basic,Medium,2020-02-25T21:25:21Z,The Icebrood Saga
9214,Warlord's Cap,Armor,Basic,Medium,2020-02-25T21:27:18Z,The Icebrood Saga
9223,Warlord's Epaulets,Armor,Basic,Light,2020-02-25T21:28:29Z,The Icebrood Saga
9221,Warlord's Shinplates,Armor,Basic,Medium,2020-02-25T21:29:27Z,The Icebrood Saga
9229,Warlord's Shoulderguards,Armor,Basic,Medium,2020-02-25T21:30:23Z,The Icebrood Saga
9225,Warlord's Crown,Armor,Basic,Light,2020-02-25T21:31:28Z,The Icebrood Saga
9216,Warlord's Wristplates,Armor,Basic,Medium,2020-02-25T21:32:27Z,The Icebrood Saga
9235,Warlord's Pauldrons,Armor,Basic,Heavy,2020-02-25T21:33:48Z,The Icebrood Saga
9237,Warlord's Gauntlets,Armor,Basic,Heavy,2020-02-25T21:43:32Z,The Icebrood Saga
9227,Warlord's Armguards,Armor,Basic,Light,2020-02-25T21:44:48Z,The Icebrood Saga
9231,Glacial Mining Tool,Gathering,Basic,,2020-02-25T22:17:54Z,The Icebrood Saga
9217,Open Warlord's Plate Helm,Armor,Basic,Heavy,2020-02-26T09:55:42Z,The Icebrood Saga
9241,Ash Legion Staff,Weapon,Basic,,2020-03-17T20:32:06Z,The Icebrood Saga
9263,Dark Wing Staff,Weapon,Basic,,2020-03-18T03:03:35Z,The Icebrood Saga
9246,Dark Wing Dagger,Weapon,Basic,,2020-03-18T03:05:03Z,The Icebrood Saga
9293,Dark Wing Shield,Weapon,Basic,,2020-03-18T03:06:20Z,The Icebrood Saga
9255,Dark Wing Scepter,Weapon,Basic,,2020-03-18T03:07:07Z,The Icebrood Saga
9298,Dreamwalker Wings Backpack,Back,Basic,,2020-03-18T03:10:43Z,The Icebrood Saga
9271,Dark Wing Sword,Weapon,Basic,,2020-03-18T03:11:58Z,The Icebrood Saga
9261,Dark Wing Pistol,Weapon,Basic,,2020-03-18T03:13:16Z,The Icebrood Saga
9247,Dark Wing Rifle,Weapon,Basic,,2020-03-18T03:14:37Z,The Icebrood Saga
9320,Dark Wing Hammer,Weapon,Basic,,2020-03-18T03:16:02Z,The Icebrood Saga
9280,Dark Wing Greatsword,Weapon,Basic,,2020-03-18T03:16:47Z,The Icebrood Saga
9319,Dark Wing Longbow,Weapon,Basic,,2020-03-18T03:18:29Z,The Icebrood Saga
9256,Dark Wing Short Bow,Weapon,Basic,,2020-03-18T03:20:14Z,The Icebrood Saga
9317,Dark Wing Axe,Weapon,Basic,,2020-03-18T03:21:21Z,The Icebrood Saga
9312,Dark Wing Warhorn,Weapon,Basic,,2020-03-18T03:22:27Z,The Icebrood Saga
9243,Dark Wing Mace,Weapon,Basic,,2020-03-18T03:23:39Z,The Icebrood Saga
9288,Dark Wing Torch,Weapon,Basic,,2020-03-18T03:24:29Z,The Icebrood Saga
9294,Dark Wing Focus,Weapon,Basic,,2020-03-18T03:25:27Z,The Icebrood Saga
9252,Banner of the Steel Warband,Back,Basic,,2020-03-18T13:09:16Z,The Icebrood Saga
9272,Abyss Stalker Cape,Back,Masterwork,,2020-03-24T17:31:12Z,The Icebrood Saga
9331,Dreamwalker Scythe,Weapon,Basic,,2020-03-31T16:54:32Z,The Icebrood Saga
7315,Vengeance,Weapon,Basic,,2020-04-04T22:31:30Z,The Icebrood Saga
9330,Toxic Boots,Armor,Basic,Heavy,2020-04-07T16:50:58Z,The Icebrood Saga
9332,Toxic Boots,Armor,Basic,Medium,2020-04-07T16:50:58Z,The Icebrood Saga
9334,Toxic Boots,Armor,Basic,Light,2020-04-07T16:50:58Z,The Icebrood Saga
9333,Toxic Cape,Back,Masterwork,,2020-04-07T16:52:33Z,The Icebrood Saga
9347,Vermilion Tail Feather,Weapon,Basic,,2020-04-14T18:02:53Z,The Icebrood Saga
9349,Virtual Box,Armor,Basic,Heavy,2020-04-14T18:26:39Z,The Icebrood Saga
9355,Virtual Box,Armor,Basic,Light,2020-04-14T18:26:39Z,The Icebrood Saga
9357,Virtual Box,Armor,Basic,Medium,2020-04-14T18:26:39Z,The Icebrood Saga
9335,Virtual Box (Off),Armor,Basic,Light,2020-04-14T18:26:39Z,The Icebrood Saga
9337,Virtual Box (Off),Armor,Basic,Heavy,2020-04-14T18:26:39Z,The Icebrood Saga
9352,Virtual Box (Off),Armor,Basic,Medium,2020-04-14T18:26:39Z,The Icebrood Saga
9360,Glitched Adventure Hammer,Weapon,Basic,,2020-04-14T19:14:44Z,The Icebrood Saga
9341,Glitched Adventure Torch,Weapon,Basic,,2020-04-14T19:16:15Z,The Icebrood Saga
9340,Glitched Adventure Axe,Weapon,Basic,,2020-04-14T19:16:47Z,The Icebrood Saga
9358,Glitched Adventure Mace,Weapon,Basic,,2020-04-14T19:17:54Z,The Icebrood Saga
9342,Glitched Adventure Dagger,Weapon,Basic,,2020-04-14T19:18:21Z,The Icebrood Saga
9345,Glitched Adventure Rifle,Weapon,Basic,,2020-04-14T19:18:56Z,The Icebrood Saga
9338,Glitched Adventure Focus,Weapon,Basic,,2020-04-14T19:19:22Z,The Icebrood Saga
9348,Glitched Adventure Sword,Weapon,Basic,,2020-04-14T19:22:35Z,The Icebrood Saga
9359,Glitched Adventure Scepter,Weapon,Basic,,2020-04-14T19:23:03Z,The Icebrood Saga
9351,Glitched Adventure Warhorn,Weapon,Basic,,2020-04-14T19:23:31Z,The Icebrood Saga
9353,Glitched Adventure Greatsword,Weapon,Basic,,2020-04-14T19:24:54Z,The Icebrood Saga
9356,Glitched Adventure Short Bow,Weapon,Basic,,2020-04-14T19:33:15Z,The Icebrood Saga
9336,Glitched Adventure Longbow,Weapon,Basic,,2020-04-14T19:33:47Z,The Icebrood Saga
9346,Glitched Adventure Staff,Weapon,Basic,,2020-04-14T19:34:36Z,The Icebrood Saga
9354,Glitched Adventure Shield,Weapon,Basic,,2020-04-14T19:36:32Z,The Icebrood Saga
9344,Glitched Adventure Pistol,Weapon,Basic,,2020-04-14T19:38:00Z,The Icebrood Saga
9363,Prince Rurik's Vanguard Cape,Back,Masterwork,,2020-04-28T17:33:13Z,The Icebrood Saga
9364,Draconic Wings Backpack,Back,Basic,,2020-04-28T17:37:44Z,The Icebrood Saga
9376,Seven Reapers Grasps,Armor,Basic,Heavy,2020-05-26T16:25:06Z,The Icebrood Saga
9384,Seven Reapers Grasps,Armor,Basic,Light,2020-05-26T16:25:06Z,The Icebrood Saga
9447,Seven Reapers Grasps,Armor,Basic,Medium,2020-05-26T16:25:06Z,The Icebrood Saga
9382,Bear Ceremonial Hood,Armor,Basic,Heavy,2020-05-26T22:02:32Z,The Icebrood Saga
9401,Bear Ceremonial Hood,Armor,Basic,Light,2020-05-26T22:02:32Z,The Icebrood Saga
9412,Bear Ceremonial Hood,Armor,Basic,Medium,2020-05-26T22:02:32Z,The Icebrood Saga
9385,Bear Ceremonial Sandals,Armor,Basic,Light,2020-05-26T22:03:13Z,The Icebrood Saga
9390,Bear Ceremonial Sandals,Armor,Basic,Medium,2020-05-26T22:03:13Z,The Icebrood Saga
9433,Bear Ceremonial Sandals,Armor,Basic,Heavy,2020-05-26T22:03:13Z,The Icebrood Saga
9430,Ice Reaver Axe,Weapon,Basic,,2020-05-27T04:38:24Z,The Icebrood Saga
9396,Ice Reaver Dagger,Weapon,Basic,,2020-05-27T04:41:13Z,The Icebrood Saga
9445,Ice Reaver Warhorn,Weapon,Basic,,2020-05-27T04:46:13Z,The Icebrood Saga
9444,Ice Reaver Short Bow,Weapon,Basic,,2020-05-27T04:46:35Z,The Icebrood Saga
9435,Ice Reaver Greatsword,Weapon,Basic,,2020-05-27T04:47:00Z,The Icebrood Saga
9424,Ice Reaver Torch,Weapon,Basic,,2020-05-27T04:47:38Z,The Icebrood Saga
9423,Ice Reaver Pistol,Weapon,Basic,,2020-05-27T04:48:04Z,The Icebrood Saga
9405,Ice Reaver Focus,Weapon,Basic,,2020-05-27T04:48:31Z,The Icebrood Saga
9393,Ice Reaver Hammer,Weapon,Basic,,2020-05-27T04:49:29Z,The Icebrood Saga
9391,Ice Reaver Rifle,Weapon,Basic,,2020-05-27T04:49:48Z,The Icebrood Saga
9381,Ice Reaver Sword,Weapon,Basic,,2020-05-27T04:50:15Z,The Icebrood Saga
9379,Ice Reaver Scepter,Weapon,Basic,,2020-05-27T04:50:35Z,The Icebrood Saga
9378,Ice Reaver Staff,Weapon,Basic,,2020-05-27T04:50:57Z,The Icebrood Saga
9373,Ice Reaver Mace,Weapon,Basic,,2020-05-27T04:51:18Z,The Icebrood Saga
9372,Ice Reaver Shield,Weapon,Basic,,2020-05-27T04:51:56Z,The Icebrood Saga
9370,Ice Reaver Longbow,Weapon,Basic,,2020-05-27T04:52:37Z,The Icebrood Saga
9388,Stormcaller Pistol,Weapon,Basic,,2020-05-27T11:11:21Z,The Icebrood Saga
9397,Repeating Rifle,Weapon,Basic,,2020-05-27T11:54:33Z,The Icebrood Saga
9426,Stormcaller Shield,Weapon,Basic,,2020-05-27T11:57:00Z,The Icebrood Saga
9438,Stormcaller Staff,Weapon,Basic,,2020-05-27T12:02:59Z,The Icebrood Saga
9440,Stormcaller Sword,Weapon,Basic,,2020-05-27T12:04:44Z,The Icebrood Saga
9418,Stormcaller Dagger,Weapon,Basic,,2020-05-27T12:06:34Z,The Icebrood Saga
9419,Stormcaller Longbow,Weapon,Basic,,2020-05-27T12:09:37Z,The Icebrood Saga
9434,Stormcaller Short Bow,Weapon,Basic,,2020-05-27T12:11:56Z,The Icebrood Saga
9427,Stormcaller Hammer,Weapon,Basic,,2020-05-27T12:13:36Z,The Icebrood Saga
9398,Stormcaller Warhorn,Weapon,Basic,,2020-05-27T12:14:51Z,The Icebrood Saga
9406,Stormcaller Mace,Weapon,Basic,,2020-05-27T12:16:31Z,The Icebrood Saga
9446,Stormcaller Axe,Weapon,Basic,,2020-05-27T12:18:56Z,The Icebrood Saga
9442,Stormcaller Scepter,Weapon,Basic,,2020-05-27T12:20:34Z,The Icebrood Saga
9404,Stormcaller Focus,Weapon,Basic,,2020-05-27T12:22:52Z,The Icebrood Saga
9403,Stormcaller Greatsword,Weapon,Basic,,2020-05-27T12:25:07Z,The Icebrood Saga
9420,Stormcaller Rifle,Weapon,Basic,,2020-05-27T12:28:05Z,The Icebrood Saga
9371,Stormcaller Torch,Weapon,Basic,,2020-05-27T12:29:31Z,The Icebrood Saga
9400,Dragon's Watch Cape,Back,Masterwork,,2020-06-02T17:59:15Z,The Icebrood Saga
9450,Tanglewood Wings Backpack,Back,Basic,,2020-06-12T13:32:13Z,The Icebrood Saga
9468,Imbued Holographic Dawn,Weapon,Basic,,2020-06-23T20:06:01Z,The Icebrood Saga
9459,Imbued Holographic Zap,Weapon,Basic,,2020-06-23T20:07:38Z,The Icebrood Saga
9473,Imbued Holographic Chosen,Weapon,Basic,,2020-06-23T20:09:29Z,The Icebrood Saga
9469,Imbued Holographic Tooth,Weapon,Basic,,2020-06-23T20:11:01Z,The Icebrood Saga
9456,Imbued Holographic Colossus,Weapon,Basic,,2020-06-23T20:11:26Z,The Icebrood Saga
9451,Imbued Holographic Lover,Weapon,Basic,,2020-06-23T20:11:58Z,The Icebrood Saga
9471,Imbued Holographic Legend,Weapon,Basic,,2020-06-23T20:12:29Z,The Icebrood Saga
9470,Imbued Holographic Energizer,Weapon,Basic,,2020-06-23T20:12:53Z,The Icebrood Saga
9467,Imbued Holographic Howl,Weapon,Basic,,2020-06-23T20:13:17Z,The Icebrood Saga
9454,Imbued Holographic Spark,Weapon,Basic,,2020-06-23T20:13:33Z,The Icebrood Saga
9455,Imbued Holographic Flame,Weapon,Basic,,2020-06-23T20:13:56Z,The Icebrood Saga
9461,Imbued Holographic Chaos,Weapon,Basic,,2020-06-23T20:14:14Z,The Icebrood Saga
9453,Imbued Holographic Storm,Weapon,Basic,,2020-06-23T20:14:32Z,The Icebrood Saga
9465,Imbued Holographic Hunter,Weapon,Basic,,2020-06-23T20:14:49Z,The Icebrood Saga
9466,Imbued Holographic Bard,Weapon,Basic,,2020-06-23T20:15:08Z,The Icebrood Saga
9463,Imbued Holographic Leaf,Weapon,Basic,,2020-06-23T20:15:25Z,The Icebrood Saga
9462,Wyrm's Breath Cape,Back,Masterwork,,2020-06-24T00:14:28Z,The Icebrood Saga
8506,Racing Goggles,Armor,Basic,Light,2020-06-28T01:50:20Z,The Icebrood Saga
8510,Racing Goggles,Armor,Basic,Medium,2020-06-28T01:50:20Z,The Icebrood Saga
8514,Racing Goggles,Armor,Basic,Heavy,2020-06-28T01:50:20Z,The Icebrood Saga
8512,Racing Helmet,Armor,Basic,Light,2020-06-28T01:51:26Z,The Icebrood Saga
8513,Racing Helmet,Armor,Basic,Medium,2020-06-28T01:51:26Z,The Icebrood Saga
8515,Racing Helmet,Armor,Basic,Heavy,2020-06-28T01:51:26Z,The Icebrood Saga
9474,Spellforged Backpack,Back,Basic,,2020-07-07T17:08:46Z,The Icebrood Saga
9476,Wolfheart Sword,Weapon,Basic,,2020-07-22T11:34:53Z,The Icebrood Saga
9477,Wolfheart Shield,Weapon,Basic,,2020-07-22T11:37:04Z,The Icebrood Saga
9514,Eternal Forged Hammer,Weapon,Basic,,2020-07-28T18:54:50Z,The Icebrood Saga
9486,Eternal Forged Focus,Weapon,Basic,,2020-07-28T18:56:08Z,The Icebrood Saga
9493,Eternal Forged Short Bow,Weapon,Basic,,2020-07-28T18:56:51Z,The Icebrood Saga
9491,Eternal Forged Shield,Weapon,Basic,,2020-07-28T18:57:45Z,The Icebrood Saga
9495,Eternal Forged Longbow,Weapon,Basic,,2020-07-28T18:58:28Z,The Icebrood Saga
9535,Eternal Forged Pistol,Weapon,Basic,,2020-07-28T18:59:04Z,The Icebrood Saga
9497,Eternal Forged Sword,Weapon,Basic,,2020-07-28T18:59:45Z,The Icebrood Saga
9507,Eternal Forged Torch,Weapon,Basic,,2020-07-28T19:00:24Z,The Icebrood Saga
9487,Eternal Forged Rifle,Weapon,Basic,,2020-07-28T19:01:02Z,The Icebrood Saga
9504,Eternal Forged Axe,Weapon,Basic,,2020-07-28T19:01:36Z,The Icebrood Saga
9520,Eternal Forged Warhorn,Weapon,Basic,,2020-07-28T19:02:16Z,The Icebrood Saga
9521,Eternal Forged Greatsword,Weapon,Basic,,2020-07-28T19:02:54Z,The Icebrood Saga
9515,Eternal Forged Staff,Weapon,Basic,,2020-07-28T19:03:32Z,The Icebrood Saga
9531,Eternal Forged Mace,Weapon,Basic,,2020-07-28T19:04:07Z,The Icebrood Saga
9509,Eternal Forged Scepter,Weapon,Basic,,2020-07-28T19:04:46Z,The Icebrood Saga
9496,Eternal Forged Dagger,Weapon,Basic,,2020-07-28T19:05:25Z,The Icebrood Saga
9505,Ash Dominion Pistol,Weapon,Basic,,2020-07-28T19:29:25Z,The Icebrood Saga
9522,Frost Dominion Mace,Weapon,Basic,,2020-07-28T19:30:26Z,The Icebrood Saga
9508,Charged Stormcaller Sword,Weapon,Basic,,2020-07-28T19:32:48Z,The Icebrood Saga
9479,Flame Dominion Torch,Weapon,Basic,,2020-07-28T19:37:40Z,The Icebrood Saga
9480,Blood Dominion Greatsword,Weapon,Basic,,2020-07-28T19:38:54Z,The Icebrood Saga
9494,Iron Dominion Rifle,Weapon,Basic,,2020-07-28T19:40:19Z,The Icebrood Saga
9511,Charged Stormcaller Staff,Weapon,Basic,,2020-07-28T19:42:09Z,The Icebrood Saga
9481,Vermilion Wings Backpack,Back,Basic,,2020-07-28T19:43:46Z,The Icebrood Saga
9488,Charged Stormcaller Axe,Weapon,Basic,,2020-07-28T19:44:12Z,The Icebrood Saga
9513,Charged Stormcaller Focus,Weapon,Basic,,2020-07-28T19:45:59Z,The Icebrood Saga
9489,Charged Stormcaller Dagger,Weapon,Basic,,2020-07-28T19:47:34Z,The Icebrood Saga
9506,Charged Stormcaller Greatsword,Weapon,Basic,,2020-07-28T19:52:34Z,The Icebrood Saga
9499,Charged Stormcaller Torch,Weapon,Basic,,2020-07-28T19:57:04Z,The Icebrood Saga
9485,Charged Stormcaller Short Bow,Weapon,Basic,,2020-07-28T20:37:29Z,The Icebrood Saga
9517,Charged Stormcaller Scepter,Weapon,Basic,,2020-07-28T20:38:59Z,The Icebrood Saga
9533,Charged Stormcaller Shield,Weapon,Basic,,2020-07-28T21:41:16Z,The Icebrood Saga
9512,Charged Stormcaller Pistol,Weapon,Basic,,2020-07-29T09:20:53Z,The Icebrood Saga
9534,Charged Stormcaller Rifle,Weapon,Basic,,2020-07-29T09:30:09Z,The Icebrood Saga
9510,Charged Stormcaller Warhorn,Weapon,Basic,,2020-07-29T09:38:17Z,The Icebrood Saga
9516,Charged Stormcaller Longbow,Weapon,Basic,,2020-07-29T10:35:10Z,The Icebrood Saga
9536,Charged Stormcaller Hammer,Weapon,Basic,,2020-07-29T11:13:10Z,The Icebrood Saga
9527,Charged Stormcaller Mace,Weapon,Basic,,2020-07-29T11:31:11Z,The Icebrood Saga
9483,Ice Reaver Cape,Back,Masterwork,,2020-08-04T16:48:38Z,The Icebrood Saga
9537,Sun-Blessed Zephyrite Focus,Weapon,Basic,,2020-08-11T17:19:20Z,The Icebrood Saga
9552,Sun-Blessed Zephyrite Mace,Weapon,Basic,,2020-08-11T17:20:10Z,The Icebrood Saga
9553,Thunderhorse Staff,Weapon,Basic,,2020-08-11T17:33:00Z,The Icebrood Saga
8870,Zephyrite Greatsword,Weapon,Basic,,2020-08-11T18:13:44Z,The Icebrood Saga
8874,Zephyrite Hammer,Weapon,Basic,,2020-08-11T18:16:08Z,The Icebrood Saga
8856,Zephyrite Scepter,Weapon,Basic,,2020-08-11T18:16:43Z,The Icebrood Saga
9542,Sun-Blessed Zephyrite Dagger,Weapon,Basic,,2020-08-11T18:25:34Z,The Icebrood Saga
9543,Sun-Blessed Zephyrite Staff,Weapon,Basic,,2020-08-11T18:26:15Z,The Icebrood Saga
9556,Sun-Blessed Zephyrite Pistol,Weapon,Basic,,2020-08-11T18:36:50Z,The Icebrood Saga
9558,Sun-Blessed Zephyrite Axe,Weapon,Basic,,2020-08-11T18:37:41Z,The Icebrood Saga
9550,Sun-Blessed Zephyrite Longbow,Weapon,Basic,,2020-08-11T18:38:57Z,The Icebrood Saga
9549,Sun-Blessed Zephyrite Sword,Weapon,Basic,,2020-08-11T18:39:40Z,The Icebrood Saga
9545,Sun-Blessed Zephyrite Rifle,Weapon,Basic,,2020-08-11T18:40:31Z,The Icebrood Saga
9540,Sun-Blessed Zephyrite Shield,Weapon,Basic,,2020-08-11T18:42:42Z,The Icebrood Saga
9557,Sun-Blessed Zephyrite Hammer,Weapon,Basic,,2020-08-11T18:47:26Z,The Icebrood Saga
9547,Sun-Blessed Zephyrite Greatsword,Weapon,Basic,,2020-08-11T18:48:08Z,The Icebrood Saga
9544,Sun-Blessed Vision,Armor,Basic,Light,2020-08-11T19:00:36Z,The Icebrood Saga
9546,Sun-Blessed Vision,Armor,Basic,Medium,2020-08-11T19:00:36Z,The Icebrood Saga
9555,Sun-Blessed Vision,Armor,Basic,Heavy,2020-08-11T19:00:36Z,The Icebrood Saga
9541,Sun-Blessed Zephyrite Scepter,Weapon,Basic,,2020-08-11T20:01:51Z,The Icebrood Saga
9577,Ebon Vanguard Elite Shoulders Skin,Armor,Basic,Medium,2020-08-25T23:00:08Z,The Icebrood Saga
9580,Ebon Vanguard Elite Shoulders Skin,Armor,Basic,Light,2020-08-25T23:00:08Z,The Icebrood Saga
9581,Ebon Vanguard Elite Shoulders Skin,Armor,Basic,Heavy,2020-08-25T23:00:08Z,The Icebrood Saga
9560,Lorekeeper Rifle,Weapon,Basic,,2020-08-25T23:05:40Z,The Icebrood Saga
9561,Lorekeeper Hammer,Weapon,Basic,,2020-08-25T23:10:52Z,The Icebrood Saga
9563,Lorekeeper Dagger,Weapon,Basic,,2020-08-25T23:11:03Z,The Icebrood Saga
9572,Lorekeeper Longbow,Weapon,Basic,,2020-08-25T23:11:12Z,The Icebrood Saga
9579,Lorekeeper Greatsword,Weapon,Basic,,2020-08-25T23:11:27Z,The Icebrood Saga
9585,Lorekeeper Torch,Weapon,Basic,,2020-08-25T23:11:31Z,The Icebrood Saga
9566,Lorekeeper Mace,Weapon,Basic,,2020-08-25T23:11:39Z,The Icebrood Saga
9565,Lorekeeper Axe,Weapon,Basic,,2020-08-25T23:11:47Z,The Icebrood Saga
9576,Lorekeeper Short Bow,Weapon,Basic,,2020-08-25T23:11:54Z,The Icebrood Saga
9573,Lorekeeper Shield,Weapon,Basic,,2020-08-25T23:12:00Z,The Icebrood Saga
9571,Lorekeeper Scepter,Weapon,Basic,,2020-08-25T23:12:06Z,The Icebrood Saga
9583,Lorekeeper Warhorn,Weapon,Basic,,2020-08-25T23:12:11Z,The Icebrood Saga
9569,Lorekeeper Pistol,Weapon,Basic,,2020-08-25T23:12:15Z,The Icebrood Saga
9564,Lorekeeper Focus,Weapon,Basic,,2020-08-25T23:12:24Z,The Icebrood Saga
9568,Lorekeeper Staff,Weapon,Basic,,2020-08-25T23:12:27Z,The Icebrood Saga
9584,Lorekeeper Sword,Weapon,Basic,,2020-08-25T23:21:09Z,The Icebrood Saga
9570,Immortal Light Halo,Armor,Basic,Heavy,2020-09-01T16:24:03Z,The Icebrood Saga
9574,Immortal Light Halo,Armor,Basic,Light,2020-09-01T16:24:03Z,The Icebrood Saga
9575,Immortal Light Halo,Armor,Basic,Medium,2020-09-01T16:24:03Z,The Icebrood Saga
9578,Immortal Fire Halo,Armor,Basic,Light,2020-09-01T16:30:17Z,The Icebrood Saga
9582,Immortal Fire Halo,Armor,Basic,Medium,2020-09-01T16:30:17Z,The Icebrood Saga
9586,Immortal Fire Halo,Armor,Basic,Heavy,2020-09-01T16:30:17Z,The Icebrood Saga
9596,Cerulean Wand,Weapon,Basic,,2020-09-15T17:08:48Z,The Icebrood Saga
9594,Aurous Wand,Weapon,Basic,,2020-09-15T17:09:52Z,The Icebrood Saga
9597,Dark Matter Cape,Back,Masterwork,,2020-09-15T17:34:24Z,The Icebrood Saga
9588,Abyssal Fractal Mace,Weapon,Basic,,2020-09-15T19:15:47Z,The Icebrood Saga
9610,Abyssal Fractal Sword,Weapon,Basic,,2020-09-15T20:01:24Z,The Icebrood Saga
9609,Abyssal Fractal Dagger,Weapon,Basic,,2020-09-15T20:10:15Z,The Icebrood Saga
9593,Abyssal Fractal Short Bow,Weapon,Basic,,2020-09-15T20:11:15Z,The Icebrood Saga
9605,Abyssal Fractal Hammer,Weapon,Basic,,2020-09-15T20:12:40Z,The Icebrood Saga
9599,Abyssal Fractal Speargun,Weapon,Basic,,2020-09-15T20:21:49Z,The Icebrood Saga
9601,Abyssal Fractal Harpoon,Weapon,Basic,,2020-09-15T20:23:41Z,The Icebrood Saga
9604,Abyssal Fractal Focus,Weapon,Basic,,2020-09-15T20:24:55Z,The Icebrood Saga
9598,Abyssal Fractal Greatsword,Weapon,Basic,,2020-09-15T20:27:24Z,The Icebrood Saga
9595,Abyssal Fractal Longbow,Weapon,Basic,,2020-09-15T20:28:31Z,The Icebrood Saga
9592,Abyssal Fractal Pistol,Weapon,Basic,,2020-09-15T20:29:15Z,The Icebrood Saga
9606,Abyssal Fractal Trident,Weapon,Basic,,2020-09-15T20:32:42Z,The Icebrood Saga
9611,Abyssal Fractal Shield,Weapon,Basic,,2020-09-15T20:34:09Z,The Icebrood Saga
9607,Abyssal Fractal Axe,Weapon,Basic,,2020-09-15T20:34:49Z,The Icebrood Saga
9589,Abyssal Fractal Staff,Weapon,Basic,,2020-09-15T20:40:28Z,The Icebrood Saga
9603,Abyssal Fractal Torch,Weapon,Basic,,2020-09-15T20:41:04Z,The Icebrood Saga
9612,Abyssal Fractal Warhorn,Weapon,Basic,,2020-09-15T20:41:56Z,The Icebrood Saga
9587,Abyssal Fractal Scepter,Weapon,Basic,,2020-09-15T20:43:17Z,The Icebrood Saga
9600,Abyssal Fractal Rifle,Weapon,Basic,,2020-09-15T20:44:25Z,The Icebrood Saga
9590,Celestial Ministry Cape,Back,Masterwork,,2020-09-22T16:32:16Z,The Icebrood Saga
9617,Stained Glass Wings Backpack,Back,Basic,,2020-09-29T23:04:16Z,The Icebrood Saga
9613,Cat-Ear Hood,Armor,Basic,Heavy,2020-10-06T16:54:19Z,The Icebrood Saga
9614,Cat-Ear Hood,Armor,Basic,Light,2020-10-06T16:54:19Z,The Icebrood Saga
9616,Cat-Ear Hood,Armor,Basic,Medium,2020-10-06T16:54:19Z,The Icebrood Saga
9615,Tiger Insignia Axe,Weapon,Basic,,2020-10-06T17:00:21Z,The Icebrood Saga
9635,Dark Matter Axe,Weapon,Basic,,2020-10-13T17:07:48Z,The Icebrood Saga
9627,Dark Matter Shield,Weapon,Basic,,2020-10-13T17:10:16Z,The Icebrood Saga
9636,Dark Matter Mace,Weapon,Basic,,2020-10-13T17:11:27Z,The Icebrood Saga
9623,Dark Matter Rifle,Weapon,Basic,,2020-10-13T17:12:37Z,The Icebrood Saga
9643,Dark Matter Longbow,Weapon,Basic,,2020-10-13T17:13:24Z,The Icebrood Saga
9630,Dark Matter Hammer,Weapon,Basic,,2020-10-13T17:14:48Z,The Icebrood Saga
9637,Dark Matter Scepter,Weapon,Basic,,2020-10-13T17:15:48Z,The Icebrood Saga
9646,Dark Matter Sword,Weapon,Basic,,2020-10-13T17:16:57Z,The Icebrood Saga
9653,Dark Matter Pistol,Weapon,Basic,,2020-10-13T17:18:22Z,The Icebrood Saga
9625,Dark Matter Warhorn,Weapon,Basic,,2020-10-13T17:19:25Z,The Icebrood Saga
9634,Dark Matter Staff,Weapon,Basic,,2020-10-13T17:20:44Z,The Icebrood Saga
9629,Dark Matter Dagger,Weapon,Basic,,2020-10-13T17:21:59Z,The Icebrood Saga
9621,Dark Matter Torch,Weapon,Basic,,2020-10-13T17:22:53Z,The Icebrood Saga
9645,Dark Matter Greatsword,Weapon,Basic,,2020-10-13T17:23:59Z,The Icebrood Saga
9618,Dark Matter Short Bow,Weapon,Basic,,2020-10-13T17:24:46Z,The Icebrood Saga
9624,Dark Matter Focus,Weapon,Basic,,2020-10-13T17:26:03Z,The Icebrood Saga
9638,Lunatic Court Cape,Back,Basic,,2020-10-13T18:24:30Z,The Icebrood Saga
9633,Demon-Haunted Staff,Weapon,Basic,,2020-10-13T18:48:26Z,The Icebrood Saga
9628,Demon-Haunted Longbow,Weapon,Basic,,2020-10-13T19:16:52Z,The Icebrood Saga
9626,Demon-Haunted Axe,Weapon,Basic,,2020-10-13T19:17:00Z,The Icebrood Saga
9652,Demon-Haunted Short Bow,Weapon,Basic,,2020-10-13T19:18:05Z,The Icebrood Saga
9632,Demon-Haunted Sword,Weapon,Basic,,2020-10-13T19:18:57Z,The Icebrood Saga
9650,Demon-Haunted Pistol,Weapon,Basic,,2020-10-13T19:20:36Z,The Icebrood Saga
9644,Demon-Haunted Warhorn,Weapon,Basic,,2020-10-13T19:22:14Z,The Icebrood Saga
9648,Demon-Haunted Focus,Weapon,Basic,,2020-10-13T19:22:56Z,The Icebrood Saga
9647,Demon-Haunted Scepter,Weapon,Basic,,2020-10-13T19:23:35Z,The Icebrood Saga
9639,Demon-Haunted Rifle,Weapon,Basic,,2020-10-13T19:24:16Z,The Icebrood Saga
9622,Demon-Haunted Mace,Weapon,Basic,,2020-10-13T19:24:52Z,The Icebrood Saga
9642,Demon-Haunted Hammer,Weapon,Basic,,2020-10-13T19:25:33Z,The Icebrood Saga
9620,Demon-Haunted Shield,Weapon,Basic,,2020-10-13T19:26:08Z,The Icebrood Saga
9619,Demon-Haunted Greatsword,Weapon,Basic,,2020-10-13T19:26:43Z,The Icebrood Saga
9631,Demon-Haunted Torch,Weapon,Basic,,2020-10-13T19:28:23Z,The Icebrood Saga
9641,Demon-Haunted Dagger,Weapon,Basic,,2020-10-13T19:29:19Z,The Icebrood Saga
9640,Bat Wings Headpiece,Armor,Basic,Light,2020-10-20T17:08:07Z,The Icebrood Saga
9649,Bat Wings Headpiece,Armor,Basic,Heavy,2020-10-20T17:08:07Z,The Icebrood Saga
9651,Bat Wings Headpiece,Armor,Basic,Medium,2020-10-20T17:08:07Z,The Icebrood Saga
9656,Nightspeaker Greatsword,Weapon,Basic,,2020-11-03T22:22:30Z,The Icebrood Saga
9659,Nightspeaker Wings Backpack,Back,Basic,,2020-11-03T22:24:35Z,The Icebrood Saga
9655,Ice Reaver Gauntlets,Armor,Basic,Light,2020-11-10T20:41:28Z,The Icebrood Saga
9657,Ice Reaver Gauntlets,Armor,Basic,Medium,2020-11-10T20:41:28Z,The Icebrood Saga
9660,Ice Reaver Gauntlets,Armor,Basic,Heavy,2020-11-10T20:41:28Z,The Icebrood Saga
9713,Crystal Bloom Axe,Weapon,Basic,,2020-11-17T19:13:27Z,The Icebrood Saga
9672,Volcanic Stormcaller Longbow,Weapon,Basic,,2020-11-17T21:05:45Z,The Icebrood Saga
9679,Volcanic Stormcaller Sword,Weapon,Basic,,2020-11-17T21:07:32Z,The Icebrood Saga
9689,Volcanic Stormcaller Hammer,Weapon,Basic,,2020-11-17T21:08:17Z,The Icebrood Saga
9700,Volcanic Stormcaller Short Bow,Weapon,Basic,,2020-11-17T21:09:15Z,The Icebrood Saga
9664,Volcanic Stormcaller Axe,Weapon,Basic,,2020-11-17T21:10:05Z,The Icebrood Saga
9710,Volcanic Stormcaller Dagger,Weapon,Basic,,2020-11-17T21:10:55Z,The Icebrood Saga
9678,Volcanic Stormcaller Greatsword,Weapon,Basic,,2020-11-17T21:11:44Z,The Icebrood Saga
9697,Volcanic Stormcaller Mace,Weapon,Basic,,2020-11-17T21:12:27Z,The Icebrood Saga
9691,Volcanic Stormcaller Pistol,Weapon,Basic,,2020-11-17T21:13:29Z,The Icebrood Saga
9668,Volcanic Stormcaller Rifle,Weapon,Basic,,2020-11-17T21:15:12Z,The Icebrood Saga
9687,Volcanic Stormcaller Scepter,Weapon,Basic,,2020-11-17T21:15:51Z,The Icebrood Saga
9712,Volcanic Stormcaller Staff,Weapon,Basic,,2020-11-17T21:16:37Z,The Icebrood Saga
9677,Volcanic Stormcaller Focus,Weapon,Basic,,2020-11-17T21:17:21Z,The Icebrood Saga
9685,Volcanic Stormcaller Torch,Weapon,Basic,,2020-11-17T21:17:53Z,The Icebrood Saga
9666,Volcanic Stormcaller Warhorn,Weapon,Basic,,2020-11-17T21:18:28Z,The Icebrood Saga
9693,Volcanic Stormcaller Shield,Weapon,Basic,,2020-11-17T21:19:06Z,The Icebrood Saga
9701,Vermilion Blaze Greatsword,Weapon,Basic,,2020-11-17T23:31:05Z,The Icebrood Saga
9665,Dragon Slayer Axe,Weapon,Basic,,2020-11-17T23:42:48Z,The Icebrood Saga
9705,Dragon Slayer Dagger,Weapon,Basic,,2020-11-18T00:05:36Z,The Icebrood Saga
9694,Dragon Slayer Longbow,Weapon,Basic,,2020-11-18T00:08:01Z,The Icebrood Saga
9661,Dragon Slayer Mace,Weapon,Basic,,2020-11-18T00:08:33Z,The Icebrood Saga
9690,Dragon Slayer Torch,Weapon,Basic,,2020-11-18T00:10:13Z,The Icebrood Saga
9663,Dragon Slayer Focus,Weapon,Basic,,2020-11-18T00:11:56Z,The Icebrood Saga
9673,Dragon Slayer Short Bow,Weapon,Basic,,2020-11-18T00:12:21Z,The Icebrood Saga
9688,Dragon Slayer Staff,Weapon,Basic,,2020-11-18T00:12:44Z,The Icebrood Saga
9670,Dragon Slayer Shield,Weapon,Basic,,2020-11-18T00:13:04Z,The Icebrood Saga
9704,Dragon Slayer Pistol,Weapon,Basic,,2020-11-18T00:13:40Z,The Icebrood Saga
9662,Dragon Slayer Sword,Weapon,Basic,,2020-11-18T00:14:04Z,The Icebrood Saga
9681,Dragon Slayer Rifle,Weapon,Basic,,2020-11-18T00:14:26Z,The Icebrood Saga
9680,Dragon Slayer Scepter,Weapon,Basic,,2020-11-18T00:18:38Z,The Icebrood Saga
9708,Dragon Slayer Warhorn,Weapon,Basic,,2020-11-18T00:19:11Z,The Icebrood Saga
9715,Dragon Slayer Greatsword,Weapon,Basic,,2020-11-18T00:19:26Z,The Icebrood Saga
9698,Dragon Slayer Hammer,Weapon,Basic,,2020-11-18T00:19:53Z,The Icebrood Saga
9717,Herald of Aurene Cape,Back,Masterwork,,2020-12-01T18:06:30Z,The Icebrood Saga
9721,Spirit of Raven Harvesting Tool,Gathering,Basic,,2020-12-08T18:06:45Z,The Icebrood Saga
9718,Spirit of Wolf Logging Tool,Gathering,Basic,,2020-12-08T18:08:29Z,The Icebrood Saga
9720,Spirit of Bear Mining Tool,Gathering,Basic,,2020-12-08T18:10:40Z,The Icebrood Saga
9760,Shimmering Aurora Greatsword,Weapon,Basic,,2020-12-15T18:49:19Z,The Icebrood Saga
9781,Shimmering Aurora Hammer,Weapon,Basic,,2020-12-15T18:55:22Z,The Icebrood Saga
9784,Shimmering Aurora Mace,Weapon,Basic,,2020-12-15T18:56:06Z,The Icebrood Saga
9759,Shimmering Aurora Longbow,Weapon,Basic,,2020-12-15T18:56:35Z,The Icebrood Saga
9783,Shimmering Aurora Sword,Weapon,Basic,,2020-12-15T18:56:59Z,The Icebrood Saga
9746,Shimmering Aurora Pistol,Weapon,Basic,,2020-12-15T18:57:28Z,The Icebrood Saga
9744,Shimmering Aurora Short Bow,Weapon,Basic,,2020-12-15T18:57:53Z,The Icebrood Saga
9737,Shimmering Aurora Staff,Weapon,Basic,,2020-12-15T18:58:12Z,The Icebrood Saga
9723,Shimmering Aurora Focus,Weapon,Basic,,2020-12-15T18:58:35Z,The Icebrood Saga
9774,Shimmering Aurora Dagger,Weapon,Basic,,2020-12-15T18:58:56Z,The Icebrood Saga
9785,Shimmering Aurora Warhorn,Weapon,Basic,,2020-12-15T18:59:27Z,The Icebrood Saga
9724,Shimmering Aurora Shield,Weapon,Basic,,2020-12-15T18:59:50Z,The Icebrood Saga
9776,Shimmering Aurora Scepter,Weapon,Basic,,2020-12-15T19:00:19Z,The Icebrood Saga
9775,Shimmering Aurora Torch,Weapon,Basic,,2020-12-15T19:00:43Z,The Icebrood Saga
9756,Shimmering Aurora Axe,Weapon,Basic,,2020-12-15T19:01:06Z,The Icebrood Saga
9743,Shimmering Aurora Rifle,Weapon,Basic,,2020-12-15T19:02:10Z,The Icebrood Saga
9770,Sparkling Wrapped Hammer,Weapon,Basic,,2020-12-15T19:11:23Z,The Icebrood Saga
9734,Sparkling Wrapped Dagger,Weapon,Basic,,2020-12-15T19:12:19Z,The Icebrood Saga
9778,Sparkling Wrapped Short Bow,Weapon,Basic,,2020-12-15T19:12:45Z,The Icebrood Saga
9753,Sparkling Wrapped Mace,Weapon,Basic,,2020-12-15T19:13:06Z,The Icebrood Saga
9771,Sparkling Wrapped Axe,Weapon,Basic,,2020-12-15T19:13:21Z,The Icebrood Saga
9761,Sparkling Wrapped Focus,Weapon,Basic,,2020-12-15T19:13:38Z,The Icebrood Saga
9745,Sparkling Wrapped Rifle,Weapon,Basic,,2020-12-15T19:13:55Z,The Icebrood Saga
9773,Sparkling Wrapped Sword,Weapon,Basic,,2020-12-15T19:14:11Z,The Icebrood Saga
9782,Sparkling Wrapped Staff,Weapon,Basic,,2020-12-15T19:14:35Z,The Icebrood Saga
9730,Sparkling Wrapped Warhorn,Weapon,Basic,,2020-12-15T19:14:53Z,The Icebrood Saga
9787,Sparkling Wrapped Shield,Weapon,Basic,,2020-12-15T19:15:10Z,The Icebrood Saga
9788,Sparkling Wrapped Torch,Weapon,Basic,,2020-12-15T19:15:27Z,The Icebrood Saga
9755,Sparkling Wrapped Pistol,Weapon,Basic,,2020-12-15T19:15:42Z,The Icebrood Saga
9736,Sparkling Wrapped Scepter,Weapon,Basic,,2020-12-15T19:15:57Z,The Icebrood Saga
9752,Sparkling Wrapped Longbow,Weapon,Basic,,2020-12-15T19:16:13Z,The Icebrood Saga
9739,Sparkling Wrapped Greatsword,Weapon,Basic,,2020-12-15T19:16:34Z,The Icebrood Saga
9786,Wintergreen Warhorn,Weapon,Basic,,2020-12-15T19:59:27Z,The Icebrood Saga
9729,Wintergreen Focus,Weapon,Basic,,2020-12-15T20:19:27Z,The Icebrood Saga
9767,Wintergreen Staff,Weapon,Basic,,2020-12-15T20:19:47Z,The Icebrood Saga
9740,Wintergreen Longbow,Weapon,Basic,,2020-12-15T20:19:54Z,The Icebrood Saga
9764,Wintergreen Shield,Weapon,Basic,,2020-12-15T20:20:01Z,The Icebrood Saga
9772,Wintergreen Hammer,Weapon,Basic,,2020-12-15T20:20:08Z,The Icebrood Saga
9726,Wintergreen Torch,Weapon,Basic,,2020-12-15T20:20:15Z,The Icebrood Saga
9777,Wintergreen Rifle,Weapon,Basic,,2020-12-15T20:20:24Z,The Icebrood Saga
9750,Wintergreen Greatsword,Weapon,Basic,,2020-12-15T20:20:36Z,The Icebrood Saga
9780,Wintergreen Mace,Weapon,Basic,,2020-12-15T20:21:11Z,The Icebrood Saga
9728,Wintergreen Short Bow,Weapon,Basic,,2020-12-15T20:21:15Z,The Icebrood Saga
9749,Wintergreen Axe,Weapon,Basic,,2020-12-15T20:21:17Z,The Icebrood Saga
9731,Festive Winter Hood,Armor,Basic,Heavy,2020-12-15T20:33:18Z,The Icebrood Saga
9742,Festive Winter Hood,Armor,Basic,Medium,2020-12-15T20:33:18Z,The Icebrood Saga
9765,Festive Winter Hood,Armor,Basic,Light,2020-12-15T20:33:18Z,The Icebrood Saga
9735,Candy Cane Axe,Weapon,Basic,,2020-12-15T21:20:45Z,The Icebrood Saga
9751,Candy Cane Greatsword,Weapon,Basic,,2020-12-15T21:22:07Z,The Icebrood Saga
9727,Candy Cane Warhorn,Weapon,Basic,,2020-12-15T21:22:13Z,The Icebrood Saga
9763,Candy Cane Shield,Weapon,Basic,,2020-12-15T21:22:55Z,The Icebrood Saga
9738,Candy Cane Torch,Weapon,Basic,,2020-12-15T21:23:23Z,The Icebrood Saga
9768,Candy Cane Mace,Weapon,Basic,,2020-12-15T21:23:43Z,The Icebrood Saga
9758,Candy Cane Focus,Weapon,Basic,,2020-12-15T21:24:03Z,The Icebrood Saga
9725,Candy Cane Longbow,Weapon,Basic,,2020-12-15T21:24:22Z,The Icebrood Saga
9747,Candy Cane Hammer,Weapon,Basic,,2020-12-15T21:24:43Z,The Icebrood Saga
9766,Candy Cane Short Bow,Weapon,Basic,,2020-12-15T21:25:01Z,The Icebrood Saga
9762,Candy Cane Staff,Weapon,Basic,,2020-12-15T21:25:20Z,The Icebrood Saga
9754,Candy Cane Rifle,Weapon,Basic,,2020-12-15T21:25:47Z,The Icebrood Saga
9732,Shimmering Aurora Cape,Back,Basic,,2020-12-15T22:03:46Z,The Icebrood Saga
9741,Shrine Guardian Short Bow,Weapon,Basic,,2020-12-22T17:05:18Z,The Icebrood Saga
9748,Shrine Guardian Longbow,Weapon,Basic,,2020-12-22T17:06:27Z,The Icebrood Saga
9769,Shrine Guardian Backpack,Back,Basic,,2020-12-22T17:10:40Z,The Icebrood Saga
9733,Stylish Shoes,Armor,Basic,Medium,2020-12-29T17:43:54Z,The Icebrood Saga
9757,Stylish Shoes,Armor,Basic,Heavy,2020-12-29T17:43:54Z,The Icebrood Saga
9779,Stylish Shoes,Armor,Basic,Light,2020-12-29T17:43:54Z,The Icebrood Saga
9791,Dragon Spirit Focus,Weapon,Basic,,2021-01-12T17:11:40Z,The Icebrood Saga
9812,Azure Dragon Slayer Axe,Weapon,Basic,,2021-01-20T01:58:42Z,The Icebrood Saga
9811,Azure Dragon Slayer Dagger,Weapon,Basic,,2021-01-20T02:04:51Z,The Icebrood Saga
9819,Azure Dragon Slayer Focus,Weapon,Basic,,2021-01-20T16:18:07Z,The Icebrood Saga
9826,Azure Dragon Slayer Greatsword,Weapon,Basic,,2021-01-20T16:18:15Z,The Icebrood Saga
9827,Azure Dragon Slayer Hammer,Weapon,Basic,,2021-01-20T16:18:21Z,The Icebrood Saga
9805,Azure Dragon Slayer Longbow,Weapon,Basic,,2021-01-20T16:18:28Z,The Icebrood Saga
9814,Azure Dragon Slayer Mace,Weapon,Basic,,2021-01-20T16:18:38Z,The Icebrood Saga
9813,Azure Dragon Slayer Pistol,Weapon,Basic,,2021-01-20T16:18:47Z,The Icebrood Saga
9822,Azure Dragon Slayer Rifle,Weapon,Basic,,2021-01-20T16:21:06Z,The Icebrood Saga
9798,Azure Dragon Slayer Scepter,Weapon,Basic,,2021-01-20T16:21:11Z,The Icebrood Saga
9797,Azure Dragon Slayer Shield,Weapon,Basic,,2021-01-20T16:21:15Z,The Icebrood Saga
9808,Azure Dragon Slayer Short Bow,Weapon,Basic,,2021-01-20T16:21:20Z,The Icebrood Saga
9818,Azure Dragon Slayer Staff,Weapon,Basic,,2021-01-20T16:21:24Z,The Icebrood Saga
9802,Azure Dragon Slayer Sword,Weapon,Basic,,2021-01-20T16:21:31Z,The Icebrood Saga
9801,Azure Dragon Slayer Torch,Weapon,Basic,,2021-01-20T16:21:40Z,The Icebrood Saga
9799,Azure Dragon Slayer Warhorn,Weapon,Basic,,2021-01-20T16:21:46Z,The Icebrood Saga
9824,Crimson Dragon Slayer Axe,Weapon,Basic,,2021-01-20T16:27:23Z,The Icebrood Saga
9803,Crimson Dragon Slayer Dagger,Weapon,Basic,,2021-01-20T16:27:31Z,The Icebrood Saga
9829,Crimson Dragon Slayer Focus,Weapon,Basic,,2021-01-20T16:27:43Z,The Icebrood Saga
9821,Crimson Dragon Slayer Greatsword,Weapon,Basic,,2021-01-20T16:27:50Z,The Icebrood Saga
9807,Crimson Dragon Slayer Hammer,Weapon,Basic,,2021-01-20T16:27:55Z,The Icebrood Saga
9816,Crimson Dragon Slayer Longbow,Weapon,Basic,,2021-01-20T16:28:32Z,The Icebrood Saga
9804,Crimson Dragon Slayer Mace,Weapon,Basic,,2021-01-20T16:28:36Z,The Icebrood Saga
9828,Crimson Dragon Slayer Pistol,Weapon,Basic,,2021-01-20T16:28:47Z,The Icebrood Saga
9809,Crimson Dragon Slayer Rifle,Weapon,Basic,,2021-01-20T16:28:49Z,The Icebrood Saga
9810,Crimson Dragon Slayer Scepter,Weapon,Basic,,2021-01-20T16:29:22Z,The Icebrood Saga
9795,Crimson Dragon Slayer Shield,Weapon,Basic,,2021-01-20T16:29:26Z,The Icebrood Saga
9815,Crimson Dragon Slayer Short Bow,Weapon,Basic,,2021-01-20T16:30:29Z,The Icebrood Saga
9793,Crimson Dragon Slayer Staff,Weapon,Basic,,2021-01-20T16:30:34Z,The Icebrood Saga
9830,Crimson Dragon Slayer Sword,Weapon,Basic,,2021-01-20T16:30:38Z,The Icebrood Saga
9825,Crimson Dragon Slayer Torch,Weapon,Basic,,2021-01-20T16:30:43Z,The Icebrood Saga
9806,Crimson Dragon Slayer Warhorn,Weapon,Basic,,2021-01-20T16:30:51Z,The Icebrood Saga
9838,Lucky Great Ox Lantern,Back,Exotic,,2021-02-02T21:16:09Z,The Icebrood Saga
9883,Lucky Ox Lantern,Back,Rare,,2021-02-02T22:33:48Z,The Icebrood Saga
9876,Lunar-Enchanted Feathered Gloves,Armor,Basic,Light,2021-02-02T22:45:58Z,The Icebrood Saga
9880,Lunar-Enchanted Prowler Gloves,Armor,Basic,Medium,2021-02-02T22:46:34Z,The Icebrood Saga
9845,Lunar-Enchanted Scale Gloves,Armor,Basic,Heavy,2021-02-02T22:46:57Z,The Icebrood Saga
9855,Refitted Aureate Dirk,Weapon,Basic,,2021-02-03T02:21:46Z,The Icebrood Saga
9837,Refitted Aureate Highlander Greatsword,Weapon,Basic,,2021-02-03T02:22:16Z,The Icebrood Saga
9882,Refitted Aureate Staff,Weapon,Basic,,2021-02-03T02:22:33Z,The Icebrood Saga
9858,Refitted Aureate Rinblade,Weapon,Basic,,2021-02-03T02:22:53Z,The Icebrood Saga
9874,Refitted Aureate Mace,Weapon,Basic,,2021-02-03T02:23:18Z,The Icebrood Saga
9841,Refitted Aureate Virge,Weapon,Basic,,2021-02-03T02:23:35Z,The Icebrood Saga
9844,Refitted Aureate Targe,Weapon,Basic,,2021-02-03T02:23:52Z,The Icebrood Saga
9852,Refitted Aureate Warhorn,Weapon,Basic,,2021-02-03T02:24:35Z,The Icebrood Saga
9864,Refitted Aureate Sconce,Weapon,Basic,,2021-02-03T02:25:03Z,The Icebrood Saga
9846,Refitted Aureate Musket,Weapon,Basic,,2021-02-03T02:27:15Z,The Icebrood Saga
9889,Refitted Aureate Axe,Weapon,Basic,,2021-02-03T02:27:18Z,The Icebrood Saga
9832,Refitted Aureate Warhammer,Weapon,Basic,,2021-02-03T02:27:21Z,The Icebrood Saga
9856,Refitted Aureate Charm,Weapon,Basic,,2021-02-03T02:27:25Z,The Icebrood Saga
9886,Refitted Aureate Pistol,Weapon,Basic,,2021-02-03T02:27:28Z,The Icebrood Saga
9859,Refitted Aureate Short Bow,Weapon,Basic,,2021-02-03T02:27:31Z,The Icebrood Saga
9833,Refitted Aureate Longbow,Weapon,Basic,,2021-02-03T02:27:34Z,The Icebrood Saga
9862,Fortune-Shining Aureate Longbow,Weapon,Basic,,2021-02-03T04:03:50Z,The Icebrood Saga
9840,Fortune-Shining Aureate Musket,Weapon,Basic,,2021-02-03T04:04:27Z,The Icebrood Saga
9850,Fortune-Shining Aureate Short Bow,Weapon,Basic,,2021-02-03T04:05:04Z,The Icebrood Saga
9868,Fortune-Shining Aureate Pistol,Weapon,Basic,,2021-02-03T04:06:11Z,The Icebrood Saga
9863,Fortune-Shining Aureate Mace,Weapon,Basic,,2021-02-03T04:09:11Z,The Icebrood Saga
9860,Fortune-Shining Aureate Sconce,Weapon,Basic,,2021-02-03T04:09:50Z,The Icebrood Saga
9861,Fortune-Shining Aureate Highlander Greatsword,Weapon,Basic,,2021-02-03T04:10:22Z,The Icebrood Saga
9847,Fortune-Shining Aureate Virge,Weapon,Basic,,2021-02-03T04:10:55Z,The Icebrood Saga
9848,Fortune-Shining Aureate Warhorn,Weapon,Basic,,2021-02-03T04:15:03Z,The Icebrood Saga
9875,Fortune-Shining Aureate Axe,Weapon,Basic,,2021-02-03T04:16:39Z,The Icebrood Saga
9885,Fortune-Shining Aureate Rinblade,Weapon,Basic,,2021-02-03T04:17:14Z,The Icebrood Saga
9849,Fortune-Shining Aureate Dirk,Weapon,Basic,,2021-02-03T04:18:30Z,The Icebrood Saga
9867,Fortune-Shining Aureate Charm,Weapon,Basic,,2021-02-03T04:19:56Z,The Icebrood Saga
9873,Fortune-Shining Aureate Warhammer,Weapon,Basic,,2021-02-03T04:21:03Z,The Icebrood Saga
9865,Fortune-Shining Aureate Targe,Weapon,Basic,,2021-02-03T04:21:36Z,The Icebrood Saga
9877,Fortune-Shining Aureate Staff,Weapon,Basic,,2021-02-03T04:23:03Z,The Icebrood Saga
9881,Bright Inquisitor Longbow,Weapon,Basic,,2021-02-03T13:49:32Z,The Icebrood Saga
9866,Bright Inquisitor Hammer,Weapon,Basic,,2021-02-03T13:51:25Z,The Icebrood Saga
9854,Bright Inquisitor Pistol,Weapon,Basic,,2021-02-03T13:52:12Z,The Icebrood Saga
9878,Bright Inquisitor Torch,Weapon,Basic,,2021-02-03T13:53:44Z,The Icebrood Saga
9887,Bright Inquisitor Axe,Weapon,Basic,,2021-02-03T13:54:13Z,The Icebrood Saga
9835,Bright Inquisitor Greatsword,Weapon,Basic,,2021-02-03T13:54:53Z,The Icebrood Saga
9869,Bright Inquisitor Scepter,Weapon,Basic,,2021-02-03T13:55:40Z,The Icebrood Saga
9853,Bright Inquisitor Warhorn,Weapon,Basic,,2021-02-03T13:56:16Z,The Icebrood Saga
9836,Bright Inquisitor Shield,Weapon,Basic,,2021-02-03T13:56:41Z,The Icebrood Saga
9834,Bright Inquisitor Staff,Weapon,Basic,,2021-02-03T13:57:36Z,The Icebrood Saga
9870,Bright Inquisitor Focus,Weapon,Basic,,2021-02-03T13:58:17Z,The Icebrood Saga
9872,Bright Inquisitor Sword,Weapon,Basic,,2021-02-03T13:59:06Z,The Icebrood Saga
9884,Bright Inquisitor Dagger,Weapon,Basic,,2021-02-03T13:59:45Z,The Icebrood Saga
9843,Bright Inquisitor Mace,Weapon,Basic,,2021-02-03T14:00:11Z,The Icebrood Saga
9879,Bright Inquisitor Rifle,Weapon,Basic,,2021-02-03T14:01:00Z,The Icebrood Saga
9857,Bright Inquisitor Short Bow,Weapon,Basic,,2021-02-03T14:01:40Z,The Icebrood Saga
9839,Hammer of the Three Realms,Weapon,Basic,,2021-02-09T17:17:29Z,The Icebrood Saga
9800,Exalted Sniping Bow,Weapon,Basic,,2021-02-17T00:16:36Z,The Icebrood Saga
9851,Infused Katana,Weapon,Basic,,2021-02-17T00:55:41Z,The Icebrood Saga
9842,Infused Wakizashi,Weapon,Basic,,2021-02-17T00:58:49Z,The Icebrood Saga
9892,Ravensoul Dagger,Weapon,Basic,,2021-02-23T19:36:56Z,The Icebrood Saga
9671,Volcanic Backpack,Back,Basic,,2021-02-25T03:44:17Z,The Icebrood Saga
9893,Eternal Mandala Backpack,Back,Basic,,2021-03-03T13:16:53Z,The Icebrood Saga
9912,Tengu Axe,Weapon,Basic,,2021-03-10T00:20:42Z,The Icebrood Saga
9907,Tengu Dagger,Weapon,Basic,,2021-03-10T00:23:59Z,The Icebrood Saga
9928,Tengu Mace,Weapon,Basic,,2021-03-10T00:30:39Z,The Icebrood Saga
9903,Tengu Shield,Weapon,Basic,,2021-03-10T00:31:42Z,The Icebrood Saga
9934,Tengu Pistol,Weapon,Basic,,2021-03-10T00:32:32Z,The Icebrood Saga
9906,Tengu Greatsword,Weapon,Basic,,2021-03-10T00:33:30Z,The Icebrood Saga
9897,Tengu Rifle,Weapon,Basic,,2021-03-10T00:34:18Z,The Icebrood Saga
9945,Tengu Staff,Weapon,Basic,,2021-03-10T00:35:07Z,The Icebrood Saga
9911,Tengu Short Bow,Weapon,Basic,,2021-03-10T00:35:56Z,The Icebrood Saga
9900,Tengu Hammer,Weapon,Basic,,2021-03-10T00:36:50Z,The Icebrood Saga
9944,Tengu Sword,Weapon,Basic,,2021-03-10T00:37:42Z,The Icebrood Saga
9929,Tengu Warhorn,Weapon,Basic,,2021-03-10T00:38:47Z,The Icebrood Saga
9923,Tengu Longbow,Weapon,Basic,,2021-03-10T00:39:38Z,The Icebrood Saga
9910,Tengu Focus,Weapon,Basic,,2021-03-10T00:41:29Z,The Icebrood Saga
9917,Tengu Scepter,Weapon,Basic,,2021-03-10T00:42:34Z,The Icebrood Saga
9932,Tengu Torch,Weapon,Basic,,2021-03-10T00:43:20Z,The Icebrood Saga
9918,Astral Scholar Cape,Back,Masterwork,,2021-03-16T21:18:43Z,The Icebrood Saga
9962,Etherbound Focus,Weapon,Basic,,2021-03-24T00:01:03Z,The Icebrood Saga
9952,Etherbound Rifle,Weapon,Basic,,2021-03-24T00:05:07Z,The Icebrood Saga
9948,Etherbound Hammer,Weapon,Basic,,2021-03-24T00:06:03Z,The Icebrood Saga
9953,Etherbound Staff,Weapon,Basic,,2021-03-24T00:06:26Z,The Icebrood Saga
9956,Mystic Smoking Pipe,Weapon,Basic,,2021-03-24T00:06:59Z,The Icebrood Saga
9958,Etherbound Mace,Weapon,Basic,,2021-03-24T00:24:10Z,The Icebrood Saga
9951,Etherbound Longbow,Weapon,Basic,,2021-03-24T00:31:47Z,The Icebrood Saga
9949,Etherbound Pistol,Weapon,Basic,,2021-03-24T00:32:09Z,The Icebrood Saga
9957,Etherbound Torch,Weapon,Basic,,2021-03-24T00:32:31Z,The Icebrood Saga
9947,Etherbound Greatsword,Weapon,Basic,,2021-03-24T00:32:50Z,The Icebrood Saga
9963,Etherbound Short Bow,Weapon,Basic,,2021-03-24T00:33:04Z,The Icebrood Saga
9959,Etherbound Shield,Weapon,Basic,,2021-03-24T00:33:21Z,The Icebrood Saga
9955,Etherbound Warhorn,Weapon,Basic,,2021-03-24T00:33:38Z,The Icebrood Saga
9966,Etherbound Scepter,Weapon,Basic,,2021-03-24T00:34:32Z,The Icebrood Saga
9950,Etherbound Sword,Weapon,Basic,,2021-03-24T00:34:51Z,The Icebrood Saga
9964,Etherbound Dagger,Weapon,Basic,,2021-03-24T00:35:08Z,The Icebrood Saga
9965,Etherbound Axe,Weapon,Basic,,2021-03-24T00:35:22Z,The Icebrood Saga
9930,Fiery Dragon Slayer Short Bow,Weapon,Basic,,2021-03-24T00:53:05Z,The Icebrood Saga
9946,Fiery Dragon Slayer Pistol,Weapon,Basic,,2021-03-24T00:53:11Z,The Icebrood Saga
9933,Fiery Dragon Slayer Greatsword,Weapon,Basic,,2021-03-24T01:08:39Z,The Icebrood Saga
9899,Fiery Dragon Slayer Mace,Weapon,Basic,,2021-03-24T01:09:37Z,The Icebrood Saga
9920,Fiery Dragon Slayer Hammer,Weapon,Basic,,2021-03-24T01:10:07Z,The Icebrood Saga
9898,Fiery Dragon Slayer Dagger,Weapon,Basic,,2021-03-24T01:10:56Z,The Icebrood Saga
9942,Fiery Dragon Slayer Shield,Weapon,Basic,,2021-03-24T01:11:30Z,The Icebrood Saga
9914,Fiery Dragon Slayer Axe,Weapon,Basic,,2021-03-24T01:11:50Z,The Icebrood Saga
9919,Fiery Dragon Slayer Staff,Weapon,Basic,,2021-03-24T01:12:27Z,The Icebrood Saga
9909,Fiery Dragon Slayer Sword,Weapon,Basic,,2021-03-24T01:12:55Z,The Icebrood Saga
9938,Fiery Dragon Slayer Focus,Weapon,Basic,,2021-03-24T01:13:32Z,The Icebrood Saga
9925,Fiery Dragon Slayer Warhorn,Weapon,Basic,,2021-03-24T01:13:53Z,The Icebrood Saga
9922,Fiery Dragon Slayer Longbow,Weapon,Basic,,2021-03-24T01:14:11Z,The Icebrood Saga
9939,Fiery Dragon Slayer Torch,Weapon,Basic,,2021-03-24T01:14:33Z,The Icebrood Saga
9941,Fiery Dragon Slayer Rifle,Weapon,Basic,,2021-03-24T01:14:53Z,The Icebrood Saga
9931,Fiery Dragon Slayer Scepter,Weapon,Basic,,2021-03-24T01:15:24Z,The Icebrood Saga
9913,Icy Dragon Slayer Longbow,Weapon,Basic,,2021-03-24T01:16:55Z,The Icebrood Saga
9935,Icy Dragon Slayer Sword,Weapon,Basic,,2021-03-24T01:18:11Z,The Icebrood Saga
9915,Icy Dragon Slayer Dagger,Weapon,Basic,,2021-03-24T01:19:13Z,The Icebrood Saga
9896,Icy Dragon Slayer Shield,Weapon,Basic,,2021-03-24T01:19:38Z,The Icebrood Saga
9901,Icy Dragon Slayer Focus,Weapon,Basic,,2021-03-24T01:20:21Z,The Icebrood Saga
9921,Icy Dragon Slayer Axe,Weapon,Basic,,2021-03-24T01:20:39Z,The Icebrood Saga
9916,Icy Dragon Slayer Greatsword,Weapon,Basic,,2021-03-24T01:20:55Z,The Icebrood Saga
9904,Icy Dragon Slayer Mace,Weapon,Basic,,2021-03-24T01:21:12Z,The Icebrood Saga
9895,Icy Dragon Slayer Staff,Weapon,Basic,,2021-03-24T01:21:28Z,The Icebrood Saga
9926,Icy Dragon Slayer Scepter,Weapon,Basic,,2021-03-24T01:21:49Z,The Icebrood Saga
9937,Icy Dragon Slayer Short Bow,Weapon,Basic,,2021-03-24T01:22:11Z,The Icebrood Saga
9905,Icy Dragon Slayer Hammer,Weapon,Basic,,2021-03-24T01:22:25Z,The Icebrood Saga
9902,Icy Dragon Slayer Torch,Weapon,Basic,,2021-03-24T01:22:59Z,The Icebrood Saga
9927,Icy Dragon Slayer Warhorn,Weapon,Basic,,2021-03-24T01:23:57Z,The Icebrood Saga
9924,Icy Dragon Slayer Pistol,Weapon,Basic,,2021-03-24T01:30:48Z,The Icebrood Saga
9940,Icy Dragon Slayer Rifle,Weapon,Basic,,2021-03-24T01:35:30Z,The Icebrood Saga
9954,Aurene's Crystalline Claws,Armor,Basic,Medium,2021-03-30T21:18:39Z,The Icebrood Saga
9960,Aurene's Crystalline Claws,Armor,Basic,Heavy,2021-03-30T21:18:39Z,The Icebrood Saga
9961,Aurene's Crystalline Claws,Armor,Basic,Light,2021-03-30T21:18:39Z,The Icebrood Saga
9979,Crimson Vanquisher Torch,Weapon,Basic,,2021-04-06T19:17:15Z,The Icebrood Saga
9982,Crimson Vanquisher Greatsword,Weapon,Basic,,2021-04-06T19:20:15Z,The Icebrood Saga
9988,Crimson Vanquisher Pistol,Weapon,Basic,,2021-04-06T19:21:10Z,The Icebrood Saga
9978,Crimson Vanquisher Staff,Weapon,Basic,,2021-04-06T19:22:04Z,The Icebrood Saga
9968,Crimson Vanquisher Rifle,Weapon,Basic,,2021-04-06T19:22:33Z,The Icebrood Saga
9987,Crimson Vanquisher Scepter,Weapon,Basic,,2021-04-06T19:23:13Z,The Icebrood Saga
9973,Crimson Vanquisher Focus,Weapon,Basic,,2021-04-06T19:23:57Z,The Icebrood Saga
9983,Crimson Vanquisher Mace,Weapon,Basic,,2021-04-06T19:24:27Z,The Icebrood Saga
9967,Crimson Vanquisher Axe,Weapon,Basic,,2021-04-06T19:26:28Z,The Icebrood Saga
9972,Crimson Vanquisher Dagger,Weapon,Basic,,2021-04-06T19:27:43Z,The Icebrood Saga
9976,Crimson Vanquisher Hammer,Weapon,Basic,,2021-04-06T19:28:20Z,The Icebrood Saga
9984,Crimson Vanquisher Short Bow,Weapon,Basic,,2021-04-06T19:28:47Z,The Icebrood Saga
9970,Crimson Vanquisher Longbow,Weapon,Basic,,2021-04-06T19:29:25Z,The Icebrood Saga
9980,Crimson Vanquisher Sword,Weapon,Basic,,2021-04-06T19:30:16Z,The Icebrood Saga
9977,Crimson Vanquisher Warhorn,Weapon,Basic,,2021-04-06T19:32:02Z,The Icebrood Saga
9986,Crimson Vanquisher Shield,Weapon,Basic,,2021-04-06T19:56:27Z,The Icebrood Saga
9975,Dreamwalker Sword,Weapon,Basic,,2021-04-06T20:22:09Z,The Icebrood Saga
9943,Skritt Swarmmind Scepter,Weapon,Basic,,2021-04-07T01:01:18Z,The Icebrood Saga
9974,Bone Dragon Staff,Weapon,Basic,,2021-04-13T17:05:48Z,The Icebrood Saga
9969,Giant Shuriken Backpack,Back,Basic,,2021-04-21T15:41:54Z,The Icebrood Saga
9995,Spellfire Torch,Weapon,Basic,,2021-04-27T22:16:24Z,The Icebrood Saga
9992,Seraph Wings Backpack,Back,Basic,,2021-04-28T00:57:39Z,The Icebrood Saga
9999,Cute Demon Wings Backpack,Back,Basic,,2021-05-11T17:25:14Z,The Icebrood Saga
10005,Starborn Cape,Back,Masterwork,,2021-05-25T18:29:28Z,The Icebrood Saga
10006,Shatterspark Shoulders,Armor,Basic,Heavy,2021-06-02T00:01:40Z,The Icebrood Saga
10007,Shatterspark Shoulders,Armor,Basic,Medium,2021-06-02T00:01:40Z,The Icebrood Saga
10008,Shatterspark Shoulders,Armor,Basic,Light,2021-06-02T00:01:40Z,The Icebrood Saga
10010,Elemental Fury Backpack,Back,Basic,,2021-06-15T20:36:52Z,The Icebrood Saga
10032,Journey's Call,Weapon,Basic,,2021-06-22T17:06:08Z,The Icebrood Saga
10023,Spring Warmth,Weapon,Basic,,2021-06-22T17:06:49Z,The Icebrood Saga
10033,Summer Light,Weapon,Basic,,2021-06-22T17:07:32Z,The Icebrood Saga
10040,Arcane Battlestaff,Weapon,Basic,,2021-06-22T20:00:43Z,The Icebrood Saga
10029,Maguuma Shield,Weapon,Basic,,2021-06-22T21:48:11Z,The Icebrood Saga
10022,Maguuma Sword,Weapon,Basic,,2021-06-22T21:52:12Z,The Icebrood Saga
10035,Maguuma Hammer,Weapon,Basic,,2021-06-22T21:52:59Z,The Icebrood Saga
10025,Maguuma Longbow,Weapon,Basic,,2021-06-22T21:53:35Z,The Icebrood Saga
10034,Maguuma Warhorn,Weapon,Basic,,2021-06-22T21:55:02Z,The Icebrood Saga
10013,Maguuma Torch,Weapon,Basic,,2021-06-22T21:55:31Z,The Icebrood Saga
10027,Maguuma Focus,Weapon,Basic,,2021-06-22T21:56:01Z,The Icebrood Saga
10017,Maguuma Staff,Weapon,Basic,,2021-06-22T21:56:33Z,The Icebrood Saga
10041,Maguuma Scepter,Weapon,Basic,,2021-06-22T21:56:55Z,The Icebrood Saga
10015,Maguuma Rifle,Weapon,Basic,,2021-06-22T21:57:18Z,The Icebrood Saga
10024,Maguuma Pistol,Weapon,Basic,,2021-06-22T21:57:37Z,The Icebrood Saga
10039,Maguuma Mace,Weapon,Basic,,2021-06-22T21:58:03Z,The Icebrood Saga
10036,Maguuma Greatsword,Weapon,Basic,,2021-06-22T21:58:26Z,The Icebrood Saga
10030,Maguuma Dagger,Weapon,Basic,,2021-06-22T21:58:55Z,The Icebrood Saga
10037,Maguuma Axe,Weapon,Basic,,2021-06-22T21:59:16Z,The Icebrood Saga
10014,Maguuma Short Bow,Weapon,Basic,,2021-06-22T21:59:37Z,The Icebrood Saga
10021,Holographic Dragon Gloves,Armor,Basic,Medium,2021-06-25T20:57:02Z,The Icebrood Saga
10026,Holographic Dragon Gloves,Armor,Basic,Heavy,2021-06-25T20:57:02Z,The Icebrood Saga
10028,Holographic Dragon Gloves,Armor,Basic,Light,2021-06-25T20:57:02Z,The Icebrood Saga
10016,Shatterspark Gloves,Armor,Basic,Heavy,2021-06-29T16:51:59Z,The Icebrood Saga
10018,Shatterspark Gloves,Armor,Basic,Medium,2021-06-29T16:51:59Z,The Icebrood Saga
10031,Shatterspark Gloves,Armor,Basic,Light,2021-06-29T16:51:59Z,The Icebrood Saga
10012,Dreamwalker Longbow,Weapon,Basic,,2021-07-06T17:49:12Z,The Icebrood Saga
10045,Archdemon Wings Backpack,Back,Basic,,2021-07-13T18:59:39Z,The Icebrood Saga
10042,Devil-Rending Axe,Weapon,Basic,,2021-07-20T19:14:03Z,The Icebrood Saga
10084,Aurene Logo Cape,Back,Masterwork,,2021-07-30T02:06:25Z,The Icebrood Saga
10052,Swaggering Boots,Armor,Basic,Light,2021-08-03T19:10:43Z,The Icebrood Saga
10055,Swaggering Boots,Armor,Basic,Medium,2021-08-03T19:10:43Z,The Icebrood Saga
10057,Swaggering Boots,Armor,Basic,Heavy,2021-08-03T19:10:43Z,The Icebrood Saga
10062,Infernal Roar,Weapon,Basic,,2021-08-10T17:50:29Z,The Icebrood Saga
10069,Magical Torch,Weapon,Basic,,2021-08-17T17:06:05Z,The Icebrood Saga
10092,Magical Axe,Weapon,Basic,,2021-08-18T03:35:02Z,The Icebrood Saga
10095,Magical Dagger,Weapon,Basic,,2021-08-18T03:35:39Z,The Icebrood Saga
10093,Magical Mace,Weapon,Basic,,2021-08-18T03:36:26Z,The Icebrood Saga
10070,Magical Pistol,Weapon,Basic,,2021-08-18T03:36:53Z,The Icebrood Saga
10076,Magical Scepter,Weapon,Basic,,2021-08-18T03:37:17Z,The Icebrood Saga
10096,Magical Sword,Weapon,Basic,,2021-08-18T03:37:49Z,The Icebrood Saga
10075,Magical Focus,Weapon,Basic,,2021-08-18T03:38:14Z,The Icebrood Saga
10085,Magical Shield,Weapon,Basic,,2021-08-18T03:38:39Z,The Icebrood Saga
10083,Magical Warhorn,Weapon,Basic,,2021-08-18T03:39:07Z,The Icebrood Saga
10073,Magical Greatsword,Weapon,Basic,,2021-08-18T03:39:50Z,The Icebrood Saga
10071,Magical Hammer,Weapon,Basic,,2021-08-18T03:40:19Z,The Icebrood Saga
10087,Magical Longbow,Weapon,Basic,,2021-08-18T03:41:01Z,The Icebrood Saga
10089,Magical Rifle,Weapon,Basic,,2021-08-18T03:41:23Z,The Icebrood Saga
10090,Magical Short Bow,Weapon,Basic,,2021-08-18T03:42:03Z,The Icebrood Saga
10082,Magical Staff,Weapon,Basic,,2021-08-18T03:42:26Z,The Icebrood Saga
10079,Cute Angel Wings Backpack,Back,Basic,,2021-08-18T04:12:04Z,The Icebrood Saga
10072,Vermilion Short Bow,Weapon,Basic,,2021-08-18T11:09:12Z,The Icebrood Saga
10078,Vermilion Longbow,Weapon,Basic,,2021-08-18T11:13:20Z,The Icebrood Saga
10088,Dragon Emblem Cape,Back,Masterwork,,2021-08-24T04:29:49Z,The Icebrood Saga
10077,Baleful Dragon Pistol,Weapon,Basic,,2021-08-25T11:04:37Z,The Icebrood Saga
10104,Tempest Cape,Back,Masterwork,,2021-08-31T20:40:40Z,The Icebrood Saga
10099,Plate-Winged Scarab,Weapon,Basic,,2021-08-31T21:04:05Z,The Icebrood Saga
10108,Sea Night's Flame,Weapon,Basic,,2021-08-31T21:09:39Z,The Icebrood Saga
10101,Crystal Splitter,Weapon,Basic,,2021-08-31T21:11:26Z,The Icebrood Saga
10102,Zephyrite Traveling Boots,Armor,Basic,Medium,2021-08-31T21:32:44Z,The Icebrood Saga
10103,Zephyrite Traveling Boots,Armor,Basic,Light,2021-08-31T21:32:44Z,The Icebrood Saga
10107,Zephyrite Traveling Boots,Armor,Basic,Heavy,2021-08-31T21:32:44Z,The Icebrood Saga
10105,Sylph Wings Backpack,Back,Basic,,2021-09-14T20:59:38Z,The Icebrood Saga
10113,Comet Hammer,Weapon,Basic,,2021-09-21T22:25:30Z,The Icebrood Saga
10122,Grasping Gaze Shoulders,Armor,Basic,Heavy,2021-10-05T22:52:03Z,The Icebrood Saga
10128,Grasping Gaze Shoulders,Armor,Basic,Medium,2021-10-05T22:52:03Z,The Icebrood Saga
10134,Grasping Gaze Shoulders,Armor,Basic,Light,2021-10-05T22:52:03Z,The Icebrood Saga
10121,Corroding Abyss,Weapon,Basic,,2021-10-05T23:24:45Z,The Icebrood Saga
10132,Luminous Wings,Weapon,Basic,,2021-10-05T23:24:48Z,The Icebrood Saga
10130,Barbed Refuge,Weapon,Basic,,2021-10-05T23:25:21Z,The Icebrood Saga
10149,Venombite Wings Backpack,Back,Basic,,2021-10-26T20:59:15Z,The Icebrood Saga
10152,Venombite Warhorn,Weapon,Basic,,2021-10-26T21:06:28Z,The Icebrood Saga
10142,Venombite Torch,Weapon,Basic,,2021-10-26T21:13:28Z,The Icebrood Saga
10143,Venombite Longbow,Weapon,Basic,,2021-10-26T21:20:54Z,The Icebrood Saga
10141,Venombite Axe,Weapon,Basic,,2021-10-26T21:22:08Z,The Icebrood Saga
10153,Venombite Shield,Weapon,Basic,,2021-10-26T21:22:47Z,The Icebrood Saga
10151,Venombite Staff,Weapon,Basic,,2021-10-26T21:23:23Z,The Icebrood Saga
10148,Venombite Focus,Weapon,Basic,,2021-10-26T21:24:22Z,The Icebrood Saga
10150,Venombite Greatsword,Weapon,Basic,,2021-10-26T21:26:15Z,The Icebrood Saga
10138,Venombite Sword,Weapon,Basic,,2021-10-26T21:27:52Z,The Icebrood Saga
10147,Venombite Rifle,Weapon,Basic,,2021-10-26T21:29:31Z,The Icebrood Saga
10144,Venombite Hammer,Weapon,Basic,,2021-10-26T21:29:36Z,The Icebrood Saga
10137,Venombite Scepter,Weapon,Basic,,2021-10-26T21:31:04Z,The Icebrood Saga
10146,Venombite Short Bow,Weapon,Basic,,2021-10-26T21:32:02Z,The Icebrood Saga
10145,Venombite Pistol,Weapon,Basic,,2021-10-26T21:32:57Z,The Icebrood Saga
10135,Venombite Dagger,Weapon,Basic,,2021-10-26T21:36:14Z,The Icebrood Saga
10136,Venombite Mace,Weapon,Basic,,2021-10-26T21:36:20Z,The Icebrood Saga
10154,Shadebound Scepter,Weapon,Basic,,2021-11-02T18:08:10Z,The Icebrood Saga
10162,Ebonhawke Crossbow,Weapon,Basic,,2021-11-09T18:28:21Z,The Icebrood Saga
10156,Forest Archer Cape,Back,Masterwork,,2021-11-16T17:35:05Z,The Icebrood Saga
10161,Forest Scout Cape,Back,Masterwork,,2021-11-16T17:37:02Z,The Icebrood Saga
10159,Forest Archer Quiver,Back,Masterwork,,2021-11-16T17:38:08Z,The Icebrood Saga
10158,Teatime,Weapon,Basic,,2021-11-23T17:21:24Z,The Icebrood Saga
10164,Wandering Weapon Master Cape,Back,Masterwork,,2021-12-07T19:20:34Z,The Icebrood Saga
10218,Embellished Wintersday Gift Bag,Back,Basic,,2021-12-14T20:46:44Z,The Icebrood Saga
10208,Grenth's Vow,Weapon,Basic,,2021-12-14T21:07:27Z,The Icebrood Saga
10185,Dwayna's Promise,Weapon,Basic,,2021-12-14T21:08:39Z,The Icebrood Saga
10217,Custom Candy Cane Hammer,Weapon,Basic,,2021-12-14T21:09:59Z,The Icebrood Saga
10187,Abyss Stalker Sword,Weapon,Basic,,2021-12-14T21:21:07Z,The Icebrood Saga
10219,Lunar Backpack,Back,Basic,,2021-12-14T21:52:27Z,The Icebrood Saga
10222,Abyss Stalker Axe,Weapon,Basic,,2021-12-14T23:31:03Z,The Icebrood Saga
10210,Abyss Stalker Dagger,Weapon,Basic,,2021-12-14T23:31:14Z,The Icebrood Saga
10178,Abyss Stalker Focus,Weapon,Basic,,2021-12-14T23:31:45Z,The Icebrood Saga
10184,Abyss Stalker Greatsword,Weapon,Basic,,2021-12-14T23:32:09Z,The Icebrood Saga
10202,Abyss Stalker Hammer,Weapon,Basic,,2021-12-14T23:32:46Z,The Icebrood Saga
10209,Abyss Stalker Longbow,Weapon,Basic,,2021-12-14T23:32:59Z,The Icebrood Saga
10204,Abyss Stalker Mace,Weapon,Basic,,2021-12-14T23:33:30Z,The Icebrood Saga
10166,Abyss Stalker Pistol,Weapon,Basic,,2021-12-14T23:33:57Z,The Icebrood Saga
10203,Abyss Stalker Rifle,Weapon,Basic,,2021-12-14T23:34:25Z,The Icebrood Saga
10176,Abyss Stalker Scepter,Weapon,Basic,,2021-12-14T23:34:49Z,The Icebrood Saga
10177,Abyss Stalker Shield,Weapon,Basic,,2021-12-14T23:35:09Z,The Icebrood Saga
10170,Abyss Stalker Short Bow,Weapon,Basic,,2021-12-14T23:35:56Z,The Icebrood Saga
10224,Abyss Stalker Staff,Weapon,Basic,,2021-12-14T23:36:31Z,The Icebrood Saga
10196,Abyss Stalker Torch,Weapon,Basic,,2021-12-14T23:37:35Z,The Icebrood Saga
10180,Abyss Stalker Warhorn,Weapon,Basic,,2021-12-14T23:38:17Z,The Icebrood Saga
10194,Wintergreen Custom Candy Cane Hammer,Weapon,Basic,,2021-12-14T23:43:16Z,The Icebrood Saga
10206,Lucky Tiger Lantern,Back,Rare,,2021-12-19T14:55:42Z,The Icebrood Saga
8769,Crescent Steel,Weapon,Basic,,2021-12-19T14:58:13Z,The Icebrood Saga
10183,Lucky Great Tiger Lantern,Back,Exotic,,2021-12-19T15:01:36Z,The Icebrood Saga
10195,Gatherer's Fortune,Weapon,Basic,,2021-12-19T15:03:16Z,The Icebrood Saga
10226,Inherited Flame,Weapon,Basic,,2021-12-19T15:10:05Z,The Icebrood Saga
10200,Aurene Wings Backpack,Back,Basic,,2021-12-30T13:16:06Z,The Icebrood Saga
10192,Shatterspark Cape,Back,Masterwork,,2022-01-11T17:47:45Z,The Icebrood Saga
10223,Shatterspark Sword,Weapon,Basic,,2022-01-11T18:44:58Z,The Icebrood Saga
10168,Primal Tiger Hood,Armor,Basic,Light,2022-01-25T22:13:43Z,The Icebrood Saga
10175,Primal Tiger Hood,Armor,Basic,Medium,2022-01-25T22:13:43Z,The Icebrood Saga
10216,Primal Tiger Hood,Armor,Basic,Heavy,2022-01-25T22:13:43Z,The Icebrood Saga
10190,White Tiger Rifle,Weapon,Basic,,2022-01-25T23:59:52Z,The Icebrood Saga
10221,White Tiger Mace,Weapon,Basic,,2022-01-26T00:02:53Z,The Icebrood Saga
10171,White Tiger Short Bow,Weapon,Basic,,2022-01-26T00:05:20Z,The Icebrood Saga
10207,White Tiger Torch,Weapon,Basic,,2022-01-26T00:07:35Z,The Icebrood Saga
10220,White Tiger Hammer,Weapon,Basic,,2022-01-26T00:08:20Z,The Icebrood Saga
10213,White Tiger Scepter,Weapon,Basic,,2022-01-26T00:09:31Z,The Icebrood Saga
10205,White Tiger Staff,Weapon,Basic,,2022-01-26T00:13:18Z,The Icebrood Saga
10197,White Tiger Longbow,Weapon,Basic,,2022-01-26T00:14:15Z,The Icebrood Saga
10179,White Tiger Sword,Weapon,Basic,,2022-01-26T00:15:18Z,The Icebrood Saga
10189,White Tiger Warhorn,Weapon,Basic,,2022-01-26T00:25:14Z,The Icebrood Saga
10181,White Tiger Dagger,Weapon,Basic,,2022-01-26T00:25:30Z,The Icebrood Saga
10225,White Tiger Focus,Weapon,Basic,,2022-01-26T00:25:50Z,The Icebrood Saga
10186,White Tiger Pistol,Weapon,Basic,,2022-01-26T00:26:12Z,The Icebrood Saga
10172,White Tiger Axe,Weapon,Basic,,2022-01-26T00:26:32Z,The Icebrood Saga
10199,White Tiger Greatsword,Weapon,Basic,,2022-01-26T00:26:45Z,The Icebrood Saga
10188,White Tiger Shield,Weapon,Basic,,2022-01-26T00:27:00Z,The Icebrood Saga
10215,Ravensoul Greatsword,Weapon,Basic,,2022-02-15T18:46:59Z,The Icebrood Saga
10167,Raven Gloves,Armor,Basic,Light,2022-02-15T18:48:19Z,The Icebrood Saga
10193,Raven Gloves,Armor,Basic,Medium,2022-02-15T18:48:19Z,The Icebrood Saga
10212,Raven Gloves,Armor,Basic,Heavy,2022-02-15T18:48:19Z,The Icebrood Saga
10191,Eternal Eclipse Scepter,Weapon,Basic,,2022-02-22T16:52:36Z,The Icebrood Saga
10452,Red Crane Axe,Weapon,Basic,,2022-03-02T13:43:12Z,End of Dragons
10557,Red Crane Dagger,Weapon,Basic,,2022-03-02T13:43:29Z,End of Dragons
10364,Red Crane Focus,Weapon,Basic,,2022-03-02T13:43:37Z,End of Dragons
10627,Red Crane Greatsword,Weapon,Basic,,2022-03-02T13:43:51Z,End of Dragons
10405,Red Crane Hammer,Weapon,Basic,,2022-03-02T13:43:57Z,End of Dragons
10759,Red Crane Longbow,Weapon,Basic,,2022-03-02T13:44:05Z,End of Dragons
10657,Red Crane Mace,Weapon,Basic,,2022-03-02T13:44:14Z,End of Dragons
10398,Red Crane Pistol,Weapon,Basic,,2022-03-02T13:44:20Z,End of Dragons
10308,Red Crane Rifle,Weapon,Basic,,2022-03-02T13:44:30Z,End of Dragons
10370,Red Crane Scepter,Weapon,Basic,,2022-03-02T13:44:37Z,End of Dragons
10661,Red Crane Shield,Weapon,Basic,,2022-03-02T13:44:44Z,End of Dragons
10598,Red Crane Short Bow,Weapon,Basic,,2022-03-02T13:44:51Z,End of Dragons
10443,Red Crane Staff,Weapon,Basic,,2022-03-02T13:45:00Z,End of Dragons
10269,Red Crane Sword,Weapon,Basic,,2022-03-02T13:45:07Z,End of Dragons
10545,Red Crane Torch,Weapon,Basic,,2022-03-02T13:45:17Z,End of Dragons
10655,Red Crane Warhorn,Weapon,Basic,,2022-03-02T13:45:25Z,End of Dragons
10510,Bloodflame Sword,Weapon,Basic,,2022-03-02T18:04:11Z,End of Dragons
10313,Fishing Lure,Gathering,Basic,,2022-03-03T03:59:10Z,End of Dragons
10349,Dragon's Wisdom,Weapon,Basic,,2022-03-03T10:31:06Z,End of Dragons
10286,Dragon's Rending,Weapon,Basic,,2022-03-03T11:02:17Z,End of Dragons
10254,Dragon's Voice,Weapon,Basic,,2022-03-03T11:05:50Z,End of Dragons
10677,Dragon's Bite,Weapon,Basic,,2022-03-03T12:03:23Z,End of Dragons
10587,Dragon's Insight,Weapon,Basic,,2022-03-03T12:05:50Z,End of Dragons
10615,Dragon's Flight,Weapon,Basic,,2022-03-03T12:07:40Z,End of Dragons
10604,Dragon's Weight,Weapon,Basic,,2022-03-03T12:09:19Z,End of Dragons
10586,Dragon's Fang,Weapon,Basic,,2022-03-03T12:12:04Z,End of Dragons
10235,Dragon's Scale,Weapon,Basic,,2022-03-03T15:19:31Z,End of Dragons
10290,Right Oni Arm,Armor,Basic,Medium,2022-03-03T17:31:02Z,End of Dragons
10488,Right Oni Arm,Armor,Basic,Heavy,2022-03-03T17:31:02Z,End of Dragons
10516,Right Oni Arm,Armor,Basic,Light,2022-03-03T17:31:02Z,End of Dragons
10611,Dragon's Gaze,Weapon,Basic,,2022-03-03T18:47:38Z,End of Dragons
10389,Dragon's Argument,Weapon,Basic,,2022-03-03T18:52:55Z,End of Dragons
10435,Dragon's Tail,Weapon,Basic,,2022-03-03T18:55:03Z,End of Dragons
10648,Dragon's Breath,Weapon,Basic,,2022-03-03T19:04:00Z,End of Dragons
10698,Dragon's Wing,Weapon,Basic,,2022-03-03T19:37:42Z,End of Dragons
10523,Dragon's Persuasion,Weapon,Basic,,2022-03-03T19:39:04Z,End of Dragons
10503,Canthan Spiritualist Backpack,Back,Basic,,2022-03-03T21:49:53Z,End of Dragons
10588,Ancient Canthan Tassets,Armor,Basic,Heavy,2022-03-04T04:03:13Z,End of Dragons
10352,Ancient Canthan Light Leggings,Armor,Basic,Light,2022-03-04T04:09:01Z,End of Dragons
10382,Jade Tech Coat,Armor,Basic,Medium,2022-03-04T07:50:09Z,End of Dragons
10367,Crucible,Weapon,Basic,,2022-03-04T12:16:32Z,End of Dragons
10591,Ancient Canthan Light Gloves,Armor,Basic,Light,2022-03-05T02:17:56Z,End of Dragons
10734,Ancient Canthan Medium Gloves,Armor,Basic,Medium,2022-03-05T10:18:17Z,End of Dragons
10283,Ancient Canthan Medium Leggings,Armor,Basic,Medium,2022-03-05T11:13:57Z,End of Dragons
10383,Ancient Canthan Jacket,Armor,Basic,Medium,2022-03-05T11:35:11Z,End of Dragons
10456,Ancient Canthan Medium Shoulderpads,Armor,Basic,Medium,2022-03-05T17:52:30Z,End of Dragons
10518,Ancient Canthan Medium Helm,Armor,Basic,Medium,2022-03-06T16:29:35Z,End of Dragons
10757,Ancient Canthan Medium Boots,Armor,Basic,Medium,2022-03-07T20:31:32Z,End of Dragons
10638,Gold Essence Axe,Weapon,Basic,,2022-03-10T20:32:06Z,End of Dragons
10743,Ancient Canthan Light Helm,Armor,Basic,Light,2022-03-11T13:55:11Z,End of Dragons
10644,Ancient Canthan Helm,Armor,Basic,Heavy,2022-03-11T13:57:44Z,End of Dragons
10423,Ancient Canthan Light Shoulderpads,Armor,Basic,Light,2022-03-11T13:58:27Z,End of Dragons
10306,Ancient Canthan Spaulders,Armor,Basic,Heavy,2022-03-11T13:59:01Z,End of Dragons
10706,Ancient Canthan Tunic,Armor,Basic,Light,2022-03-11T13:59:47Z,End of Dragons
10514,Ancient Canthan Gambeson,Armor,Basic,Heavy,2022-03-11T14:03:39Z,End of Dragons
10469,Ancient Canthan Gauntlets,Armor,Basic,Heavy,2022-03-11T14:04:31Z,End of Dragons
10725,Ancient Canthan Light Boots,Armor,Basic,Light,2022-03-11T14:05:28Z,End of Dragons
10731,Ancient Canthan Greaves,Armor,Basic,Heavy,2022-03-11T14:06:24Z,End of Dragons
10330,Aetherblade Blindfold,Armor,Basic,Medium,2022-03-11T17:37:47Z,End of Dragons
10357,Aetherblade Blindfold,Armor,Basic,Light,2022-03-11T17:37:47Z,End of Dragons
10471,Aetherblade Blindfold,Armor,Basic,Heavy,2022-03-11T17:37:47Z,End of Dragons
10256,Ancient Ritualist Cowl,Armor,Basic,Light,2022-03-11T20:23:41Z,End of Dragons
10658,Ancient Ritualist Vestments,Armor,Basic,Light,2022-03-11T20:27:48Z,End of Dragons
10508,Ancient Ritualist Gloves,Armor,Basic,Light,2022-03-11T20:29:34Z,End of Dragons
10402,Ancient Ritualist Shoes,Armor,Basic,Light,2022-03-11T20:30:18Z,End of Dragons
10689,Ancient Ritualist Pants,Armor,Basic,Light,2022-03-11T20:30:59Z,End of Dragons
10558,Ancient Ritualist Mantle,Armor,Basic,Light,2022-03-11T20:31:45Z,End of Dragons
10622,Ancient Tahkayun Vambraces,Armor,Basic,Medium,2022-03-11T20:34:33Z,End of Dragons
10670,Ancient Tahkayun Leggings,Armor,Basic,Medium,2022-03-11T20:35:25Z,End of Dragons
10556,Ancient Tahkayun Boots,Armor,Basic,Medium,2022-03-11T20:36:06Z,End of Dragons
10369,Ancient Tahkayun Shoulders,Armor,Basic,Medium,2022-03-11T20:36:59Z,End of Dragons
10749,Ancient Tahkayun Mask,Armor,Basic,Medium,2022-03-11T20:37:49Z,End of Dragons
10504,Ancient Tahkayun Jerkin,Armor,Basic,Medium,2022-03-11T20:38:43Z,End of Dragons
10505,Ancient Kraken Greaves,Armor,Basic,Heavy,2022-03-11T20:40:25Z,End of Dragons
10554,Ancient Kraken Cuirass,Armor,Basic,Heavy,2022-03-11T20:41:19Z,End of Dragons
10573,Ancient Kraken Tassets,Armor,Basic,Heavy,2022-03-11T20:42:15Z,End of Dragons
10264,Ancient Kraken Gauntlets,Armor,Basic,Heavy,2022-03-11T20:42:52Z,End of Dragons
10737,Ancient Kraken Helmet,Armor,Basic,Heavy,2022-03-11T20:43:46Z,End of Dragons
10368,Ancient Kraken Pauldrons,Armor,Basic,Heavy,2022-03-11T20:44:33Z,End of Dragons
10373,Light Antique Gloves,Armor,Basic,Light,2022-03-11T20:50:30Z,End of Dragons
10420,Light Antique Leggings,Armor,Basic,Light,2022-03-11T21:10:22Z,End of Dragons
10461,Light Antique Coat,Armor,Basic,Light,2022-03-11T21:11:21Z,End of Dragons
10376,Light Antique Shoulderpads,Armor,Basic,Light,2022-03-11T21:12:33Z,End of Dragons
10326,Light Antique Shoes,Armor,Basic,Light,2022-03-11T21:13:25Z,End of Dragons
10610,Light Antique Hat,Armor,Basic,Light,2022-03-11T21:14:05Z,End of Dragons
10241,Medium Antique Shoes,Armor,Basic,Medium,2022-03-11T21:15:08Z,End of Dragons
10736,Medium Antique Coat,Armor,Basic,Medium,2022-03-11T21:16:57Z,End of Dragons
10339,Medium Antique Shoulderpads,Armor,Basic,Medium,2022-03-11T21:17:42Z,End of Dragons
10636,Medium Antique Helm,Armor,Basic,Medium,2022-03-11T21:18:28Z,End of Dragons
10257,Medium Antique Leggings,Armor,Basic,Medium,2022-03-11T21:19:14Z,End of Dragons
10336,Medium Antique Gloves,Armor,Basic,Medium,2022-03-11T21:19:47Z,End of Dragons
10663,Heavy Antique Coat,Armor,Basic,Heavy,2022-03-11T21:21:34Z,End of Dragons
10753,Heavy Antique Gloves,Armor,Basic,Heavy,2022-03-11T21:22:37Z,End of Dragons
10317,Heavy Antique Shoes,Armor,Basic,Heavy,2022-03-11T21:23:25Z,End of Dragons
10418,Heavy Antique Helm,Armor,Basic,Heavy,2022-03-11T21:24:06Z,End of Dragons
10576,Heavy Antique Leggings,Armor,Basic,Heavy,2022-03-11T21:24:47Z,End of Dragons
10451,Heavy Antique Shoulderpads,Armor,Basic,Heavy,2022-03-11T21:25:35Z,End of Dragons
10721,Bamboo Fishing Rod,Gathering,Basic,,2022-03-12T21:46:43Z,End of Dragons
10262,Gold Essence Hammer,Weapon,Basic,,2022-03-13T00:30:41Z,End of Dragons
10485,Gold Essence Rifle,Weapon,Basic,,2022-03-13T00:31:37Z,End of Dragons
10348,Gold Essence Pistol,Weapon,Basic,,2022-03-13T00:32:48Z,End of Dragons
10506,Gold Essence Scepter,Weapon,Basic,,2022-03-13T00:34:09Z,End of Dragons
10618,Gold Essence Mace,Weapon,Basic,,2022-03-13T00:34:48Z,End of Dragons
10296,Gold Essence Warhorn,Weapon,Basic,,2022-03-13T00:36:34Z,End of Dragons
10498,Gold Essence Short Bow,Weapon,Basic,,2022-03-13T00:38:08Z,End of Dragons
10477,Gold Essence Torch,Weapon,Basic,,2022-03-13T00:39:37Z,End of Dragons
10620,Gold Essence Greatsword,Weapon,Basic,,2022-03-13T00:41:31Z,End of Dragons
10396,Gold Essence Sword,Weapon,Basic,,2022-03-13T00:42:14Z,End of Dragons
10569,Gold Essence Staff,Weapon,Basic,,2022-03-13T00:42:58Z,End of Dragons
10409,Gold Essence Longbow,Weapon,Basic,,2022-03-13T00:44:01Z,End of Dragons
10354,Gold Essence Dagger,Weapon,Basic,,2022-03-13T00:44:40Z,End of Dragons
10509,Gold Essence Shield,Weapon,Basic,,2022-03-13T00:45:19Z,End of Dragons
10340,Gold Essence Focus,Weapon,Basic,,2022-03-13T00:45:51Z,End of Dragons
10419,Heavy Monastery Shoes,Armor,Basic,Heavy,2022-03-13T21:12:37Z,End of Dragons
10718,Heavy Monastery Gloves,Armor,Basic,Heavy,2022-03-13T21:13:30Z,End of Dragons
10237,Heavy Monastery Leggings,Armor,Basic,Heavy,2022-03-13T21:14:19Z,End of Dragons
10705,Heavy Monastery Headband,Armor,Basic,Heavy,2022-03-13T21:14:57Z,End of Dragons
10703,Heavy Monastery Vestments,Armor,Basic,Heavy,2022-03-13T21:15:44Z,End of Dragons
10243,Heavy Monastery Shoulderpads,Armor,Basic,Heavy,2022-03-13T21:17:01Z,End of Dragons
10695,Medium Monastery Coat,Armor,Basic,Medium,2022-03-13T21:19:24Z,End of Dragons
10400,Medium Monastery Leggings,Armor,Basic,Medium,2022-03-13T21:21:30Z,End of Dragons
10314,Light Monastery Leggings,Armor,Basic,Light,2022-03-13T21:22:26Z,End of Dragons
10365,Medium Monastery Shoes,Armor,Basic,Medium,2022-03-13T21:23:46Z,End of Dragons
10726,Medium Monastery Shoulderpads,Armor,Basic,Medium,2022-03-13T21:24:55Z,End of Dragons
10338,Medium Monastery Gloves,Armor,Basic,Medium,2022-03-13T21:25:37Z,End of Dragons
10483,Medium Monastery Headband,Armor,Basic,Medium,2022-03-13T21:26:16Z,End of Dragons
10293,Light Monastery Gloves,Armor,Basic,Light,2022-03-13T21:27:51Z,End of Dragons
10492,Light Monastery Shoulderpads,Armor,Basic,Light,2022-03-13T21:28:43Z,End of Dragons
10530,Light Monastery Headband,Armor,Basic,Light,2022-03-13T21:29:15Z,End of Dragons
10580,Light Monastery Shoes,Armor,Basic,Light,2022-03-14T00:31:08Z,End of Dragons
10754,Light Monastery Coat,Armor,Basic,Light,2022-03-14T00:33:27Z,End of Dragons
10766,Golden Dragon Fishing Rod,Gathering,Basic,,2022-03-15T20:07:00Z,End of Dragons
10303,Jade Tech Light Gloves,Armor,Basic,Light,2022-03-15T22:28:38Z,End of Dragons
10280,Jade Tech Helm,Armor,Basic,Heavy,2022-03-15T22:30:38Z,End of Dragons
10649,Jade Tech Medium Leggings,Armor,Basic,Medium,2022-03-15T22:32:37Z,End of Dragons
10333,Jade Tech Heavy Boots,Armor,Basic,Heavy,2022-03-15T23:19:31Z,End of Dragons
10522,Jade Tech Medium Gloves,Armor,Basic,Medium,2022-03-15T23:21:15Z,End of Dragons
10446,Jade Tech Medium Shoulderpads,Armor,Basic,Medium,2022-03-15T23:22:44Z,End of Dragons
10710,Jade Tech Heavy Leggings,Armor,Basic,Heavy,2022-03-15T23:24:33Z,End of Dragons
10416,Jade Tech Cuirass,Armor,Basic,Heavy,2022-03-15T23:32:01Z,End of Dragons
10411,Jade Tech Medium Boots,Armor,Basic,Medium,2022-03-15T23:38:56Z,End of Dragons
10476,Jade Tech Light Shoulderpads,Armor,Basic,Light,2022-03-15T23:40:14Z,End of Dragons
10395,Jade Tech Gauntlets,Armor,Basic,Heavy,2022-03-15T23:41:28Z,End of Dragons
10239,Jade Tech Hat,Armor,Basic,Medium,2022-03-15T23:44:08Z,End of Dragons
10708,Jade Tech Pauldrons,Armor,Basic,Heavy,2022-03-15T23:45:31Z,End of Dragons
10567,Jade Tech Skirt,Armor,Basic,Light,2022-03-15T23:46:53Z,End of Dragons
10679,Jade Tech Vest,Armor,Basic,Light,2022-03-15T23:48:11Z,End of Dragons
10374,Jade Tech Light Boots,Armor,Basic,Light,2022-03-15T23:51:33Z,End of Dragons
10612,Jade Tech Masque,Armor,Basic,Light,2022-03-15T23:53:47Z,End of Dragons
10763,Prayer Strip,Weapon,Basic,,2022-03-24T14:48:24Z,End of Dragons
10790,Reality Rig Mk1,Armor,Basic,Medium,2022-03-29T18:19:46Z,End of Dragons
10795,Reality Rig Mk1,Armor,Basic,Light,2022-03-29T18:19:46Z,End of Dragons
10797,Reality Rig Mk1,Armor,Basic,Heavy,2022-03-29T18:19:46Z,End of Dragons
10781,Reality Rig Mk2,Armor,Basic,Heavy,2022-03-29T18:23:20Z,End of Dragons
10782,Reality Rig Mk2,Armor,Basic,Light,2022-03-29T18:23:20Z,End of Dragons
10792,Reality Rig Mk2,Armor,Basic,Medium,2022-03-29T18:23:20Z,End of Dragons
10770,Reality Rig Mk3,Armor,Basic,Light,2022-03-29T18:24:05Z,End of Dragons
10778,Reality Rig Mk3,Armor,Basic,Medium,2022-03-29T18:24:05Z,End of Dragons
10779,Reality Rig Mk3,Armor,Basic,Heavy,2022-03-29T18:24:05Z,End of Dragons
10768,Hardlight Greatsword,Weapon,Basic,,2022-03-29T19:18:17Z,End of Dragons
10789,Elegant Canthan Staff,Weapon,Rare,,2022-03-29T20:15:48Z,End of Dragons
10793,Retro-Forged Hammer,Weapon,Basic,,2022-03-29T20:30:02Z,End of Dragons
10788,Hardlight Warhorn,Weapon,Basic,,2022-03-29T21:40:43Z,End of Dragons
10774,Hardlight Axe,Weapon,Basic,,2022-03-30T01:06:20Z,End of Dragons
10785,Hardlight Torch,Weapon,Basic,,2022-03-30T01:06:29Z,End of Dragons
10799,Hardlight Sword,Weapon,Basic,,2022-03-30T01:06:42Z,End of Dragons
10796,Hardlight Staff,Weapon,Basic,,2022-03-30T01:07:06Z,End of Dragons
10773,Hardlight Short Bow,Weapon,Basic,,2022-03-30T01:07:14Z,End of Dragons
10794,Hardlight Shield,Weapon,Basic,,2022-03-30T01:07:47Z,End of Dragons
10783,Hardlight Scepter,Weapon,Basic,,2022-03-30T01:07:54Z,End of Dragons
10771,Hardlight Rifle,Weapon,Basic,,2022-03-30T01:08:02Z,End of Dragons
10767,Hardlight Pistol,Weapon,Basic,,2022-03-30T01:08:05Z,End of Dragons
10787,Hardlight Longbow,Weapon,Basic,,2022-03-30T01:08:08Z,End of Dragons
10798,Hardlight Hammer,Weapon,Basic,,2022-03-30T01:08:14Z,End of Dragons
10775,Hardlight Focus,Weapon,Basic,,2022-03-30T01:08:18Z,End of Dragons
10776,Hardlight Mace,Weapon,Basic,,2022-03-30T01:08:21Z,End of Dragons
10772,Hardlight Dagger,Weapon,Basic,,2022-03-30T01:08:24Z,End of Dragons
10784,Retro-Forged Speargun,Weapon,Basic,,2022-03-30T04:35:28Z,End of Dragons
10769,Retro-Forged Short Bow,Weapon,Basic,,2022-03-30T17:55:10Z,End of Dragons
10791,Midnight Lotus Fishing Rod,Gathering,Basic,,2022-04-05T19:25:30Z,End of Dragons
10786,Concealed Jade Tech Pistol,Weapon,Basic,,2022-04-13T15:19:24Z,End of Dragons
10807,Steel Lotus Axe,Weapon,Basic,,2022-04-21T01:45:47Z,End of Dragons
10806,Steel Lotus Sword,Weapon,Basic,,2022-04-21T01:50:03Z,End of Dragons
10810,Steel Lotus Dagger,Weapon,Basic,,2022-04-21T01:57:11Z,End of Dragons
10823,Jade Tech Wings Backpack,Back,Basic,,2022-04-21T02:22:09Z,End of Dragons
10804,Steel Lotus Shield,Weapon,Basic,,2022-04-21T10:57:08Z,End of Dragons
10819,Steel Lotus Greatsword,Weapon,Basic,,2022-04-21T10:57:54Z,End of Dragons
10809,Steel Lotus Hammer,Weapon,Basic,,2022-04-21T10:58:33Z,End of Dragons
10826,Steel Lotus Longbow,Weapon,Basic,,2022-04-21T10:59:30Z,End of Dragons
10830,Steel Lotus Pistol,Weapon,Basic,,2022-04-21T11:00:32Z,End of Dragons
10808,Steel Lotus Rifle,Weapon,Basic,,2022-04-21T11:01:02Z,End of Dragons
10813,Steel Lotus Scepter,Weapon,Basic,,2022-04-21T11:01:53Z,End of Dragons
10812,Steel Lotus Short Bow,Weapon,Basic,,2022-04-21T11:02:40Z,End of Dragons
10802,Steel Lotus Staff,Weapon,Basic,,2022-04-21T11:03:23Z,End of Dragons
10800,Steel Lotus Torch,Weapon,Basic,,2022-04-21T11:04:10Z,End of Dragons
10820,Steel Lotus Warhorn,Weapon,Basic,,2022-04-21T11:04:49Z,End of Dragons
10829,Steel Lotus Focus,Weapon,Basic,,2022-04-21T11:06:49Z,End of Dragons
10827,Steel Lotus Mace,Weapon,Basic,,2022-04-21T11:07:31Z,End of Dragons
10814,Vermilion Pauldrons,Armor,Basic,Heavy,2022-04-27T19:21:03Z,End of Dragons
10817,Vermilion Pauldrons,Armor,Basic,Medium,2022-04-27T19:21:03Z,End of Dragons
10822,Vermilion Pauldrons,Armor,Basic,Light,2022-04-27T19:21:03Z,End of Dragons
10805,Thousand Seas Gourd,Back,Basic,,2022-04-28T02:08:35Z,End of Dragons
10818,Shiro's Legacy Greatsword,Weapon,Basic,,2022-05-03T20:03:31Z,End of Dragons
10824,Shiro's Legacy Sword,Weapon,Basic,,2022-05-03T20:04:48Z,End of Dragons
10816,Shiro's Legacy Backpack,Back,Basic,,2022-05-03T20:05:18Z,End of Dragons
10833,Jade Tech Eye Piece,Armor,Basic,Heavy,2022-05-10T19:22:50Z,End of Dragons
10834,Jade Tech Eye Piece,Armor,Basic,Light,2022-05-10T19:22:50Z,End of Dragons
10835,Jade Tech Eye Piece,Armor,Basic,Medium,2022-05-10T19:22:50Z,End of Dragons
10832,Jade Tech Fishing Rod,Gathering,Basic,,2022-05-17T20:34:01Z,End of Dragons
10601,Zhaitan's Wing,Weapon,Legendary,,2022-05-24T22:10:38Z,End of Dragons
10593,Zhaitan's Wisdom,Weapon,Legendary,,2022-05-24T22:12:27Z,End of Dragons
10350,Zhaitan's Fang,Weapon,Legendary,,2022-05-24T22:13:39Z,End of Dragons
10260,Zhaitan's Flight,Weapon,Legendary,,2022-05-24T22:14:40Z,End of Dragons
10515,Zhaitan's Weight,Weapon,Legendary,,2022-05-24T22:15:47Z,End of Dragons
10678,Zhaitan's Insight,Weapon,Legendary,,2022-05-24T22:16:52Z,End of Dragons
10729,Zhaitan's Argument,Weapon,Legendary,,2022-05-24T22:17:54Z,End of Dragons
10497,Zhaitan's Claw,Weapon,Legendary,,2022-05-24T22:23:23Z,End of Dragons
10739,Zhaitan's Bite,Weapon,Legendary,,2022-05-24T22:24:50Z,End of Dragons
10284,Zhaitan's Tail,Weapon,Legendary,,2022-05-24T22:26:04Z,End of Dragons
10266,Zhaitan's Breath,Weapon,Legendary,,2022-05-24T23:51:49Z,End of Dragons
10422,Zhaitan's Gaze,Weapon,Legendary,,2022-05-24T23:53:03Z,End of Dragons
10730,Zhaitan's Rending,Weapon,Legendary,,2022-05-24T23:54:01Z,End of Dragons
10517,Zhaitan's Persuasion,Weapon,Legendary,,2022-05-25T11:44:08Z,End of Dragons
10738,Zhaitan's Scale,Weapon,Legendary,,2022-05-25T16:51:11Z,End of Dragons
10410,Zhaitan's Voice,Weapon,Legendary,,2022-05-25T20:35:31Z,End of Dragons
10870,Draketalon Cleaver,Weapon,Basic,,2022-06-07T22:01:57Z,End of Dragons
10857,Draketalon Culverin,Weapon,Basic,,2022-06-07T22:04:06Z,End of Dragons
10858,Draketalon Partisan,Weapon,Basic,,2022-06-07T22:04:51Z,End of Dragons
10868,Dragonbone Warhorn,Weapon,Basic,,2022-06-07T22:32:04Z,End of Dragons
10872,Dragonbone Torch,Weapon,Basic,,2022-06-07T22:32:47Z,End of Dragons
10848,Dragonbone Sword,Weapon,Basic,,2022-06-07T22:33:41Z,End of Dragons
10855,Dragonbone Staff,Weapon,Basic,,2022-06-07T22:34:00Z,End of Dragons
10869,Dragonbone Short Bow,Weapon,Basic,,2022-06-07T22:34:25Z,End of Dragons
10860,Dragonbone Shield,Weapon,Basic,,2022-06-07T22:34:40Z,End of Dragons
10859,Dragonbone Scepter,Weapon,Basic,,2022-06-07T22:34:54Z,End of Dragons
10845,Dragonbone Blunderbuss,Weapon,Basic,,2022-06-07T22:35:18Z,End of Dragons
10861,Dragonbone Pistol,Weapon,Basic,,2022-06-07T22:35:37Z,End of Dragons
10873,Dragonbone Mace,Weapon,Basic,,2022-06-07T22:35:48Z,End of Dragons
10844,Dragonbone Longbow,Weapon,Basic,,2022-06-07T22:36:04Z,End of Dragons
10864,Dragonbone Hammer,Weapon,Basic,,2022-06-07T22:36:34Z,End of Dragons
10874,Dragonbone Greatsword,Weapon,Basic,,2022-06-07T22:37:45Z,End of Dragons
10863,Dragonbone Focus,Weapon,Basic,,2022-06-07T22:38:05Z,End of Dragons
10871,Dragonbone Dagger,Weapon,Basic,,2022-06-07T22:38:26Z,End of Dragons
10850,Dragonbone Axe,Weapon,Basic,,2022-06-07T22:38:43Z,End of Dragons
10856,Seven-Branched Sword,Weapon,Basic,,2022-06-08T01:53:40Z,End of Dragons
10838,Vermilion Vambraces,Armor,Basic,Heavy,2022-06-08T01:56:08Z,End of Dragons
10839,Vermilion Vambraces,Armor,Basic,Medium,2022-06-08T01:56:08Z,End of Dragons
10840,Vermilion Vambraces,Armor,Basic,Light,2022-06-08T01:56:08Z,End of Dragons
9457,Holographic Dragon Shoulders,Armor,Basic,Light,2022-06-08T12:45:32Z,End of Dragons
9460,Holographic Dragon Shoulders,Armor,Basic,Medium,2022-06-08T12:45:32Z,End of Dragons
9472,Holographic Dragon Shoulders,Armor,Basic,Heavy,2022-06-08T12:45:32Z,End of Dragons
10851,Holographic Dragon Greaves,Armor,Basic,Medium,2022-06-08T12:46:39Z,End of Dragons
10866,Holographic Dragon Greaves,Armor,Basic,Light,2022-06-08T12:46:39Z,End of Dragons
10875,Holographic Dragon Greaves,Armor,Basic,Heavy,2022-06-08T12:46:39Z,End of Dragons
8759,Leech,Weapon,Basic,,2022-06-12T21:08:34Z,End of Dragons
10537,Mordremoth's Scale,Weapon,Legendary,,2022-06-28T22:22:00Z,End of Dragons
10415,Mordremoth's Voice,Weapon,Legendary,,2022-06-28T22:29:58Z,End of Dragons
10499,Mordremoth's Rending,Weapon,Legendary,,2022-06-28T22:43:50Z,End of Dragons
10552,Mordremoth's Flight,Weapon,Legendary,,2022-06-28T22:47:18Z,End of Dragons
10630,Mordremoth's Wing,Weapon,Legendary,,2022-06-28T23:10:11Z,End of Dragons
10358,Mordremoth's Fang,Weapon,Legendary,,2022-06-28T23:11:33Z,End of Dragons
10711,Mordremoth's Weight,Weapon,Legendary,,2022-06-28T23:13:49Z,End of Dragons
10539,Mordremoth's Claw,Weapon,Legendary,,2022-06-28T23:15:41Z,End of Dragons
10347,Mordremoth's Bite,Weapon,Legendary,,2022-06-28T23:16:57Z,End of Dragons
10436,Mordremoth's Tail,Weapon,Legendary,,2022-06-28T23:18:20Z,End of Dragons
10353,Mordremoth's Argument,Weapon,Legendary,,2022-06-28T23:19:25Z,End of Dragons
10472,Mordremoth's Persuasion,Weapon,Legendary,,2022-06-28T23:20:27Z,End of Dragons
10381,Mordremoth's Wisdom,Weapon,Legendary,,2022-06-28T23:21:34Z,End of Dragons
10320,Mordremoth's Insight,Weapon,Legendary,,2022-06-28T23:22:27Z,End of Dragons
10481,Mordremoth's Gaze,Weapon,Legendary,,2022-06-28T23:23:36Z,End of Dragons
10541,Mordremoth's Breath,Weapon,Legendary,,2022-06-28T23:24:34Z,End of Dragons
10898,Void-Corrupted Orb,Back,Basic,,2022-06-28T23:45:18Z,End of Dragons
10877,Fox Fire Axe,Weapon,Basic,,2022-06-29T22:50:20Z,End of Dragons
10878,Fox Fire Warhorn,Weapon,Basic,,2022-06-29T23:56:57Z,End of Dragons
10889,Fox Fire Scepter,Weapon,Basic,,2022-06-30T00:00:33Z,End of Dragons
10894,Fox Fire Short Bow,Weapon,Basic,,2022-06-30T00:08:59Z,End of Dragons
10890,Fox Fire Sword,Weapon,Basic,,2022-06-30T00:20:36Z,End of Dragons
10885,Fox Fire Mace,Weapon,Basic,,2022-06-30T00:26:46Z,End of Dragons
10879,Fox Fire Focus,Weapon,Basic,,2022-06-30T00:29:00Z,End of Dragons
10883,Fox Fire Longbow,Weapon,Basic,,2022-06-30T00:30:32Z,End of Dragons
10887,Fox Fire Torch,Weapon,Basic,,2022-06-30T00:32:13Z,End of Dragons
10876,Fox Fire Staff,Weapon,Basic,,2022-06-30T00:33:54Z,End of Dragons
10882,Fox Fire Rifle,Weapon,Basic,,2022-06-30T00:35:22Z,End of Dragons
10895,Fox Fire Hammer,Weapon,Basic,,2022-06-30T00:36:28Z,End of Dragons
10891,Fox Fire Shield,Weapon,Basic,,2022-06-30T00:37:44Z,End of Dragons
10892,Fox Fire Pistol,Weapon,Basic,,2022-06-30T00:38:45Z,End of Dragons
10884,Fox Fire Greatsword,Weapon,Basic,,2022-06-30T00:41:14Z,End of Dragons
10893,Fox Fire Dagger,Weapon,Basic,,2022-06-30T00:45:03Z,End of Dragons
10888,New Kaineng Cape,Back,Basic,,2022-07-05T21:18:35Z,End of Dragons
10886,Red Crane Fishing Rod,Gathering,Basic,,2022-07-12T17:23:52Z,End of Dragons
10902,Tropical Feathered Cape,Back,Masterwork,,2022-07-19T18:24:05Z,End of Dragons
10927,Water Dragon Greaves,Armor,Basic,Heavy,2022-08-02T18:01:15Z,End of Dragons
10932,Water Dragon Greaves,Armor,Basic,Light,2022-08-02T18:01:15Z,End of Dragons
10953,Water Dragon Greaves,Armor,Basic,Medium,2022-08-02T18:01:15Z,End of Dragons
10907,Water Dragon Gauntlets,Armor,Basic,Medium,2022-08-02T18:03:53Z,End of Dragons
10943,Water Dragon Gauntlets,Armor,Basic,Light,2022-08-02T18:03:53Z,End of Dragons
10951,Water Dragon Gauntlets,Armor,Basic,Heavy,2022-08-02T18:03:53Z,End of Dragons
10950,Water Dragon Legguards,Armor,Basic,Light,2022-08-02T18:05:34Z,End of Dragons
10952,Water Dragon Legguards,Armor,Basic,Medium,2022-08-02T18:05:34Z,End of Dragons
10965,Water Dragon Legguards,Armor,Basic,Heavy,2022-08-02T18:05:34Z,End of Dragons
10920,Water Dragon Chestguard,Armor,Basic,Light,2022-08-02T18:06:16Z,End of Dragons
10928,Water Dragon Chestguard,Armor,Basic,Medium,2022-08-02T18:06:16Z,End of Dragons
10964,Water Dragon Chestguard,Armor,Basic,Heavy,2022-08-02T18:06:16Z,End of Dragons
10923,Zephyrite Shawl,Armor,Basic,Heavy,2022-08-02T18:30:06Z,End of Dragons
10930,Zephyrite Shawl,Armor,Basic,Medium,2022-08-02T18:30:06Z,End of Dragons
10959,Zephyrite Shawl,Armor,Basic,Light,2022-08-02T18:30:06Z,End of Dragons
10911,Windswept Mace,Weapon,Basic,,2022-08-02T19:14:40Z,End of Dragons
10948,Watchwork Mace,Weapon,Basic,,2022-08-02T19:18:59Z,End of Dragons
10676,Kralkatorrik's Rending,Weapon,Legendary,,2022-08-03T11:33:03Z,End of Dragons
10945,Watchwork Warhorn,Weapon,Basic,,2022-08-03T15:20:48Z,End of Dragons
10910,Watchwork Torch,Weapon,Basic,,2022-08-03T15:25:48Z,End of Dragons
10937,Watchwork Sword,Weapon,Basic,,2022-08-03T15:32:25Z,End of Dragons
10921,Watchwork Staff,Weapon,Basic,,2022-08-03T15:33:50Z,End of Dragons
10915,Watchwork Short Bow,Weapon,Basic,,2022-08-03T15:35:22Z,End of Dragons
10938,Watchwork Shield,Weapon,Basic,,2022-08-03T15:36:32Z,End of Dragons
10958,Watchwork Scepter,Weapon,Basic,,2022-08-03T15:37:41Z,End of Dragons
10954,Watchwork Rifle,Weapon,Basic,,2022-08-03T15:38:31Z,End of Dragons
10963,Watchwork Pistol,Weapon,Basic,,2022-08-03T15:39:33Z,End of Dragons
10919,Watchwork Longbow,Weapon,Basic,,2022-08-03T15:40:29Z,End of Dragons
10917,Watchwork Hammer,Weapon,Basic,,2022-08-03T15:41:07Z,End of Dragons
10955,Watchwork Greatsword,Weapon,Basic,,2022-08-03T15:41:55Z,End of Dragons
10926,Watchwork Focus,Weapon,Basic,,2022-08-03T15:42:40Z,End of Dragons
10913,Watchwork Dagger,Weapon,Basic,,2022-08-03T15:43:26Z,End of Dragons
10931,Watchwork Axe,Weapon,Basic,,2022-08-03T15:44:04Z,End of Dragons
10453,Kralkatorrik's Fang,Weapon,Legendary,,2022-08-03T16:30:03Z,End of Dragons
10693,Kralkatorrik's Weight,Weapon,Legendary,,2022-08-03T16:31:31Z,End of Dragons
10748,Kralkatorrik's Flight,Weapon,Legendary,,2022-08-03T16:32:26Z,End of Dragons
10583,Kralkatorrik's Wing,Weapon,Legendary,,2022-08-03T16:34:00Z,End of Dragons
10628,Kralkatorrik's Claw,Weapon,Legendary,,2022-08-03T16:35:55Z,End of Dragons
10949,Windswept Pistol,Weapon,Basic,,2022-08-03T16:36:27Z,End of Dragons
10712,Kralkatorrik's Bite,Weapon,Legendary,,2022-08-03T16:36:48Z,End of Dragons
10329,Kralkatorrik's Tail,Weapon,Legendary,,2022-08-03T16:38:01Z,End of Dragons
10394,Kralkatorrik's Argument,Weapon,Legendary,,2022-08-03T16:39:16Z,End of Dragons
10437,Kralkatorrik's Persuasion,Weapon,Legendary,,2022-08-03T16:40:51Z,End of Dragons
10940,Windswept Blade,Weapon,Basic,,2022-08-03T16:41:35Z,End of Dragons
10962,Windswept Scepter,Weapon,Basic,,2022-08-03T16:44:46Z,End of Dragons
10685,Kralkatorrik's Wisdom,Weapon,Legendary,,2022-08-03T16:50:59Z,End of Dragons
10414,Kralkatorrik's Insight,Weapon,Legendary,,2022-08-03T16:52:20Z,End of Dragons
10429,Kralkatorrik's Gaze,Weapon,Legendary,,2022-08-03T16:54:22Z,End of Dragons
10251,Kralkatorrik's Breath,Weapon,Legendary,,2022-08-03T16:55:50Z,End of Dragons
10355,Kralkatorrik's Voice,Weapon,Legendary,,2022-08-03T16:57:07Z,End of Dragons
10632,Kralkatorrik's Scale,Weapon,Legendary,,2022-08-03T16:58:14Z,End of Dragons
10941,Jade Tech Jetpack Backpack,Back,Basic,,2022-08-03T23:43:53Z,End of Dragons
10961,Water Dragon Spear,Weapon,Basic,,2022-08-09T17:10:57Z,End of Dragons
10912,Water Dragon Wings Backpack,Back,Basic,,2022-08-09T17:24:43Z,End of Dragons
10881,Holographic Koi,Back,Basic,,2022-08-11T21:27:01Z,End of Dragons
10957,Geomantic Fishing Rod,Gathering,Basic,,2022-08-16T19:06:04Z,End of Dragons
10908,Dragon Decade Staff,Weapon,Basic,,2022-08-22T20:24:32Z,End of Dragons
10936,Dragon Decade Greatsword,Weapon,Basic,,2022-08-22T20:26:38Z,End of Dragons
10944,Dragon Decade Shield,Weapon,Basic,,2022-08-22T20:40:53Z,End of Dragons
10946,Dragon Decade Sword,Weapon,Basic,,2022-08-23T07:29:59Z,End of Dragons
10929,Dragon Decade Pistol,Weapon,Basic,,2022-08-23T07:31:56Z,End of Dragons
10939,Dragon Decade Axe,Weapon,Basic,,2022-08-23T07:39:59Z,End of Dragons
10909,Dragon Decade Dagger,Weapon,Basic,,2022-08-23T08:49:58Z,End of Dragons
10966,Dragon Decade Mace,Weapon,Basic,,2022-08-23T09:01:07Z,End of Dragons
10956,Dragon Decade Scepter,Weapon,Basic,,2022-08-23T09:03:30Z,End of Dragons
10960,Dragon Decade Focus,Weapon,Basic,,2022-08-23T09:05:01Z,End of Dragons
10935,Dragon Decade Torch,Weapon,Basic,,2022-08-23T09:05:54Z,End of Dragons
10942,Dragon Decade Warhorn,Weapon,Basic,,2022-08-23T09:06:40Z,End of Dragons
10922,Dragon Decade Hammer,Weapon,Basic,,2022-08-23T09:07:34Z,End of Dragons
10914,Dragon Decade Longbow,Weapon,Basic,,2022-08-23T09:08:15Z,End of Dragons
10934,Dragon Decade Rifle,Weapon,Basic,,2022-08-23T09:08:57Z,End of Dragons
10933,Dragon Decade Short Bow,Weapon,Basic,,2022-08-23T09:14:27Z,End of Dragons
11027,Decade's War,Back,Basic,,2022-08-24T00:05:26Z,End of Dragons
11025,Decade's Guild,Back,Basic,,2022-08-24T00:28:21Z,End of Dragons
11001,Etherbound Legguard,Armor,Basic,Light,2022-08-30T17:48:35Z,End of Dragons
11010,Etherbound Legguard,Armor,Basic,Medium,2022-08-30T17:48:35Z,End of Dragons
11011,Etherbound Legguard,Armor,Basic,Heavy,2022-08-30T17:48:35Z,End of Dragons
10980,Etherbound Chestplate,Armor,Basic,Medium,2022-08-30T18:05:03Z,End of Dragons
11029,Etherbound Chestplate,Armor,Basic,Heavy,2022-08-30T18:05:03Z,End of Dragons
11030,Etherbound Chestplate,Armor,Basic,Light,2022-08-30T18:05:03Z,End of Dragons
10990,New Kaineng Greatsword,Weapon,Basic,,2022-09-08T00:53:56Z,End of Dragons
10970,War Machine Shield,Weapon,Basic,,2022-09-08T02:54:17Z,End of Dragons
11036,Devil-Rending Greataxe Hammer,Weapon,Basic,,2022-09-14T07:54:43Z,End of Dragons
11033,Shrine Guardian Fishing Rod,Gathering,Basic,,2022-09-20T19:09:45Z,End of Dragons
11042,Frostblossom,Weapon,Basic,,2022-09-27T17:35:59Z,End of Dragons
11004,New Kaineng Sword,Weapon,Basic,,2022-10-04T19:12:08Z,End of Dragons
10975,New Kaineng Scepter,Weapon,Basic,,2022-10-04T19:25:43Z,End of Dragons
10984,New Kaineng Axe,Weapon,Basic,,2022-10-04T20:01:14Z,End of Dragons
11023,New Kaineng Dagger,Weapon,Basic,,2022-10-04T20:04:24Z,End of Dragons
11006,New Kaineng Mace,Weapon,Basic,,2022-10-04T20:04:55Z,End of Dragons
10979,New Kaineng Pistol,Weapon,Basic,,2022-10-04T20:05:17Z,End of Dragons
11024,New Kaineng Focus,Weapon,Basic,,2022-10-04T20:08:10Z,End of Dragons
11015,New Kaineng Shield,Weapon,Basic,,2022-10-04T20:08:23Z,End of Dragons
11002,New Kaineng Torch,Weapon,Basic,,2022-10-04T20:08:36Z,End of Dragons
10971,New Kaineng Warhorn,Weapon,Basic,,2022-10-04T20:08:57Z,End of Dragons
10989,New Kaineng Hammer,Weapon,Basic,,2022-10-04T20:13:59Z,End of Dragons
10972,New Kaineng Longbow,Weapon,Basic,,2022-10-04T20:14:13Z,End of Dragons
11013,New Kaineng Rifle,Weapon,Basic,,2022-10-04T20:14:26Z,End of Dragons
11022,New Kaineng Short Bow,Weapon,Basic,,2022-10-04T20:14:38Z,End of Dragons
10998,New Kaineng Staff,Weapon,Basic,,2022-10-04T20:14:50Z,End of Dragons
10327,Jormag's Insight,Weapon,Legendary,,2022-10-04T20:21:47Z,End of Dragons
10390,Jormag's Rending,Weapon,Legendary,,2022-10-04T20:33:06Z,End of Dragons
10250,Jormag's Flight,Weapon,Legendary,,2022-10-04T20:37:26Z,End of Dragons
10747,Jormag's Wing,Weapon,Legendary,,2022-10-04T20:38:33Z,End of Dragons
10363,Jormag's Claw,Weapon,Legendary,,2022-10-04T20:39:16Z,End of Dragons
10449,Jormag's Gaze,Weapon,Legendary,,2022-10-04T20:41:36Z,End of Dragons
10525,Jormag's Bite,Weapon,Legendary,,2022-10-04T20:43:24Z,End of Dragons
10294,Jormag's Weight,Weapon,Legendary,,2022-10-04T20:44:25Z,End of Dragons
10417,Jormag's Tail,Weapon,Legendary,,2022-10-04T20:45:10Z,End of Dragons
10480,Jormag's Argument,Weapon,Legendary,,2022-10-04T20:46:43Z,End of Dragons
10343,Jormag's Persuasion,Weapon,Legendary,,2022-10-04T20:47:28Z,End of Dragons
10301,Jormag's Wisdom,Weapon,Legendary,,2022-10-04T20:48:12Z,End of Dragons
10332,Jormag's Scale,Weapon,Legendary,,2022-10-04T20:48:50Z,End of Dragons
10544,Jormag's Voice,Weapon,Legendary,,2022-10-04T20:52:26Z,End of Dragons
10697,Jormag's Breath,Weapon,Legendary,,2022-10-04T21:10:08Z,End of Dragons
11051,Umbral Serpent Backpack,Back,Basic,,2022-10-04T22:26:55Z,End of Dragons
11055,Pale Light's Companions,Weapon,Basic,,2022-10-18T19:55:21Z,End of Dragons
11071,Harvest's Grin,Weapon,Basic,,2022-10-18T19:56:09Z,End of Dragons
11062,Nightmare Splitter,Weapon,Basic,,2022-10-18T19:56:41Z,End of Dragons
11082,Chained Axe,Weapon,Basic,,2022-10-19T09:19:11Z,End of Dragons
11094,Chained Shield,Weapon,Basic,,2022-10-19T09:24:48Z,End of Dragons
11054,Chained Scepter,Weapon,Basic,,2022-10-19T09:26:29Z,End of Dragons
11085,Chained Pistol,Weapon,Basic,,2022-10-19T09:27:28Z,End of Dragons
11098,Chained Sword,Weapon,Basic,,2022-10-19T09:28:29Z,End of Dragons
11076,Chained Warhorn,Weapon,Basic,,2022-10-19T09:29:28Z,End of Dragons
11061,Chained Hammer,Weapon,Basic,,2022-10-19T09:30:45Z,End of Dragons
11090,Chained Short Bow,Weapon,Basic,,2022-10-19T09:31:41Z,End of Dragons
11089,Chained Rifle,Weapon,Basic,,2022-10-19T09:32:49Z,End of Dragons
11093,Chained Torch,Weapon,Basic,,2022-10-19T09:33:39Z,End of Dragons
11073,Chained Staff,Weapon,Basic,,2022-10-19T09:34:46Z,End of Dragons
11088,Chained Mace,Weapon,Basic,,2022-10-19T09:35:57Z,End of Dragons
11064,Chained Dagger,Weapon,Basic,,2022-10-19T09:38:04Z,End of Dragons
11067,Chained Greatsword,Weapon,Basic,,2022-10-19T09:39:09Z,End of Dragons
11084,Chained Focus,Weapon,Basic,,2022-10-19T09:42:09Z,End of Dragons
11079,Chained Longbow,Weapon,Basic,,2022-10-19T09:43:06Z,End of Dragons
11056,Dokkaebi Axe,Weapon,Basic,,2022-10-19T10:31:58Z,End of Dragons
11083,Dokkaebi Greatsword,Weapon,Basic,,2022-10-19T10:43:43Z,End of Dragons
11075,Dokkaebi Focus,Weapon,Basic,,2022-10-19T10:44:52Z,End of Dragons
11058,Dokkaebi Torch,Weapon,Basic,,2022-10-19T10:45:53Z,End of Dragons
11057,Dokkaebi Sword,Weapon,Basic,,2022-10-19T10:46:48Z,End of Dragons
11072,Dokkaebi Pistol,Weapon,Basic,,2022-10-19T10:47:32Z,End of Dragons
11074,Dokkaebi Dagger,Weapon,Basic,,2022-10-19T10:48:18Z,End of Dragons
11092,Dokkaebi Rifle,Weapon,Basic,,2022-10-19T10:49:19Z,End of Dragons
11099,Dokkaebi Hammer,Weapon,Basic,,2022-10-19T10:50:05Z,End of Dragons
11077,Dokkaebi Scepter,Weapon,Basic,,2022-10-19T10:50:50Z,End of Dragons
11096,Dokkaebi Warhorn,Weapon,Basic,,2022-10-19T10:51:38Z,End of Dragons
11060,Dokkaebi Staff,Weapon,Basic,,2022-10-19T10:52:25Z,End of Dragons
11066,Dokkaebi Mace,Weapon,Basic,,2022-10-19T10:53:10Z,End of Dragons
11095,Dokkaebi Longbow,Weapon,Basic,,2022-10-19T10:53:55Z,End of Dragons
11091,Dokkaebi Short Bow,Weapon,Basic,,2022-10-19T10:54:56Z,End of Dragons
11081,Dokkaebi Shield,Weapon,Basic,,2022-10-19T10:55:52Z,End of Dragons
10999,War Machine Axe,Weapon,Basic,,2022-10-20T09:53:31Z,End of Dragons
11020,War Machine Staff,Weapon,Basic,,2022-10-20T09:55:33Z,End of Dragons
11017,War Machine Scepter,Weapon,Basic,,2022-10-20T09:56:44Z,End of Dragons
11021,War Machine Longbow,Weapon,Basic,,2022-10-20T09:58:32Z,End of Dragons
11007,War Machine Greatsword,Weapon,Basic,,2022-10-20T09:59:29Z,End of Dragons
10968,War Machine Hammer,Weapon,Basic,,2022-10-20T10:00:21Z,End of Dragons
10983,War Machine Pistol,Weapon,Basic,,2022-10-20T10:01:13Z,End of Dragons
10973,War Machine Rifle,Weapon,Basic,,2022-10-20T10:04:03Z,End of Dragons
10977,War Machine Sword,Weapon,Basic,,2022-10-20T10:04:50Z,End of Dragons
11019,War Machine Warhorn,Weapon,Basic,,2022-10-20T10:05:53Z,End of Dragons
11003,War Machine Dagger,Weapon,Basic,,2022-10-20T10:06:39Z,End of Dragons
10985,War Machine Focus,Weapon,Basic,,2022-10-20T10:07:28Z,End of Dragons
10988,War Machine Mace,Weapon,Basic,,2022-10-20T10:08:17Z,End of Dragons
11014,War Machine Torch,Weapon,Basic,,2022-10-20T10:08:55Z,End of Dragons
11016,War Machine Short Bow,Weapon,Basic,,2022-10-20T10:09:45Z,End of Dragons
11070,Guardian Angel Cape,Back,Masterwork,,2022-10-25T16:48:08Z,End of Dragons
11087,Mad King Fishing Rod,Gathering,Basic,,2022-10-26T07:26:22Z,End of Dragons
11063,Rift Warden Helm,Armor,Basic,Heavy,2022-11-01T17:50:29Z,End of Dragons
11078,Rift Warden Helm,Armor,Basic,Light,2022-11-01T17:50:29Z,End of Dragons
11097,Rift Warden Helm,Armor,Basic,Medium,2022-11-01T17:50:29Z,End of Dragons
11116,Divine Conqueror Cape,Back,Masterwork,,2022-11-09T02:46:53Z,End of Dragons
11118,Lion Captain's Cape,Back,Basic,,2022-11-09T15:44:39Z,End of Dragons
11140,Aetherized Arsenite Greatsword,Weapon,Basic,,2022-11-12T08:41:59Z,End of Dragons
11130,Aetherized Vermilion Greatsword,Weapon,Basic,,2022-11-12T08:42:57Z,End of Dragons
11107,Aetherized Indigo Greatsword,Weapon,Basic,,2022-11-12T08:43:22Z,End of Dragons
11127,Aetherized Indigo Staff,Weapon,Basic,,2022-11-12T08:44:28Z,End of Dragons
11103,Aetherized Vermilion Staff,Weapon,Basic,,2022-11-12T08:45:13Z,End of Dragons
11138,Aetherized Arsenite Staff,Weapon,Basic,,2022-11-12T08:46:13Z,End of Dragons
11139,Aetherized Vermilion Hammer,Weapon,Basic,,2022-11-12T08:47:22Z,End of Dragons
11114,Aetherized Arsenite Hammer,Weapon,Basic,,2022-11-12T08:48:28Z,End of Dragons
11131,Aetherized Indigo Hammer,Weapon,Basic,,2022-11-12T08:48:58Z,End of Dragons
11125,Lightning Wings Backpack,Back,Basic,,2022-11-15T20:17:21Z,End of Dragons
10696,Primordus's Rending,Weapon,Legendary,,2022-11-29T21:59:41Z,End of Dragons
10491,Primordus's Flight,Weapon,Legendary,,2022-11-29T22:00:48Z,End of Dragons
10287,Primordus's Wing,Weapon,Legendary,,2022-11-29T22:02:00Z,End of Dragons
10366,Primordus's Gaze,Weapon,Legendary,,2022-11-29T22:03:08Z,End of Dragons
10346,Primordus's Claw,Weapon,Legendary,,2022-11-29T22:04:11Z,End of Dragons
10345,Primordus's Bite,Weapon,Legendary,,2022-11-29T22:06:07Z,End of Dragons
10532,Primordus's Weight,Weapon,Legendary,,2022-11-29T22:07:12Z,End of Dragons
10645,Primordus's Tail,Weapon,Legendary,,2022-11-29T22:08:31Z,End of Dragons
10513,Primordus's Argument,Weapon,Legendary,,2022-11-29T22:09:53Z,End of Dragons
10388,Primordus's Persuasion,Weapon,Legendary,,2022-11-29T22:11:21Z,End of Dragons
10674,Primordus's Wisdom,Weapon,Legendary,,2022-11-29T22:12:31Z,End of Dragons
10579,Primordus's Scale,Weapon,Legendary,,2022-11-29T22:13:29Z,End of Dragons
10252,Primordus's Insight,Weapon,Legendary,,2022-11-29T22:16:14Z,End of Dragons
10660,Primordus's Fang,Weapon,Legendary,,2022-11-29T22:17:24Z,End of Dragons
10311,Primordus's Breath,Weapon,Legendary,,2022-11-29T22:19:41Z,End of Dragons
10288,Primordus's Voice,Weapon,Legendary,,2022-11-29T22:21:01Z,End of Dragons
11160,Infernal Flail Mace,Weapon,Basic,,2022-11-29T22:29:34Z,End of Dragons
11152,Prototype Assault Knight Helm,Armor,Basic,Heavy,2022-11-29T23:42:00Z,End of Dragons
11153,Prototype Assault Knight Helm,Armor,Basic,Light,2022-11-29T23:42:00Z,End of Dragons
11155,Prototype Assault Knight Helm,Armor,Basic,Medium,2022-11-29T23:42:00Z,End of Dragons
11154,Toy Duck Fishing Rod,Gathering,Basic,,2022-12-06T19:22:34Z,End of Dragons
11165,Snow Garden Hammer,Weapon,Basic,,2022-12-06T23:41:26Z,End of Dragons
11147,Snow Garden Torch,Weapon,Basic,,2022-12-06T23:58:32Z,End of Dragons
11156,Snow Garden Staff,Weapon,Basic,,2022-12-07T00:04:16Z,End of Dragons
11145,Snow Garden Greatsword,Weapon,Basic,,2022-12-07T00:07:48Z,End of Dragons
11169,Snow Garden Sword,Weapon,Basic,,2022-12-07T00:13:58Z,End of Dragons
11159,Snow Garden Shield,Weapon,Basic,,2022-12-07T00:18:50Z,End of Dragons
11157,Snow Garden Scepter,Weapon,Basic,,2022-12-07T00:21:19Z,End of Dragons
11168,Snow Garden Rifle,Weapon,Basic,,2022-12-07T00:23:36Z,End of Dragons
11161,Snow Garden Pistol,Weapon,Basic,,2022-12-07T00:25:34Z,End of Dragons
11146,Snow Garden Longbow,Weapon,Basic,,2022-12-07T00:28:00Z,End of Dragons
11149,Snow Garden Focus,Weapon,Basic,,2022-12-07T00:31:47Z,End of Dragons
11166,Snow Garden Axe,Weapon,Basic,,2022-12-07T00:33:29Z,End of Dragons
11148,Snow Garden Short Bow,Weapon,Basic,,2022-12-07T00:41:20Z,End of Dragons
11163,Snow Garden Dagger,Weapon,Basic,,2022-12-07T00:41:55Z,End of Dragons
11164,Snow Garden Warhorn,Weapon,Basic,,2022-12-07T00:42:52Z,End of Dragons
11170,Snow Garden Mace,Weapon,Basic,,2022-12-07T00:43:44Z,End of Dragons
11195,Snowdrift Axe,Weapon,Basic,,2022-12-13T18:26:07Z,End of Dragons
11174,Snowdrift Dagger,Weapon,Basic,,2022-12-13T18:26:55Z,End of Dragons
11198,Snowdrift Focus,Weapon,Basic,,2022-12-13T18:27:46Z,End of Dragons
11196,Snowdrift Greatsword,Weapon,Basic,,2022-12-13T18:28:23Z,End of Dragons
11175,Snowdrift Hammer,Weapon,Basic,,2022-12-13T18:28:40Z,End of Dragons
11173,Snowdrift Longbow,Weapon,Basic,,2022-12-13T18:28:58Z,End of Dragons
11197,Snowdrift Mace,Weapon,Basic,,2022-12-13T18:29:10Z,End of Dragons
11193,Snowdrift Pistol,Weapon,Basic,,2022-12-13T18:29:24Z,End of Dragons
11183,Snowdrift Rifle,Weapon,Basic,,2022-12-13T18:29:38Z,End of Dragons
11181,Greatcracker's Legend,Weapon,Basic,,2022-12-13T18:29:43Z,End of Dragons
11185,Snowdrift Scepter,Weapon,Basic,,2022-12-13T18:29:55Z,End of Dragons
11191,Snowdrift Shield,Weapon,Basic,,2022-12-13T18:30:06Z,End of Dragons
11186,Snowdrift Short Bow,Weapon,Basic,,2022-12-13T18:31:05Z,End of Dragons
11172,Snowdrift Staff,Weapon,Basic,,2022-12-13T18:31:25Z,End of Dragons
11180,Snowdrift Sword,Weapon,Basic,,2022-12-13T18:31:50Z,End of Dragons
11190,Silent Forest's Bell,Weapon,Basic,,2022-12-13T18:31:57Z,End of Dragons
11194,Snowdrift Torch,Weapon,Basic,,2022-12-13T18:32:08Z,End of Dragons
11178,Snowdrift Warhorn,Weapon,Basic,,2022-12-13T18:32:22Z,End of Dragons
11177,Call of Cheer,Weapon,Basic,,2022-12-13T18:33:28Z,End of Dragons
11187,Crescent Moon Scepter,Weapon,Basic,,2022-12-21T11:12:01Z,End of Dragons
10987,Etherbound Helm,Armor,Basic,Heavy,2022-12-27T17:50:41Z,End of Dragons
10997,Etherbound Helm,Armor,Basic,Medium,2022-12-27T17:50:41Z,End of Dragons
11000,Etherbound Helm,Armor,Basic,Light,2022-12-27T17:50:41Z,End of Dragons
11209,Lucky Rabbit Lantern,Back,Rare,,2023-01-10T17:17:40Z,End of Dragons
11206,Lucky Great Rabbit Lantern,Back,Exotic,,2023-01-10T17:29:06Z,End of Dragons
11222,First Night's Spark,Weapon,Basic,,2023-01-10T18:57:29Z,End of Dragons
11227,Moon Rabbit's Guidance,Weapon,Basic,,2023-01-10T19:10:41Z,End of Dragons
11205,Embellished Rabbit Vest,Armor,Basic,Heavy,2023-01-10T20:06:31Z,End of Dragons
11212,Embellished Rabbit Vest,Armor,Basic,Medium,2023-01-10T20:06:31Z,End of Dragons
11226,Embellished Rabbit Vest,Armor,Basic,Light,2023-01-10T20:06:31Z,End of Dragons
11208,Firework Axe,Weapon,Basic,,2023-01-10T20:18:04Z,End of Dragons
11217,Firework Dagger,Weapon,Basic,,2023-01-10T20:20:25Z,End of Dragons
11201,Firework Mace,Weapon,Basic,,2023-01-10T20:21:03Z,End of Dragons
11230,Firework Pistol,Weapon,Basic,,2023-01-10T20:21:28Z,End of Dragons
11219,Firework Scepter,Weapon,Basic,,2023-01-10T20:21:51Z,End of Dragons
11220,Firework Sword,Weapon,Basic,,2023-01-10T20:22:56Z,End of Dragons
11211,Firework Focus,Weapon,Basic,,2023-01-10T20:24:33Z,End of Dragons
11215,Firework Shield,Weapon,Basic,,2023-01-10T20:24:58Z,End of Dragons
11232,Firework Torch,Weapon,Basic,,2023-01-10T20:25:28Z,End of Dragons
11207,Firework Warhorn,Weapon,Basic,,2023-01-10T20:25:51Z,End of Dragons
11213,Firework Greatsword,Weapon,Basic,,2023-01-10T20:26:15Z,End of Dragons
11218,Firework Hammer,Weapon,Basic,,2023-01-10T20:26:36Z,End of Dragons
11203,Firework Longbow,Weapon,Basic,,2023-01-10T20:26:53Z,End of Dragons
11214,Firework Rifle,Weapon,Basic,,2023-01-10T20:27:16Z,End of Dragons
11202,Firework Short Bow,Weapon,Basic,,2023-01-10T20:27:39Z,End of Dragons
11225,Firework Staff,Weapon,Basic,,2023-01-10T20:28:03Z,End of Dragons
11210,Fortunate Blossom Fishing Rod,Gathering,Basic,,2023-01-11T12:00:12Z,End of Dragons
11086,Magmatic Torch,Weapon,Basic,,2023-01-17T17:35:26Z,End of Dragons
11204,Soul River Hound,Weapon,Basic,,2023-01-25T22:29:03Z,End of Dragons
11199,Elegant Silk Scarf,Armor,Basic,Light,2023-01-26T17:51:55Z,End of Dragons
11223,Elegant Silk Scarf,Armor,Basic,Heavy,2023-01-26T17:51:55Z,End of Dragons
11229,Elegant Silk Scarf,Armor,Basic,Medium,2023-01-26T17:51:55Z,End of Dragons
11247,Devil-Rending Cape,Back,Masterwork,,2023-01-31T18:05:41Z,End of Dragons
11246,Canthan Phoenix Wings Backpack,Back,Basic,,2023-02-01T00:32:08Z,End of Dragons
11242,Reflective Koi Staff,Weapon,Basic,,2023-02-01T21:23:28Z,End of Dragons
11244,Reflective Koi Focus,Weapon,Basic,,2023-02-01T21:25:13Z,End of Dragons
11249,Reflective Koi Torch,Weapon,Basic,,2023-02-01T21:47:58Z,End of Dragons
11241,Reflective Koi Axe,Weapon,Basic,,2023-02-01T21:49:26Z,End of Dragons
11237,Reflective Koi Scepter,Weapon,Basic,,2023-02-01T22:29:44Z,End of Dragons
11234,Reflective Koi Shield,Weapon,Basic,,2023-02-01T23:31:38Z,End of Dragons
11245,Reflective Koi Sword,Weapon,Basic,,2023-02-02T20:06:18Z,End of Dragons
11239,Reflective Koi Short Bow,Weapon,Basic,,2023-02-02T20:07:18Z,End of Dragons
11238,Reflective Koi Mace,Weapon,Basic,,2023-02-02T20:08:04Z,End of Dragons
11252,Reflective Koi Rifle,Weapon,Basic,,2023-02-02T20:08:36Z,End of Dragons
11250,Reflective Koi Pistol,Weapon,Basic,,2023-02-02T20:09:06Z,End of Dragons
11248,Reflective Koi Greatsword,Weapon,Basic,,2023-02-02T20:09:50Z,End of Dragons
11251,Reflective Koi Warhorn,Weapon,Basic,,2023-02-02T20:10:24Z,End of Dragons
11235,Reflective Koi Hammer,Weapon,Basic,,2023-02-02T20:10:48Z,End of Dragons
11243,Reflective Koi Longbow,Weapon,Basic,,2023-02-02T20:11:15Z,End of Dragons
11240,Reflective Koi Dagger,Weapon,Basic,,2023-02-02T20:11:40Z,End of Dragons
11236,Star Caller Warhorn,Weapon,Basic,,2023-02-08T01:23:21Z,End of Dragons
11253,Equinox Wings Backpack,Back,Basic,,2023-02-14T17:56:31Z,End of Dragons
11144,Battlelord's Cape,Back,Masterwork,,2023-02-16T16:31:35Z,End of Dragons
11257,Swaggering Cape,Back,Masterwork,,2023-02-21T16:34:20Z,End of Dragons
11255,Kraken's Grasp Fishing Rod,Gathering,Basic,,2023-02-21T16:41:53Z,End of Dragons
11262,Jade Tech Visor,Armor,Basic,Light,2023-02-28T17:19:41Z,End of Dragons
11285,Jade Tech Visor,Armor,Basic,Heavy,2023-02-28T17:19:41Z,End of Dragons
11330,Jade Tech Visor,Armor,Basic,Medium,2023-02-28T17:19:41Z,End of Dragons
11300,Fate Unraveling Sword,Weapon,Basic,,2023-02-28T22:06:27Z,End of Dragons
10623,Soo-Won's Rending,Weapon,Legendary,,2023-03-01T03:46:44Z,End of Dragons
10448,Soo-Won's Argument,Weapon,Legendary,,2023-03-01T05:18:55Z,End of Dragons
10550,Soo-Won's Claw,Weapon,Legendary,,2023-03-01T07:16:12Z,End of Dragons
11261,Minister's Hat,Armor,Basic,Light,2023-03-01T17:39:16Z,End of Dragons
11276,Minister's Hat,Armor,Basic,Heavy,2023-03-01T17:39:16Z,End of Dragons
11343,Minister's Hat,Armor,Basic,Medium,2023-03-01T17:39:16Z,End of Dragons
11322,Holo Cape Projector,Back,Basic,,2023-03-01T21:07:47Z,End of Dragons
10564,Soo-Won's Flight,Weapon,Legendary,,2023-03-02T09:54:11Z,End of Dragons
10521,Soo-Won's Insight,Weapon,Legendary,,2023-03-02T10:18:04Z,End of Dragons
10490,Soo-Won's Wisdom,Weapon,Legendary,,2023-03-02T10:21:35Z,End of Dragons
10511,Soo-Won's Wing,Weapon,Legendary,,2023-03-02T10:23:15Z,End of Dragons
10596,Soo-Won's Fang,Weapon,Legendary,,2023-03-02T10:23:55Z,End of Dragons
10716,Soo-Won's Weight,Weapon,Legendary,,2023-03-02T10:24:30Z,End of Dragons
10309,Soo-Won's Bite,Weapon,Legendary,,2023-03-02T10:25:08Z,End of Dragons
10324,Soo-Won's Scale,Weapon,Legendary,,2023-03-02T10:25:44Z,End of Dragons
10570,Soo-Won's Persuasion,Weapon,Legendary,,2023-03-02T10:26:16Z,End of Dragons
10720,Soo-Won's Breath,Weapon,Legendary,,2023-03-02T10:26:50Z,End of Dragons
10259,Soo-Won's Gaze,Weapon,Legendary,,2023-03-02T10:29:31Z,End of Dragons
10496,Soo-Won's Tail,Weapon,Legendary,,2023-03-02T10:32:26Z,End of Dragons
10244,Soo-Won's Voice,Weapon,Legendary,,2023-03-02T10:33:04Z,End of Dragons
11266,Grinning Tahkayun Mask,Armor,Basic,Light,2023-03-02T14:54:51Z,End of Dragons
11290,Grinning Tahkayun Mask,Armor,Basic,Heavy,2023-03-02T14:54:51Z,End of Dragons
11323,Grinning Tahkayun Mask,Armor,Basic,Medium,2023-03-02T14:54:51Z,End of Dragons
11359,Etched Porcelain Greatsword,Weapon,Basic,,2023-03-21T16:03:06Z,End of Dragons
11361,Voidflame Assassin Dagger,Weapon,Basic,,2023-03-21T17:53:14Z,End of Dragons
11376,Retro-Forged Dagger,Weapon,Basic,,2023-03-28T17:22:29Z,End of Dragons
11370,Retro-Forged Mace,Weapon,Basic,,2023-03-28T17:25:40Z,End of Dragons
11405,Retro-Forged Rifle,Weapon,Basic,,2023-03-28T17:28:10Z,End of Dragons
11402,Generation One Warhorn,Weapon,Basic,,2023-03-28T19:21:20Z,End of Dragons
11401,Generation One Torch,Weapon,Basic,,2023-03-28T19:23:37Z,End of Dragons
11372,Generation One Sword,Weapon,Basic,,2023-03-28T19:24:02Z,End of Dragons
11385,Generation One Staff,Weapon,Basic,,2023-03-28T19:24:28Z,End of Dragons
11375,Generation One Short Bow,Weapon,Basic,,2023-03-28T19:25:27Z,End of Dragons
11368,Generation One Shield,Weapon,Basic,,2023-03-28T19:25:53Z,End of Dragons
11388,Generation One Scepter,Weapon,Basic,,2023-03-28T19:26:17Z,End of Dragons
11387,Generation One Rifle,Weapon,Basic,,2023-03-28T19:26:40Z,End of Dragons
11364,Generation One Pistol,Weapon,Basic,,2023-03-28T19:26:56Z,End of Dragons
11378,Generation One Mace,Weapon,Basic,,2023-03-28T19:27:30Z,End of Dragons
11366,Generation One Longbow,Weapon,Basic,,2023-03-28T19:27:55Z,End of Dragons
11386,Generation One Hammer,Weapon,Basic,,2023-03-28T19:28:09Z,End of Dragons
11383,Generation One Greatsword,Weapon,Basic,,2023-03-28T19:28:27Z,End of Dragons
11394,Generation One Focus,Weapon,Basic,,2023-03-28T19:28:49Z,End of Dragons
11396,Generation One Dagger,Weapon,Basic,,2023-03-28T19:29:03Z,End of Dragons
11377,Generation One Axe,Weapon,Basic,,2023-03-28T19:29:18Z,End of Dragons
11400,Undying Shackles Cape,Back,Basic,,2023-03-28T21:46:39Z,End of Dragons
11395,Collapsing Star Shield,Weapon,Basic,,2023-03-28T22:10:20Z,End of Dragons
11391,Collapsing Star Greatsword,Weapon,Basic,,2023-03-29T08:56:21Z,End of Dragons
11365,Collapsing Star Longbow,Weapon,Basic,,2023-03-29T08:57:23Z,End of Dragons
11393,Collapsing Star Axe,Weapon,Basic,,2023-03-29T08:58:18Z,End of Dragons
11398,Collapsing Star Focus,Weapon,Basic,,2023-03-29T08:59:07Z,End of Dragons
11373,Collapsing Star Staff,Weapon,Basic,,2023-03-29T09:00:00Z,End of Dragons
11403,Collapsing Star Pistol,Weapon,Basic,,2023-03-29T09:00:51Z,End of Dragons
11392,Collapsing Star Mace,Weapon,Basic,,2023-03-29T09:01:54Z,End of Dragons
11408,Collapsing Star Sword,Weapon,Basic,,2023-03-29T09:02:23Z,End of Dragons
11399,Collapsing Star Warhorn,Weapon,Basic,,2023-03-29T09:02:47Z,End of Dragons
11390,Collapsing Star Short Bow,Weapon,Basic,,2023-03-29T09:03:46Z,End of Dragons
11384,Collapsing Star Torch,Weapon,Basic,,2023-03-29T09:06:25Z,End of Dragons
11381,Collapsing Star Scepter,Weapon,Basic,,2023-03-29T09:07:49Z,End of Dragons
11407,Collapsing Star Dagger,Weapon,Basic,,2023-03-29T09:08:39Z,End of Dragons
11397,Collapsing Star Rifle,Weapon,Basic,,2023-03-29T09:09:25Z,End of Dragons
11369,Collapsing Star Hammer,Weapon,Basic,,2023-03-29T09:10:20Z,End of Dragons
11367,Powered Gloves,Armor,Basic,Light,2023-03-29T14:37:41Z,End of Dragons
11389,Powered Gloves,Armor,Basic,Heavy,2023-03-29T14:37:41Z,End of Dragons
11406,Powered Gloves,Armor,Basic,Medium,2023-03-29T14:37:41Z,End of Dragons
11380,Powered Left Glove,Armor,Basic,Heavy,2023-04-01T18:48:06Z,End of Dragons
11382,Powered Left Glove,Armor,Basic,Light,2023-04-01T18:48:06Z,End of Dragons
11404,Powered Left Glove,Armor,Basic,Medium,2023-04-01T18:48:06Z,End of Dragons
11371,Powered Right Glove,Armor,Basic,Light,2023-04-01T18:48:20Z,End of Dragons
11374,Powered Right Glove,Armor,Basic,Medium,2023-04-01T18:48:20Z,End of Dragons
11379,Powered Right Glove,Armor,Basic,Heavy,2023-04-01T18:48:20Z,End of Dragons
11412,Herald of Aurene Logging Tool,Gathering,Basic,,2023-04-18T16:58:04Z,End of Dragons
11414,Herald of Aurene Mining Tool,Gathering,Basic,,2023-04-18T16:59:12Z,End of Dragons
11410,Herald of Aurene Harvesting Tool,Gathering,Basic,,2023-04-18T17:00:02Z,End of Dragons
11428,Cuddly Cat Backpack,Back,Basic,,2023-05-02T19:06:46Z,End of Dragons
11415,Exo-Sword,Weapon,Basic,,2023-05-09T17:03:27Z,End of Dragons
11435,Artisan Zharra's Cape,Back,Masterwork,,2023-05-16T21:30:46Z,End of Dragons
11421,Paladin's Decree Focus,Weapon,Basic,,2023-05-23T16:31:41Z,End of Dragons
11268,Hazard Response Pack,Back,Basic,,2023-05-23T22:21:33Z,End of Dragons
11449,Ebonhawke Crossbow Rifle,Weapon,Basic,,2023-05-24T23:47:16Z,End of Dragons
11425,Paladin's Decree Axe,Weapon,Basic,,2023-05-26T13:42:08Z,End of Dragons
11434,Paladin's Decree Dagger,Weapon,Basic,,2023-05-26T13:42:35Z,End of Dragons
11426,Paladin's Decree Mace,Weapon,Basic,,2023-05-26T13:42:51Z,End of Dragons
11417,Paladin's Decree Pistol,Weapon,Basic,,2023-05-26T13:43:09Z,End of Dragons
11438,Paladin's Decree Scepter,Weapon,Basic,,2023-05-26T13:43:21Z,End of Dragons
11437,Paladin's Decree Sword,Weapon,Basic,,2023-05-26T13:43:36Z,End of Dragons
11430,Paladin's Decree Shield,Weapon,Basic,,2023-05-26T13:44:24Z,End of Dragons
11423,Paladin's Decree Torch,Weapon,Basic,,2023-05-26T13:44:38Z,End of Dragons
11432,Paladin's Decree Warhorn,Weapon,Basic,,2023-05-26T13:45:01Z,End of Dragons
11433,Paladin's Decree Greatsword,Weapon,Basic,,2023-05-26T13:45:14Z,End of Dragons
11427,Paladin's Decree Hammer,Weapon,Basic,,2023-05-26T13:45:27Z,End of Dragons
11416,Paladin's Decree Longbow,Weapon,Basic,,2023-05-26T13:45:40Z,End of Dragons
11424,Paladin's Decree Rifle,Weapon,Basic,,2023-05-26T13:45:54Z,End of Dragons
11420,Paladin's Decree Short Bow,Weapon,Basic,,2023-05-26T13:46:14Z,End of Dragons
11422,Paladin's Decree Staff,Weapon,Basic,,2023-05-26T13:46:28Z,End of Dragons
11460,Salmon Run Fishing Rod,Gathering,Basic,,2023-05-30T16:59:49Z,End of Dragons
11492,Exo-Rifle,Weapon,Basic,,2023-06-06T17:21:02Z,End of Dragons
11484,Holographic Dragon Plate,Armor,Basic,Medium,2023-06-07T13:57:27Z,End of Dragons
11486,Holographic Dragon Plate,Armor,Basic,Heavy,2023-06-07T13:57:27Z,End of Dragons
11510,Holographic Dragon Plate,Armor,Basic,Light,2023-06-07T13:57:27Z,End of Dragons
11474,Dragonrender Axe,Weapon,Basic,,2023-06-07T15:17:13Z,End of Dragons
11496,Dragonrender Dagger,Weapon,Basic,,2023-06-07T22:14:02Z,End of Dragons
11507,Dragonrender Focus,Weapon,Basic,,2023-06-07T22:22:18Z,End of Dragons
11476,Dragonrender Greatsword,Weapon,Basic,,2023-06-07T22:23:12Z,End of Dragons
11493,Dragonrender Hammer,Weapon,Basic,,2023-06-07T22:25:08Z,End of Dragons
11503,Dragonrender Longbow,Weapon,Basic,,2023-06-07T22:26:04Z,End of Dragons
11482,Dragonrender Mace,Weapon,Basic,,2023-06-07T22:28:17Z,End of Dragons
11508,Dragonrender Pistol,Weapon,Basic,,2023-06-07T22:29:26Z,End of Dragons
11504,Dragonrender Shield,Weapon,Basic,,2023-06-08T02:51:40Z,End of Dragons
11498,Dragonrender Blunderbuss,Weapon,Basic,,2023-06-08T02:55:52Z,End of Dragons
11487,Dragonrender Scepter,Weapon,Basic,,2023-06-08T02:56:57Z,End of Dragons
11488,Dragonrender Short Bow,Weapon,Basic,,2023-06-08T02:58:11Z,End of Dragons
11500,Dragonrender Staff,Weapon,Basic,,2023-06-08T03:04:10Z,End of Dragons
11494,Dragonrender Sword,Weapon,Basic,,2023-06-08T03:05:53Z,End of Dragons
11475,Dragonrender Torch,Weapon,Basic,,2023-06-08T03:07:08Z,End of Dragons
11483,Dragonrender Warhorn,Weapon,Basic,,2023-06-08T03:08:09Z,End of Dragons
11481,Candy-Packed Dragon Mace,Weapon,Basic,,2023-06-08T03:23:38Z,End of Dragons
11469,Candy-Packed Dragon Pistol,Weapon,Basic,,2023-06-08T03:26:51Z,End of Dragons
11511,Candy-Packed Dragon Scepter,Weapon,Basic,,2023-06-08T03:28:27Z,End of Dragons
11497,Candy-Packed Dragon Sword,Weapon,Basic,,2023-06-08T03:29:37Z,End of Dragons
11506,Officer's Remnant Greatsword,Weapon,Basic,,2023-06-08T04:09:37Z,End of Dragons
11501,Officer's Remnant Short Bow,Weapon,Basic,,2023-06-08T04:19:23Z,End of Dragons
11480,Officer's Remnant Warhorn,Weapon,Basic,,2023-06-08T04:20:50Z,End of Dragons
11485,Officer's Remnant Scepter,Weapon,Basic,,2023-06-08T04:23:33Z,End of Dragons
11495,Officer's Remnant Rifle,Weapon,Basic,,2023-06-08T04:24:50Z,End of Dragons
11471,Officer's Remnant Mace,Weapon,Basic,,2023-06-08T04:25:43Z,End of Dragons
11513,Officer's Remnant Sword,Weapon,Basic,,2023-06-09T21:11:48Z,End of Dragons
11512,Officer's Remnant Staff,Weapon,Basic,,2023-06-09T21:13:36Z,End of Dragons
11502,Officer's Remnant Longbow,Weapon,Basic,,2023-06-09T21:15:24Z,End of Dragons
11491,Officer's Remnant Dagger,Weapon,Basic,,2023-06-09T21:17:13Z,End of Dragons
11472,Officer's Remnant Hammer,Weapon,Basic,,2023-06-09T21:18:31Z,End of Dragons
11473,Officer's Remnant Shield,Weapon,Basic,,2023-06-09T21:19:47Z,End of Dragons
11478,Officer's Remnant Axe,Weapon,Basic,,2023-06-09T21:20:47Z,End of Dragons
11509,Officer's Remnant Pistol,Weapon,Basic,,2023-06-09T21:22:10Z,End of Dragons
11470,Officer's Remnant Torch,Weapon,Basic,,2023-06-09T21:23:07Z,End of Dragons
11489,Officer's Remnant Focus,Weapon,Basic,,2023-06-09T21:23:56Z,End of Dragons
11537,Last Words,Weapon,Basic,,2023-06-28T00:12:25Z,End of Dragons
11533,Eagle Eye Axe,Weapon,Basic,,2023-06-28T13:11:20Z,End of Dragons
11526,Eagle Eye Longbow,Weapon,Basic,,2023-06-28T13:26:51Z,End of Dragons
11528,Eagle Eye Short Bow,Weapon,Basic,,2023-06-28T13:27:25Z,End of Dragons
11525,Eagle Eye Dagger,Weapon,Basic,,2023-06-28T13:28:10Z,End of Dragons
11536,Eagle Eye Focus,Weapon,Basic,,2023-06-28T13:28:33Z,End of Dragons
11535,Eagle Eye Greatsword,Weapon,Basic,,2023-06-28T13:33:32Z,End of Dragons
11516,Eagle Eye Hammer,Weapon,Basic,,2023-06-28T13:33:55Z,End of Dragons
11531,Eagle Eye Mace,Weapon,Basic,,2023-06-28T13:34:20Z,End of Dragons
11521,Eagle Eye Pistol,Weapon,Basic,,2023-06-28T13:34:42Z,End of Dragons
11515,Eagle Eye Rifle,Weapon,Basic,,2023-06-28T13:35:14Z,End of Dragons
11543,Eagle Eye Scepter,Weapon,Basic,,2023-06-28T13:35:35Z,End of Dragons
11520,Eagle Eye Shield,Weapon,Basic,,2023-06-28T13:36:26Z,End of Dragons
11527,Eagle Eye Staff,Weapon,Basic,,2023-06-28T13:36:49Z,End of Dragons
11542,Eagle Eye Sword,Weapon,Basic,,2023-06-28T13:37:11Z,End of Dragons
11524,Eagle Eye Torch,Weapon,Basic,,2023-06-28T13:37:31Z,End of Dragons
11538,Eagle Eye Warhorn,Weapon,Basic,,2023-06-28T13:37:51Z,End of Dragons
11518,Solar Flare Rifle,Weapon,Basic,,2023-07-11T17:59:04Z,End of Dragons
11545,Sun-Grown Axe,Weapon,Basic,,2023-07-18T21:11:50Z,End of Dragons
11559,Zephyrite Headband,Armor,Basic,Heavy,2023-07-18T21:33:14Z,End of Dragons
11562,Zephyrite Headband,Armor,Basic,Light,2023-07-18T21:33:14Z,End of Dragons
11567,Zephyrite Headband,Armor,Basic,Medium,2023-07-18T21:33:14Z,End of Dragons
11555,Sun-Grown Pistol,Weapon,Basic,,2023-07-18T22:05:31Z,End of Dragons
11558,Sun-Grown Short Bow,Weapon,Basic,,2023-07-18T22:11:31Z,End of Dragons
11553,Sun-Grown Torch,Weapon,Basic,,2023-07-18T22:15:43Z,End of Dragons
11566,Sun-Grown Dagger,Weapon,Basic,,2023-07-18T22:18:03Z,End of Dragons
11565,Sun-Grown Hammer,Weapon,Basic,,2023-07-18T22:19:31Z,End of Dragons
11552,Sun-Grown Longbow,Weapon,Basic,,2023-07-18T22:20:04Z,End of Dragons
11549,Sun-Grown Staff,Weapon,Basic,,2023-07-18T22:20:48Z,End of Dragons
11556,Sun-Grown Shield,Weapon,Basic,,2023-07-18T22:21:29Z,End of Dragons
11547,Sun-Grown Scepter,Weapon,Basic,,2023-07-18T22:22:24Z,End of Dragons
11544,Sun-Grown Sword,Weapon,Basic,,2023-07-18T22:22:53Z,End of Dragons
11548,Sun-Grown Greatsword,Weapon,Basic,,2023-07-18T22:23:18Z,End of Dragons
11563,Sun-Grown Warhorn,Weapon,Basic,,2023-07-18T22:24:02Z,End of Dragons
11550,Sun-Grown Focus,Weapon,Basic,,2023-07-18T22:24:44Z,End of Dragons
11557,Sun-Grown Rifle,Weapon,Basic,,2023-07-18T22:25:15Z,End of Dragons
11551,Sun-Grown Mace,Weapon,Basic,,2023-07-18T22:25:56Z,End of Dragons
11554,Suncatcher's Trident,Weapon,Basic,,2023-07-19T06:21:29Z,End of Dragons
11568,Suncatcher's Torch,Weapon,Basic,,2023-07-19T06:23:19Z,End of Dragons
11546,Suncatcher's Axe,Weapon,Basic,,2023-07-19T06:25:08Z,End of Dragons
11753,Skyforged Warhorn,Weapon,Basic,,2023-08-24T12:40:50Z,Secrets of the Obscure
11774,Skyforged Torch,Weapon,Basic,,2023-08-24T12:40:55Z,Secrets of the Obscure
11794,Skyforged Sword,Weapon,Basic,,2023-08-24T12:40:58Z,Secrets of the Obscure
11608,Skyforged Staff,Weapon,Basic,,2023-08-24T12:41:00Z,Secrets of the Obscure
11660,Skyforged Shield,Weapon,Basic,,2023-08-24T12:41:03Z,Secrets of the Obscure
11594,Skyforged Scepter,Weapon,Basic,,2023-08-24T12:41:05Z,Secrets of the Obscure
11783,Skyforged Rifle,Weapon,Basic,,2023-08-24T12:41:08Z,Secrets of the Obscure
11690,Skyforged Pistol,Weapon,Basic,,2023-08-24T12:41:10Z,Secrets of the Obscure
11715,Skyforged Mace,Weapon,Basic,,2023-08-24T12:41:15Z,Secrets of the Obscure
11754,Skyforged Hammer,Weapon,Basic,,2023-08-24T12:41:17Z,Secrets of the Obscure
11632,Skyforged Greatsword,Weapon,Basic,,2023-08-24T12:41:20Z,Secrets of the Obscure
11758,Skyforged Focus,Weapon,Basic,,2023-08-24T12:41:23Z,Secrets of the Obscure
11640,Skyforged Dagger,Weapon,Basic,,2023-08-24T12:41:26Z,Secrets of the Obscure
11723,Skyforged Short Bow,Weapon,Basic,,2023-08-24T12:41:28Z,Secrets of the Obscure
11770,Skyforged Longbow,Weapon,Basic,,2023-08-24T12:41:32Z,Secrets of the Obscure
11814,Skyforged Axe,Weapon,Basic,,2023-08-24T12:41:35Z,Secrets of the Obscure
11636,Sanctified Axe,Weapon,Basic,,2023-08-24T19:26:02Z,Secrets of the Obscure
11583,Sanctified Dagger,Weapon,Basic,,2023-08-24T19:26:26Z,Secrets of the Obscure
11678,Sanctified Mace,Weapon,Basic,,2023-08-24T19:26:50Z,Secrets of the Obscure
11792,Sanctified Pistol,Weapon,Basic,,2023-08-24T19:27:08Z,Secrets of the Obscure
11626,Sanctified Scepter,Weapon,Basic,,2023-08-24T19:28:15Z,Secrets of the Obscure
11570,Sanctified Sword,Weapon,Basic,,2023-08-24T19:28:29Z,Secrets of the Obscure
11627,Sanctified Focus,Weapon,Basic,,2023-08-24T19:28:42Z,Secrets of the Obscure
11817,Sanctified Shield,Weapon,Basic,,2023-08-24T19:28:56Z,Secrets of the Obscure
11705,Sanctified Torch,Weapon,Basic,,2023-08-24T19:31:27Z,Secrets of the Obscure
11619,Sanctified Warhorn,Weapon,Basic,,2023-08-24T19:31:41Z,Secrets of the Obscure
11596,Sanctified Greatsword,Weapon,Basic,,2023-08-24T19:31:54Z,Secrets of the Obscure
11664,Sanctified Hammer,Weapon,Basic,,2023-08-24T19:32:07Z,Secrets of the Obscure
11579,Sanctified Longbow,Weapon,Basic,,2023-08-24T19:32:27Z,Secrets of the Obscure
11679,Sanctified Rifle,Weapon,Basic,,2023-08-24T19:32:50Z,Secrets of the Obscure
11810,Sanctified Short Bow,Weapon,Basic,,2023-08-24T19:35:28Z,Secrets of the Obscure
11736,Sanctified Staff,Weapon,Basic,,2023-08-24T19:35:48Z,Secrets of the Obscure
11780,Infernal Envoy Backpack,Back,Basic,,2023-08-25T10:26:39Z,Secrets of the Obscure
11571,Infernal Envoy Staff,Weapon,Basic,,2023-08-25T10:27:27Z,Secrets of the Obscure
11772,Stormforged Focus,Weapon,Basic,,2023-08-27T12:50:51Z,Secrets of the Obscure
11639,Stormforged Scepter,Weapon,Basic,,2023-08-27T12:51:41Z,Secrets of the Obscure
11648,Stormforged Staff,Weapon,Basic,,2023-08-27T12:52:13Z,Secrets of the Obscure
11733,Stormforged Longbow,Weapon,Basic,,2023-08-27T12:52:53Z,Secrets of the Obscure
11607,Stormforged Pistol,Weapon,Basic,,2023-08-27T12:53:26Z,Secrets of the Obscure
11697,Stormforged Rifle,Weapon,Basic,,2023-08-27T12:54:18Z,Secrets of the Obscure
11711,Stormforged Short Bow,Weapon,Basic,,2023-08-27T12:54:53Z,Secrets of the Obscure
11721,Stormforged Torch,Weapon,Basic,,2023-08-27T12:55:36Z,Secrets of the Obscure
11811,Stormforged Warhorn,Weapon,Basic,,2023-08-27T12:56:03Z,Secrets of the Obscure
11739,Stormforged Axe,Weapon,Basic,,2023-08-27T12:56:58Z,Secrets of the Obscure
11617,Stormforged Dagger,Weapon,Basic,,2023-08-27T12:57:28Z,Secrets of the Obscure
11707,Stormforged Greatsword,Weapon,Basic,,2023-08-27T12:57:52Z,Secrets of the Obscure
11718,Stormforged Hammer,Weapon,Basic,,2023-08-27T12:58:14Z,Secrets of the Obscure
11773,Stormforged Mace,Weapon,Basic,,2023-08-27T12:58:42Z,Secrets of the Obscure
11778,Stormforged Shield,Weapon,Basic,,2023-08-27T12:59:09Z,Secrets of the Obscure
11588,Stormforged Sword,Weapon,Basic,,2023-08-27T12:59:39Z,Secrets of the Obscure
11603,Skyscale Axe,Weapon,Basic,,2023-08-27T20:49:29Z,Secrets of the Obscure
11642,Skyscale Dagger,Weapon,Basic,,2023-08-27T20:50:29Z,Secrets of the Obscure
11609,Skyscale Focus,Weapon,Basic,,2023-08-27T20:50:52Z,Secrets of the Obscure
11647,Skyscale Greatsword,Weapon,Basic,,2023-08-27T20:51:12Z,Secrets of the Obscure
11618,Skyscale Hammer,Weapon,Basic,,2023-08-27T20:51:37Z,Secrets of the Obscure
11801,Skyscale Longbow,Weapon,Basic,,2023-08-27T20:51:59Z,Secrets of the Obscure
11662,Skyscale Mace,Weapon,Basic,,2023-08-27T20:52:14Z,Secrets of the Obscure
11717,Skyscale Pistol,Weapon,Basic,,2023-08-27T20:53:03Z,Secrets of the Obscure
11704,Skyscale Rifle,Weapon,Basic,,2023-08-27T20:53:39Z,Secrets of the Obscure
11724,Skyscale Scepter,Weapon,Basic,,2023-08-27T20:53:57Z,Secrets of the Obscure
11731,Skyscale Shield,Weapon,Basic,,2023-08-27T20:54:12Z,Secrets of the Obscure
11581,Skyscale Short Bow,Weapon,Basic,,2023-08-27T20:54:27Z,Secrets of the Obscure
11746,Skyscale Staff,Weapon,Basic,,2023-08-27T20:54:46Z,Secrets of the Obscure
11673,Skyscale Sword,Weapon,Basic,,2023-08-27T20:55:02Z,Secrets of the Obscure
11663,Skyscale Torch,Weapon,Basic,,2023-08-27T20:55:15Z,Secrets of the Obscure
11635,Skyscale Warhorn,Weapon,Basic,,2023-08-27T20:55:30Z,Secrets of the Obscure
11720,Vermilion Mining Tool,Gathering,Basic,,2023-08-29T19:01:15Z,Secrets of the Obscure
11597,Vermilion Logging Tool,Gathering,Basic,,2023-08-29T19:01:39Z,Secrets of the Obscure
11802,Vermilion Harvesting Tool,Gathering,Basic,,2023-08-29T19:02:04Z,Secrets of the Obscure
11716,Sorcerer's Cape,Back,Basic,,2023-09-05T16:52:23Z,Secrets of the Obscure
11600,Shattered Hammer,Weapon,Basic,,2023-09-07T08:12:19Z,Secrets of the Obscure
11590,Shattered Longbow,Weapon,Basic,,2023-09-07T08:13:44Z,Secrets of the Obscure
11587,Shattered Short Bow,Weapon,Basic,,2023-09-07T08:15:28Z,Secrets of the Obscure
11644,Shattered Axe,Weapon,Basic,,2023-09-07T08:16:45Z,Secrets of the Obscure
11799,Shattered Dagger,Weapon,Basic,,2023-09-07T08:18:22Z,Secrets of the Obscure
11798,Shattered Greatsword,Weapon,Basic,,2023-09-07T08:19:32Z,Secrets of the Obscure
11776,Shattered Mace,Weapon,Basic,,2023-09-07T08:21:12Z,Secrets of the Obscure
11677,Shattered Pistol,Weapon,Basic,,2023-09-07T08:22:22Z,Secrets of the Obscure
11769,Shattered Rifle,Weapon,Basic,,2023-09-07T08:23:48Z,Secrets of the Obscure
11680,Shattered Scepter,Weapon,Basic,,2023-09-07T08:25:16Z,Secrets of the Obscure
11612,Shattered Staff,Weapon,Basic,,2023-09-07T08:26:14Z,Secrets of the Obscure
11589,Shattered Focus,Weapon,Basic,,2023-09-07T08:28:42Z,Secrets of the Obscure
11693,Shattered Torch,Weapon,Basic,,2023-09-07T08:29:43Z,Secrets of the Obscure
11576,Shattered Warhorn,Weapon,Basic,,2023-09-07T08:30:52Z,Secrets of the Obscure
11790,Shattered Shield,Weapon,Basic,,2023-09-07T08:32:09Z,Secrets of the Obscure
11828,Reconfigurable Construct Greatsword,Weapon,Basic,,2023-09-12T22:50:07Z,Secrets of the Obscure
11837,Vinelord Edgebloom Shield,Weapon,Basic,,2023-09-12T23:37:01Z,Secrets of the Obscure
11831,Vinelord Edgebloom Pistol,Weapon,Basic,,2023-09-14T16:27:14Z,Secrets of the Obscure
11830,Vinelord Edgebloom Scepter,Weapon,Basic,,2023-09-14T16:28:55Z,Secrets of the Obscure
11825,Vinelord Edgebloom Short Bow,Weapon,Basic,,2023-09-14T16:29:24Z,Secrets of the Obscure
11833,Vinelord Edgebloom Dagger,Weapon,Basic,,2023-09-14T16:32:27Z,Secrets of the Obscure
11818,Vinelord Edgebloom Hammer,Weapon,Basic,,2023-09-14T16:34:05Z,Secrets of the Obscure
11832,Vinelord Edgebloom Focus,Weapon,Basic,,2023-09-14T16:35:18Z,Secrets of the Obscure
11836,Vinelord Edgebloom Warhorn,Weapon,Basic,,2023-09-14T16:35:48Z,Secrets of the Obscure
11819,Vinelord Edgebloom Greatsword,Weapon,Basic,,2023-09-14T16:36:48Z,Secrets of the Obscure
11839,Vinelord Edgebloom Mace,Weapon,Basic,,2023-09-14T16:37:34Z,Secrets of the Obscure
11835,Vinelord Edgebloom Staff,Weapon,Basic,,2023-09-14T16:38:02Z,Secrets of the Obscure
11820,Vinelord Edgebloom Axe,Weapon,Basic,,2023-09-14T16:38:31Z,Secrets of the Obscure
11821,Vinelord Edgebloom Rifle,Weapon,Basic,,2023-09-14T16:39:04Z,Secrets of the Obscure
11834,Vinelord Edgebloom Longbow,Weapon,Basic,,2023-09-14T16:39:40Z,Secrets of the Obscure
11838,Vinelord Edgebloom Sword,Weapon,Basic,,2023-09-14T16:40:08Z,Secrets of the Obscure
11829,Vinelord Edgebloom Torch,Weapon,Basic,,2023-09-15T13:41:48Z,Secrets of the Obscure
11841,Traveler's Staff,Weapon,Basic,,2023-10-03T20:30:36Z,Secrets of the Obscure
7303,Relic of Dwayna,Back,Basic,,2023-10-08T13:28:49Z,Secrets of the Obscure
11847,Grim Machine Staff,Weapon,Basic,,2023-10-18T01:31:25Z,Secrets of the Obscure
11861,Grim Machine Sword,Weapon,Basic,,2023-10-18T01:44:14Z,Secrets of the Obscure
11870,Grim Machine Scepter,Weapon,Basic,,2023-10-18T01:48:33Z,Secrets of the Obscure
11862,Guided Executioner,Weapon,Basic,,2023-10-18T02:27:10Z,Secrets of the Obscure
11858,Sanctioned Executioner,Weapon,Basic,,2023-10-18T02:28:40Z,Secrets of the Obscure
11850,Heralded Executioner,Weapon,Basic,,2023-10-18T02:29:27Z,Secrets of the Obscure
11853,Grim Machine Axe,Weapon,Basic,,2023-10-18T17:07:15Z,Secrets of the Obscure
11851,Grim Machine Dagger,Weapon,Basic,,2023-10-18T17:25:10Z,Secrets of the Obscure
11854,Grim Machine Focus,Weapon,Basic,,2023-10-18T17:28:27Z,Secrets of the Obscure
11848,Grim Machine Greatsword,Weapon,Basic,,2023-10-18T17:32:24Z,Secrets of the Obscure
11852,Grim Machine Hammer,Weapon,Basic,,2023-10-18T17:34:30Z,Secrets of the Obscure
11855,Grim Machine Longbow,Weapon,Basic,,2023-10-18T17:36:14Z,Secrets of the Obscure
11856,Grim Machine Mace,Weapon,Basic,,2023-10-18T17:37:28Z,Secrets of the Obscure
11872,Grim Machine Pistol,Weapon,Basic,,2023-10-18T17:38:58Z,Secrets of the Obscure
11860,Grim Machine Rifle,Weapon,Basic,,2023-10-18T17:40:38Z,Secrets of the Obscure
11866,Grim Machine Shield,Weapon,Basic,,2023-10-18T17:42:19Z,Secrets of the Obscure
11869,Grim Machine Short Bow,Weapon,Basic,,2023-10-18T17:46:25Z,Secrets of the Obscure
11868,Grim Machine Torch,Weapon,Basic,,2023-10-18T19:48:49Z,Secrets of the Obscure
11859,Grim Machine Warhorn,Weapon,Basic,,2023-10-18T19:50:08Z,Secrets of the Obscure
11871,Soulfire Lantern Torch,Weapon,Basic,,2023-10-25T22:40:50Z,Secrets of the Obscure
11903,Sanctified Cape,Back,Basic,,2023-11-07T23:43:38Z,Secrets of the Obscure
11910,Exalted Mining Tool,Gathering,Basic,,2023-11-09T17:04:32Z,Secrets of the Obscure
11822,Dark Tyrant Axe,Weapon,Basic,,2023-11-10T00:54:59Z,Secrets of the Obscure
11912,Dark Sanctified Rifle,Weapon,Basic,,2023-11-10T02:08:53Z,Secrets of the Obscure
11907,Dark Sanctified Staff,Weapon,Basic,,2023-11-10T02:09:49Z,Secrets of the Obscure
11895,Dark Sanctified Warhorn,Weapon,Basic,,2023-11-10T02:10:43Z,Secrets of the Obscure
11928,Dark Sanctified Torch,Weapon,Basic,,2023-11-10T02:11:28Z,Secrets of the Obscure
11899,Dark Sanctified Hammer,Weapon,Basic,,2023-11-10T02:36:43Z,Secrets of the Obscure
11926,Dark Sanctified Scepter,Weapon,Basic,,2023-11-10T02:38:16Z,Secrets of the Obscure
11908,Dark Sanctified Axe,Weapon,Basic,,2023-11-10T02:38:44Z,Secrets of the Obscure
11927,Dark Sanctified Longbow,Weapon,Basic,,2023-11-10T02:39:33Z,Secrets of the Obscure
11873,Dark Sanctified Focus,Weapon,Basic,,2023-11-10T02:40:13Z,Secrets of the Obscure
11920,Dark Sanctified Greatsword,Weapon,Basic,,2023-11-10T02:41:15Z,Secrets of the Obscure
11893,Dark Sanctified Shield,Weapon,Basic,,2023-11-10T02:41:48Z,Secrets of the Obscure
11931,Dark Sanctified Dagger,Weapon,Basic,,2023-11-10T02:42:31Z,Secrets of the Obscure
11896,Dark Sanctified Mace,Weapon,Basic,,2023-11-10T02:43:09Z,Secrets of the Obscure
11918,Dark Sanctified Pistol,Weapon,Basic,,2023-11-10T02:44:08Z,Secrets of the Obscure
11889,Dark Sanctified Sword,Weapon,Basic,,2023-11-10T02:45:12Z,Secrets of the Obscure
11902,Dark Sanctified Short Bow,Weapon,Basic,,2023-11-10T02:45:50Z,Secrets of the Obscure
11881,Consecrated Saryx Axe,Weapon,Basic,,2023-11-10T18:37:14Z,Secrets of the Obscure
11923,Consecrated Saryx Dagger,Weapon,Basic,,2023-11-10T19:22:35Z,Secrets of the Obscure
11924,Consecrated Saryx Focus,Weapon,Basic,,2023-11-10T19:23:33Z,Secrets of the Obscure
11891,Consecrated Saryx Greatsword,Weapon,Basic,,2023-11-10T19:24:18Z,Secrets of the Obscure
11890,Consecrated Saryx Hammer,Weapon,Basic,,2023-11-10T19:25:03Z,Secrets of the Obscure
11915,Consecrated Saryx Longbow,Weapon,Basic,,2023-11-10T19:26:42Z,Secrets of the Obscure
11883,Consecrated Saryx Mace,Weapon,Basic,,2023-11-10T19:27:17Z,Secrets of the Obscure
11884,Consecrated Saryx Pistol,Weapon,Basic,,2023-11-10T19:28:01Z,Secrets of the Obscure
11882,Consecrated Saryx Rifle,Weapon,Basic,,2023-11-10T19:28:39Z,Secrets of the Obscure
11894,Consecrated Saryx Scepter,Weapon,Basic,,2023-11-10T19:29:15Z,Secrets of the Obscure
11919,Consecrated Saryx Shield,Weapon,Basic,,2023-11-10T19:29:52Z,Secrets of the Obscure
11925,Consecrated Saryx Short Bow,Weapon,Basic,,2023-11-10T19:30:39Z,Secrets of the Obscure
11930,Consecrated Saryx Staff,Weapon,Basic,,2023-11-10T19:31:20Z,Secrets of the Obscure
11886,Consecrated Saryx Sword,Weapon,Basic,,2023-11-10T19:31:48Z,Secrets of the Obscure
11929,Consecrated Saryx Torch,Weapon,Basic,,2023-11-10T19:32:26Z,Secrets of the Obscure
11913,Consecrated Saryx Warhorn,Weapon,Basic,,2023-11-10T19:32:58Z,Secrets of the Obscure
11670,Saryx Axe,Weapon,Basic,,2023-11-10T21:02:43Z,Secrets of the Obscure
11672,Saryx Dagger,Weapon,Basic,,2023-11-10T21:07:06Z,Secrets of the Obscure
11695,Saryx Mace,Weapon,Basic,,2023-11-10T21:07:50Z,Secrets of the Obscure
11574,Saryx Pistol,Weapon,Basic,,2023-11-10T21:08:18Z,Secrets of the Obscure
11809,Saryx Scepter,Weapon,Basic,,2023-11-10T21:08:56Z,Secrets of the Obscure
11595,Saryx Sword,Weapon,Basic,,2023-11-10T21:10:03Z,Secrets of the Obscure
11604,Saryx Focus,Weapon,Basic,,2023-11-10T21:10:31Z,Secrets of the Obscure
11797,Saryx Shield,Weapon,Basic,,2023-11-10T21:11:10Z,Secrets of the Obscure
11808,Saryx Torch,Weapon,Basic,,2023-11-10T21:11:38Z,Secrets of the Obscure
11601,Saryx Warhorn,Weapon,Basic,,2023-11-10T21:12:03Z,Secrets of the Obscure
11616,Saryx Greatsword,Weapon,Basic,,2023-11-10T21:12:42Z,Secrets of the Obscure
11683,Saryx Hammer,Weapon,Basic,,2023-11-10T21:13:05Z,Secrets of the Obscure
11762,Saryx Longbow,Weapon,Basic,,2023-11-10T21:13:28Z,Secrets of the Obscure
11645,Saryx Rifle,Weapon,Basic,,2023-11-10T21:13:57Z,Secrets of the Obscure
11661,Saryx Staff,Weapon,Basic,,2023-11-10T21:14:19Z,Secrets of the Obscure
11671,Saryx Short Bow,Weapon,Basic,,2023-11-10T21:14:49Z,Secrets of the Obscure
11737,Abomination Sword,Weapon,Basic,,2023-11-11T13:11:39Z,Secrets of the Obscure
11610,Abomination Scepter,Weapon,Basic,,2023-11-11T13:13:38Z,Secrets of the Obscure
11805,Abomination Rifle,Weapon,Basic,,2023-11-11T13:14:18Z,Secrets of the Obscure
11932,Colossal Greatsword,Weapon,Basic,,2023-11-14T19:13:43Z,Secrets of the Obscure
11779,Abomination Axe,Weapon,Basic,,2023-11-14T22:11:53Z,Secrets of the Obscure
11584,Abomination Dagger,Weapon,Basic,,2023-11-14T22:14:41Z,Secrets of the Obscure
11800,Abomination Focus,Weapon,Basic,,2023-11-14T22:18:32Z,Secrets of the Obscure
11624,Abomination Greatsword,Weapon,Basic,,2023-11-14T22:20:17Z,Secrets of the Obscure
11641,Abomination Hammer,Weapon,Basic,,2023-11-14T22:21:03Z,Secrets of the Obscure
11781,Abomination Longbow,Weapon,Basic,,2023-11-14T22:22:07Z,Secrets of the Obscure
11582,Abomination Mace,Weapon,Basic,,2023-11-14T22:24:24Z,Secrets of the Obscure
11602,Abomination Pistol,Weapon,Basic,,2023-11-14T22:26:54Z,Secrets of the Obscure
11668,Abomination Shield,Weapon,Basic,,2023-11-14T22:27:55Z,Secrets of the Obscure
11646,Abomination Short Bow,Weapon,Basic,,2023-11-14T22:29:54Z,Secrets of the Obscure
11813,Abomination Staff,Weapon,Basic,,2023-11-14T22:32:34Z,Secrets of the Obscure
11765,Abomination Torch,Weapon,Basic,,2023-11-14T22:34:42Z,Secrets of the Obscure
11615,Abomination Warhorn,Weapon,Basic,,2023-11-14T22:37:29Z,Secrets of the Obscure
1401,Vigil's Honor Leggings,Armor,Basic,Light,2023-11-14T23:14:44Z,Secrets of the Obscure
1408,Vigil's Honor Leggings,Armor,Basic,Medium,2023-11-14T23:14:44Z,Secrets of the Obscure
11933,Clockwork Scythe,Weapon,Basic,,2023-11-28T20:42:43Z,Secrets of the Obscure
11840,Expedition Cape,Back,Basic,,2023-12-05T19:07:38Z,Secrets of the Obscure
11949,Ornamented Focus,Weapon,Basic,,2023-12-12T17:50:10Z,Secrets of the Obscure
11960,Ornamented Shield,Weapon,Basic,,2023-12-12T17:56:33Z,Secrets of the Obscure
11947,Ornamented Staff,Weapon,Basic,,2023-12-12T17:58:36Z,Secrets of the Obscure
11958,Sacred Solstice Axe,Weapon,Basic,,2023-12-12T19:58:14Z,Secrets of the Obscure
11945,Sacred Solstice Dagger,Weapon,Basic,,2023-12-12T20:02:10Z,Secrets of the Obscure
11969,Sacred Solstice Focus,Weapon,Basic,,2023-12-12T20:31:00Z,Secrets of the Obscure
11944,Sacred Solstice Greatsword,Weapon,Basic,,2023-12-12T20:31:52Z,Secrets of the Obscure
11940,Sacred Solstice Hammer,Weapon,Basic,,2023-12-12T20:32:48Z,Secrets of the Obscure
11973,Sacred Solstice Longbow,Weapon,Basic,,2023-12-12T20:33:59Z,Secrets of the Obscure
11964,Sacred Solstice Mace,Weapon,Basic,,2023-12-12T20:35:22Z,Secrets of the Obscure
11965,Sacred Solstice Pistol,Weapon,Basic,,2023-12-12T20:36:09Z,Secrets of the Obscure
11953,Sacred Solstice Rifle,Weapon,Basic,,2023-12-12T20:37:04Z,Secrets of the Obscure
11976,Sacred Solstice Scepter,Weapon,Basic,,2023-12-12T20:37:59Z,Secrets of the Obscure
11938,Sacred Solstice Shield,Weapon,Basic,,2023-12-12T20:38:47Z,Secrets of the Obscure
11937,Sacred Solstice Short Bow,Weapon,Basic,,2023-12-12T20:39:36Z,Secrets of the Obscure
11975,Sacred Solstice Staff,Weapon,Basic,,2023-12-12T20:40:31Z,Secrets of the Obscure
11942,Sacred Solstice Sword,Weapon,Basic,,2023-12-12T20:41:27Z,Secrets of the Obscure
11967,Sacred Solstice Torch,Weapon,Basic,,2023-12-12T20:42:20Z,Secrets of the Obscure
11954,Sacred Solstice Warhorn,Weapon,Basic,,2023-12-12T20:43:17Z,Secrets of the Obscure
11970,Thundercrag Axe,Weapon,Basic,,2023-12-13T16:14:47Z,Secrets of the Obscure
11943,Thundercrag Dagger,Weapon,Basic,,2023-12-13T19:53:39Z,Secrets of the Obscure
11974,Thundercrag Focus,Weapon,Basic,,2023-12-13T19:55:48Z,Secrets of the Obscure
11959,Thundercrag Mace,Weapon,Basic,,2023-12-13T19:57:23Z,Secrets of the Obscure
11971,Thundercrag Pistol,Weapon,Basic,,2023-12-13T19:58:37Z,Secrets of the Obscure
11950,Thundercrag Scepter,Weapon,Basic,,2023-12-13T19:59:45Z,Secrets of the Obscure
11948,Thundercrag Sword,Weapon,Basic,,2023-12-13T20:01:07Z,Secrets of the Obscure
11972,Thundercrag Shield,Weapon,Basic,,2023-12-13T20:02:15Z,Secrets of the Obscure
11951,Thundercrag Torch,Weapon,Basic,,2023-12-13T20:04:06Z,Secrets of the Obscure
11939,Thundercrag Warhorn,Weapon,Basic,,2023-12-13T20:05:16Z,Secrets of the Obscure
11935,Thundercrag Greatsword,Weapon,Basic,,2023-12-13T20:06:19Z,Secrets of the Obscure
11955,Thundercrag Hammer,Weapon,Basic,,2023-12-13T20:07:17Z,Secrets of the Obscure
11968,Thundercrag Longbow,Weapon,Basic,,2023-12-13T20:08:22Z,Secrets of the Obscure
11963,Thundercrag Rifle,Weapon,Basic,,2023-12-13T20:09:12Z,Secrets of the Obscure
11946,Thundercrag Short Bow,Weapon,Basic,,2023-12-13T20:10:20Z,Secrets of the Obscure
11962,Thundercrag Staff,Weapon,Basic,,2023-12-13T20:11:15Z,Secrets of the Obscure
11966,Heretical Scholar's Cape,Back,Masterwork,,2023-12-19T21:46:03Z,Secrets of the Obscure
11941,Giant Folding Fan Backpack,Back,Basic,,2023-12-26T18:20:44Z,Secrets of the Obscure
11982,Arcane Sigil Backpack,Back,Basic,,2024-01-10T15:23:07Z,Secrets of the Obscure
11979,Heretical Scholar's Staff,Weapon,Basic,,2024-01-17T17:06:50Z,Secrets of the Obscure
11978,Heretical Scholar's Pauldrons,Armor,Basic,Medium,2024-01-17T17:09:20Z,Secrets of the Obscure
11980,Heretical Scholar's Pauldrons,Armor,Basic,Light,2024-01-17T17:09:20Z,Secrets of the Obscure
11981,Heretical Scholar's Pauldrons,Armor,Basic,Heavy,2024-01-17T17:09:20Z,Secrets of the Obscure
12003,Lucky Dragon Lantern,Back,Rare,,2024-01-30T18:58:54Z,Secrets of the Obscure
12007,Lucky Great Dragon Lantern,Back,Exotic,,2024-01-30T19:02:43Z,Secrets of the Obscure
11990,Dragon Descendant's Helm,Armor,Basic,Light,2024-01-31T09:36:19Z,Secrets of the Obscure
11992,Dragon Descendant's Helm,Armor,Basic,Medium,2024-01-31T09:36:19Z,Secrets of the Obscure
11995,Dragon Descendant's Helm,Armor,Basic,Heavy,2024-01-31T09:36:19Z,Secrets of the Obscure
11994,Lucky Dragon Short Bow,Weapon,Basic,,2024-01-31T09:53:19Z,Secrets of the Obscure
11991,Lucky Dragon Hammer,Weapon,Basic,,2024-01-31T09:55:41Z,Secrets of the Obscure
11993,Lucky Dragon Speargun,Weapon,Basic,,2024-01-31T09:59:55Z,Secrets of the Obscure
11997,Fortunate Axe,Weapon,Basic,,2024-01-31T10:10:19Z,Secrets of the Obscure
12005,Fortunate Dagger,Weapon,Basic,,2024-01-31T10:16:31Z,Secrets of the Obscure
12000,Fortunate Focus,Weapon,Basic,,2024-01-31T10:17:53Z,Secrets of the Obscure
11999,Fortunate Greatsword,Weapon,Basic,,2024-01-31T10:19:22Z,Secrets of the Obscure
11987,Fortunate Hammer,Weapon,Basic,,2024-01-31T10:21:38Z,Secrets of the Obscure
11984,Fortunate Longbow,Weapon,Basic,,2024-01-31T10:24:22Z,Secrets of the Obscure
12010,Fortunate Mace,Weapon,Basic,,2024-01-31T10:26:50Z,Secrets of the Obscure
12004,Fortunate Pistol,Weapon,Basic,,2024-01-31T10:28:32Z,Secrets of the Obscure
12008,Fortunate Rifle,Weapon,Basic,,2024-01-31T10:29:56Z,Secrets of the Obscure
12001,Fortunate Scepter,Weapon,Basic,,2024-01-31T10:30:49Z,Secrets of the Obscure
11989,Fortunate Shield,Weapon,Basic,,2024-01-31T10:31:32Z,Secrets of the Obscure
12002,Fortunate Short Bow,Weapon,Basic,,2024-01-31T10:35:23Z,Secrets of the Obscure
11998,Fortunate Staff,Weapon,Basic,,2024-01-31T10:36:40Z,Secrets of the Obscure
12009,Fortunate Sword,Weapon,Basic,,2024-01-31T10:38:07Z,Secrets of the Obscure
11986,Fortunate Torch,Weapon,Basic,,2024-01-31T10:39:18Z,Secrets of the Obscure
11985,Fortunate Warhorn,Weapon,Basic,,2024-01-31T10:40:04Z,Secrets of the Obscure
11996,Elegant Noble's Backpack,Back,Basic,,2024-02-13T18:10:58Z,Secrets of the Obscure
11983,Arcane Marksman Pistol,Weapon,Basic,,2024-02-20T19:23:05Z,Secrets of the Obscure
12021,Cyberhowl Greatsword,Weapon,Basic,,2024-02-29T09:58:36Z,Secrets of the Obscure
12024,Solar Astrolabe Short Bow,Weapon,Basic,,2024-02-29T11:35:57Z,Secrets of the Obscure
12034,Solar Astrolabe Torch,Weapon,Basic,,2024-02-29T12:17:50Z,Secrets of the Obscure
12077,Solar Astrolabe Hammer,Weapon,Basic,,2024-02-29T12:46:23Z,Secrets of the Obscure
12058,Solar Astrolabe Warhorn,Weapon,Basic,,2024-02-29T12:47:11Z,Secrets of the Obscure
12026,Solar Astrolabe Rifle,Weapon,Basic,,2024-02-29T12:48:08Z,Secrets of the Obscure
12084,Solar Astrolabe Pistol,Weapon,Basic,,2024-02-29T12:48:39Z,Secrets of the Obscure
12059,Solar Astrolabe Scepter,Weapon,Basic,,2024-02-29T12:51:27Z,Secrets of the Obscure
12083,Solar Astrolabe Greatsword,Weapon,Basic,,2024-02-29T12:52:16Z,Secrets of the Obscure
12051,Solar Astrolabe Sword,Weapon,Basic,,2024-02-29T12:53:01Z,Secrets of the Obscure
12035,Solar Astrolabe Dagger,Weapon,Basic,,2024-02-29T12:53:56Z,Secrets of the Obscure
12089,Solar Astrolabe Longbow,Weapon,Basic,,2024-02-29T12:54:57Z,Secrets of the Obscure
12045,Solar Astrolabe Mace,Weapon,Basic,,2024-02-29T12:56:27Z,Secrets of the Obscure
12053,Solar Astrolabe Focus,Weapon,Basic,,2024-02-29T12:56:52Z,Secrets of the Obscure
12080,Solar Astrolabe Shield,Weapon,Basic,,2024-02-29T12:57:43Z,Secrets of the Obscure
12025,Solar Astrolabe Axe,Weapon,Basic,,2024-02-29T12:58:47Z,Secrets of the Obscure
12040,Solar Astrolabe Staff,Weapon,Basic,,2024-02-29T12:59:49Z,Secrets of the Obscure
12027,Necrotic Essence Warhorn,Weapon,Basic,,2024-02-29T19:53:39Z,Secrets of the Obscure
12042,Necrotic Essence Short Bow,Weapon,Basic,,2024-02-29T19:55:04Z,Secrets of the Obscure
12046,Necrotic Essence Axe,Weapon,Basic,,2024-02-29T19:56:23Z,Secrets of the Obscure
12057,Necrotic Essence Hammer,Weapon,Basic,,2024-02-29T19:58:00Z,Secrets of the Obscure
12043,Necrotic Essence Longbow,Weapon,Basic,,2024-03-01T12:48:11Z,Secrets of the Obscure
12011,Necrotic Essence Shield,Weapon,Basic,,2024-03-01T12:49:13Z,Secrets of the Obscure
12097,Necrotic Essence Mace,Weapon,Basic,,2024-03-01T12:50:49Z,Secrets of the Obscure
12055,Necrotic Essence Pistol,Weapon,Basic,,2024-03-01T12:51:58Z,Secrets of the Obscure
12033,Necrotic Essence Staff,Weapon,Basic,,2024-03-01T12:53:07Z,Secrets of the Obscure
12069,Necrotic Essence Torch,Weapon,Basic,,2024-03-01T12:54:18Z,Secrets of the Obscure
12028,Necrotic Essence Greatsword,Weapon,Basic,,2024-03-01T12:55:19Z,Secrets of the Obscure
12023,Necrotic Essence Focus,Weapon,Basic,,2024-03-01T13:00:44Z,Secrets of the Obscure
12041,Necrotic Essence Sword,Weapon,Basic,,2024-03-01T13:01:30Z,Secrets of the Obscure
12096,Necrotic Essence Dagger,Weapon,Basic,,2024-03-01T13:02:32Z,Secrets of the Obscure
12061,Necrotic Essence Scepter,Weapon,Basic,,2024-03-01T13:03:08Z,Secrets of the Obscure
12085,Necrotic Essence Rifle,Weapon,Basic,,2024-03-02T17:19:09Z,Secrets of the Obscure
12099,Trapper's Fur Cape,Back,Masterwork,,2024-03-05T16:55:53Z,Secrets of the Obscure
12101,Synergetics Energized Shield,Weapon,Basic,,2024-03-20T18:32:14Z,Secrets of the Obscure
12103,Shattered Stone Wings Backpack,Back,Basic,,2024-03-26T21:36:41Z,Secrets of the Obscure
12100,Invisible Cat Cape,Back,Basic,,2024-04-01T17:21:46Z,Secrets of the Obscure
12102,Devil-Rending Dagger,Weapon,Basic,,2024-04-09T17:04:19Z,Secrets of the Obscure
12123,Golem-Buster Axe,Weapon,Basic,,2024-04-16T16:10:14Z,Secrets of the Obscure
12125,Golem-Buster Dagger,Weapon,Basic,,2024-04-16T16:11:16Z,Secrets of the Obscure
12131,Golem-Buster Focus,Weapon,Basic,,2024-04-16T16:11:31Z,Secrets of the Obscure
12110,Golem-Buster Greatsword,Weapon,Basic,,2024-04-16T16:11:41Z,Secrets of the Obscure
12109,Golem-Buster Hammer,Weapon,Basic,,2024-04-16T16:11:49Z,Secrets of the Obscure
12126,Golem-Buster Longbow,Weapon,Basic,,2024-04-16T16:12:06Z,Secrets of the Obscure
12111,Golem-Buster Mace,Weapon,Basic,,2024-04-16T16:12:17Z,Secrets of the Obscure
12121,Golem-Buster Pistol,Weapon,Basic,,2024-04-16T16:12:26Z,Secrets of the Obscure
12115,Golem-Buster Rifle,Weapon,Basic,,2024-04-16T16:12:34Z,Secrets of the Obscure
12108,Golem-Buster Scepter,Weapon,Basic,,2024-04-16T16:12:44Z,Secrets of the Obscure
12120,Golem-Buster Shield,Weapon,Basic,,2024-04-16T16:12:53Z,Secrets of the Obscure
12128,Golem-Buster Short Bow,Weapon,Basic,,2024-04-16T16:13:00Z,Secrets of the Obscure
12124,Golem-Buster Staff,Weapon,Basic,,2024-04-16T16:13:07Z,Secrets of the Obscure
12122,Golem-Buster Sword,Weapon,Basic,,2024-04-16T16:13:16Z,Secrets of the Obscure
12114,Golem-Buster Torch,Weapon,Basic,,2024-04-16T16:13:24Z,Secrets of the Obscure
12112,Golem-Buster Warhorn,Weapon,Basic,,2024-04-16T16:13:31Z,Secrets of the Obscure
12132,Retro-Forged Sword,Weapon,Basic,,2024-04-16T16:35:07Z,Secrets of the Obscure
12134,Retro-Forged Spear,Weapon,Basic,,2024-04-16T16:37:18Z,Secrets of the Obscure
12129,Retro-Forged Pistol,Weapon,Basic,,2024-04-16T16:38:36Z,Secrets of the Obscure
12107,Retro-Forged Scepter,Weapon,Basic,,2024-04-16T16:41:37Z,Secrets of the Obscure
12106,Powered Shoulders,Armor,Basic,Light,2024-04-16T16:50:27Z,Secrets of the Obscure
12116,Powered Shoulders,Armor,Basic,Medium,2024-04-16T16:50:27Z,Secrets of the Obscure
12117,Powered Shoulders,Armor,Basic,Heavy,2024-04-16T16:50:27Z,Secrets of the Obscure
12113,Abyss Hunter Cape,Back,Basic,,2024-04-16T17:03:42Z,Secrets of the Obscure
11824,Dark Tyrant Sword,Weapon,Basic,,2024-04-29T03:11:44Z,Secrets of the Obscure
12119,Delicate Lace Cape,Back,Masterwork,,2024-05-07T19:32:58Z,Secrets of the Obscure
12104,Gilded Stratus Longbow,Weapon,Basic,,2024-05-07T19:56:20Z,Secrets of the Obscure
12195,Lunar Astrolabe Mace,Weapon,Basic,,2024-05-22T14:14:57Z,Secrets of the Obscure
12192,Eparch's Sword,Weapon,Basic,,2024-05-23T21:17:42Z,Secrets of the Obscure
12187,Eparch's Greatsword,Weapon,Basic,,2024-05-23T21:18:54Z,Secrets of the Obscure
12209,Skysage's Cape,Back,Basic,,2024-05-24T12:10:43Z,Secrets of the Obscure
12179,Shadow Chevalier Hammer,Weapon,Basic,,2024-05-25T03:29:33Z,Secrets of the Obscure
12150,Shadow Chevalier Axe,Weapon,Basic,,2024-05-27T17:25:34Z,Secrets of the Obscure
12157,Shadow Chevalier Dagger,Weapon,Basic,,2024-05-27T17:25:59Z,Secrets of the Obscure
12169,Shadow Chevalier Mace,Weapon,Basic,,2024-05-27T17:28:37Z,Secrets of the Obscure
12210,Shadow Chevalier Focus,Weapon,Basic,,2024-05-27T17:29:02Z,Secrets of the Obscure
12203,Shadow Chevalier Pistol,Weapon,Basic,,2024-05-27T17:29:18Z,Secrets of the Obscure
12208,Shadow Chevalier Rifle,Weapon,Basic,,2024-05-27T17:29:34Z,Secrets of the Obscure
12183,Shadow Chevalier Scepter,Weapon,Basic,,2024-05-27T17:29:53Z,Secrets of the Obscure
12188,Shadow Chevalier Shield,Weapon,Basic,,2024-05-27T17:30:07Z,Secrets of the Obscure
12147,Shadow Chevalier Staff,Weapon,Basic,,2024-05-27T17:30:20Z,Secrets of the Obscure
12146,Shadow Chevalier Sword,Weapon,Basic,,2024-05-27T17:30:34Z,Secrets of the Obscure
12207,Shadow Chevalier Torch,Weapon,Basic,,2024-05-27T17:30:56Z,Secrets of the Obscure
12199,Shadow Chevalier Warhorn,Weapon,Basic,,2024-05-27T17:31:29Z,Secrets of the Obscure
12138,Shadow Chevalier Longbow,Weapon,Basic,,2024-05-27T17:34:43Z,Secrets of the Obscure
12149,Shadow Chevalier Short Bow,Weapon,Basic,,2024-05-27T17:38:09Z,Secrets of the Obscure
12160,Shadow Chevalier Greatsword,Weapon,Basic,,2024-05-27T17:40:20Z,Secrets of the Obscure
12206,Lunar Astrolabe Shield,Weapon,Basic,,2024-05-31T13:06:38Z,Secrets of the Obscure
12189,Lunar Astrolabe Longbow,Weapon,Basic,,2024-05-31T13:07:29Z,Secrets of the Obscure
12153,Lunar Astrolabe Scepter,Weapon,Basic,,2024-05-31T13:07:52Z,Secrets of the Obscure
12165,Lunar Astrolabe Short Bow,Weapon,Basic,,2024-05-31T13:08:05Z,Secrets of the Obscure
12152,Lunar Astrolabe Axe,Weapon,Basic,,2024-05-31T13:08:18Z,Secrets of the Obscure
12175,Lunar Astrolabe Focus,Weapon,Basic,,2024-05-31T13:09:19Z,Secrets of the Obscure
12135,Lunar Astrolabe Pistol,Weapon,Basic,,2024-05-31T13:09:33Z,Secrets of the Obscure
12180,Lunar Astrolabe Rifle,Weapon,Basic,,2024-05-31T13:09:50Z,Secrets of the Obscure
12137,Lunar Astrolabe Warhorn,Weapon,Basic,,2024-05-31T13:10:04Z,Secrets of the Obscure
12211,Lunar Astrolabe Sword,Weapon,Basic,,2024-05-31T13:10:19Z,Secrets of the Obscure
12144,Lunar Astrolabe Greatsword,Weapon,Basic,,2024-05-31T13:10:33Z,Secrets of the Obscure
12185,Lunar Astrolabe Dagger,Weapon,Basic,,2024-05-31T13:10:56Z,Secrets of the Obscure
12204,Lunar Astrolabe Staff,Weapon,Basic,,2024-05-31T13:11:11Z,Secrets of the Obscure
12184,Lunar Astrolabe Hammer,Weapon,Basic,,2024-05-31T13:11:27Z,Secrets of the Obscure
12159,Lunar Astrolabe Torch,Weapon,Basic,,2024-05-31T13:11:41Z,Secrets of the Obscure
12230,Bonfire Axe,Weapon,Basic,,2024-06-04T16:45:00Z,Secrets of the Obscure
12275,Bonfire Longbow,Weapon,Basic,,2024-06-04T16:46:06Z,Secrets of the Obscure
12246,Bonfire Torch,Weapon,Basic,,2024-06-04T16:46:53Z,Secrets of the Obscure
12239,Sacred Crystal Axe,Weapon,Basic,,2024-06-04T22:52:27Z,Secrets of the Obscure
12216,Holographic Dragon Cuisses,Armor,Basic,Heavy,2024-06-05T01:45:36Z,Secrets of the Obscure
12245,Holographic Dragon Cuisses,Armor,Basic,Medium,2024-06-05T01:45:36Z,Secrets of the Obscure
12262,Holographic Dragon Cuisses,Armor,Basic,Light,2024-06-05T01:45:36Z,Secrets of the Obscure
12173,Empowered Eparch's Sword,Weapon,Basic,,2024-06-05T11:49:05Z,Secrets of the Obscure
12248,Sacred Crystal Dagger,Weapon,Basic,,2024-06-05T11:57:58Z,Secrets of the Obscure
12243,Sacred Crystal Focus,Weapon,Basic,,2024-06-05T11:58:24Z,Secrets of the Obscure
12268,Sacred Crystal Greatsword,Weapon,Basic,,2024-06-05T11:59:00Z,Secrets of the Obscure
12224,Sacred Crystal Hammer,Weapon,Basic,,2024-06-05T11:59:26Z,Secrets of the Obscure
12225,Sacred Crystal Longbow,Weapon,Basic,,2024-06-05T11:59:55Z,Secrets of the Obscure
12269,Sacred Crystal Mace,Weapon,Basic,,2024-06-05T12:00:20Z,Secrets of the Obscure
12220,Sacred Crystal Pistol,Weapon,Basic,,2024-06-05T12:00:39Z,Secrets of the Obscure
12277,Sacred Crystal Rifle,Weapon,Basic,,2024-06-05T12:00:58Z,Secrets of the Obscure
12272,Sacred Crystal Scepter,Weapon,Basic,,2024-06-05T12:01:21Z,Secrets of the Obscure
12258,Sacred Crystal Spear,Weapon,Basic,,2024-06-05T12:01:39Z,Secrets of the Obscure
12263,Sacred Crystal Shield,Weapon,Basic,,2024-06-05T12:01:59Z,Secrets of the Obscure
12280,Sacred Crystal Short Bow,Weapon,Basic,,2024-06-05T12:02:26Z,Secrets of the Obscure
12244,Sacred Crystal Staff,Weapon,Basic,,2024-06-05T12:02:46Z,Secrets of the Obscure
12271,Sacred Crystal Sword,Weapon,Basic,,2024-06-05T12:03:01Z,Secrets of the Obscure
12267,Sacred Crystal Torch,Weapon,Basic,,2024-06-05T12:03:18Z,Secrets of the Obscure
12274,Sacred Crystal Warhorn,Weapon,Basic,,2024-06-05T12:03:41Z,Secrets of the Obscure
12259,Serpent's Wrath Staff,Weapon,Basic,,2024-06-06T14:26:24Z,Secrets of the Obscure
12265,Serpent's Wrath Greatsword,Weapon,Basic,,2024-06-06T14:28:21Z,Secrets of the Obscure
12226,Flowing Scaled Cape,Back,Masterwork,,2024-06-06T22:40:39Z,Secrets of the Obscure
12158,Eparch's Empowered Greatsword,Weapon,Basic,,2024-06-07T02:51:16Z,Secrets of the Obscure
12242,Chromatic Assassin Warhorn,Weapon,Basic,,2024-06-07T19:57:50Z,Secrets of the Obscure
12247,Serpent's Wrath Dagger,Weapon,Basic,,2024-06-11T00:03:00Z,Secrets of the Obscure
12233,Serpent's Wrath Shield,Weapon,Basic,,2024-06-11T01:48:59Z,Secrets of the Obscure
12249,Serpent's Wrath Mace,Weapon,Basic,,2024-06-11T01:52:49Z,Secrets of the Obscure
12251,Serpent's Wrath Warhorn,Weapon,Basic,,2024-06-11T01:54:56Z,Secrets of the Obscure
12231,Serpent's Wrath Short Bow,Weapon,Basic,,2024-06-11T01:59:03Z,Secrets of the Obscure
12273,Serpent's Wrath Torch,Weapon,Basic,,2024-06-11T03:30:41Z,Secrets of the Obscure
12250,Serpent's Wrath Axe,Weapon,Basic,,2024-06-11T03:33:42Z,Secrets of the Obscure
12264,Serpent's Wrath Scepter,Weapon,Basic,,2024-06-11T03:34:57Z,Secrets of the Obscure
12222,Serpent's Wrath Longbow,Weapon,Basic,,2024-06-11T03:36:51Z,Secrets of the Obscure
12257,Serpent's Wrath Pistol,Weapon,Basic,,2024-06-11T03:39:49Z,Secrets of the Obscure
12232,Serpent's Wrath Sword,Weapon,Basic,,2024-06-11T03:42:01Z,Secrets of the Obscure
12234,Serpent's Wrath Rifle,Weapon,Basic,,2024-06-11T03:43:46Z,Secrets of the Obscure
12278,Serpent's Wrath Spear,Weapon,Basic,,2024-06-11T03:45:02Z,Secrets of the Obscure
12217,Serpent's Wrath Focus,Weapon,Basic,,2024-06-11T03:47:36Z,Secrets of the Obscure
12240,Serpent's Wrath Hammer,Weapon,Basic,,2024-06-11T03:55:55Z,Secrets of the Obscure
12227,Disguised Umbrella Sword,Weapon,Basic,,2024-06-12T00:02:09Z,Secrets of the Obscure
12237,Chromatic Assassin Axe,Weapon,Basic,,2024-06-12T22:39:40Z,Secrets of the Obscure
12236,Chromatic Assassin Dagger,Weapon,Basic,,2024-06-12T22:40:31Z,Secrets of the Obscure
12241,Chromatic Assassin Mace,Weapon,Basic,,2024-06-12T22:41:16Z,Secrets of the Obscure
12279,Chromatic Assassin Pistol,Weapon,Basic,,2024-06-12T22:42:00Z,Secrets of the Obscure
12254,Chromatic Assassin Scepter,Weapon,Basic,,2024-06-12T22:42:41Z,Secrets of the Obscure
12266,Chromatic Assassin Sword,Weapon,Basic,,2024-06-12T22:43:32Z,Secrets of the Obscure
12255,Chromatic Assassin Focus,Weapon,Basic,,2024-06-12T22:44:07Z,Secrets of the Obscure
12223,Chromatic Assassin Shield,Weapon,Basic,,2024-06-12T22:44:46Z,Secrets of the Obscure
12261,Chromatic Assassin Torch,Weapon,Basic,,2024-06-12T22:45:27Z,Secrets of the Obscure
12260,Chromatic Assassin Greatsword,Weapon,Basic,,2024-06-12T22:47:52Z,Secrets of the Obscure
12235,Chromatic Assassin Hammer,Weapon,Basic,,2024-06-12T22:48:46Z,Secrets of the Obscure
12228,Chromatic Assassin Longbow,Weapon,Basic,,2024-06-12T22:49:30Z,Secrets of the Obscure
12238,Chromatic Assassin Rifle,Weapon,Basic,,2024-06-12T22:50:12Z,Secrets of the Obscure
12218,Chromatic Assassin Short Bow,Weapon,Basic,,2024-06-12T22:50:52Z,Secrets of the Obscure
12229,Chromatic Assassin Staff,Weapon,Basic,,2024-06-12T22:51:32Z,Secrets of the Obscure
12253,Chromatic Assassin Spear,Weapon,Basic,,2024-06-12T22:52:08Z,Secrets of the Obscure
4854,Worn Voltaic Spear,Weapon,Basic,,2024-07-02T16:34:44Z,Secrets of the Obscure
12284,Disguised Fan Shield,Weapon,Basic,,2024-07-02T17:23:17Z,Secrets of the Obscure
8854,Zephyrite Short Bow,Weapon,Basic,,2024-07-16T20:25:03Z,Secrets of the Obscure
8872,Zephyrite Torch,Weapon,Basic,,2024-07-16T20:33:13Z,Secrets of the Obscure
8857,Zephyrite Warhorn,Weapon,Basic,,2024-07-16T20:36:52Z,Secrets of the Obscure
12334,Thunderous Greatsword,Weapon,Basic,,2024-07-16T22:06:15Z,Secrets of the Obscure
12325,Thunderous Warhorn,Weapon,Basic,,2024-07-16T22:11:36Z,Secrets of the Obscure
12310,Beach Trunks,Armor,Basic,Medium,2024-07-16T23:19:29Z,Secrets of the Obscure
12321,Beach Trunks,Armor,Basic,Light,2024-07-16T23:19:29Z,Secrets of the Obscure
12347,Beach Trunks,Armor,Basic,Heavy,2024-07-16T23:19:29Z,Secrets of the Obscure
12315,Divine Radiance Sword,Weapon,Basic,,2024-07-17T03:34:44Z,Secrets of the Obscure
12340,Thunderous Longbow,Weapon,Basic,,2024-07-18T19:06:05Z,Secrets of the Obscure
12353,Corrupted Hero Pistol,Weapon,Basic,,2024-07-20T21:33:22Z,Secrets of the Obscure
12330,Corrupted Hero Mace,Weapon,Basic,,2024-07-21T08:50:27Z,Secrets of the Obscure
12346,Corrupted Hero Axe,Weapon,Basic,,2024-07-21T08:51:16Z,Secrets of the Obscure
12350,Corrupted Hero Dagger,Weapon,Basic,,2024-07-21T08:51:31Z,Secrets of the Obscure
12317,Corrupted Hero Scepter,Weapon,Basic,,2024-07-21T08:51:52Z,Secrets of the Obscure
12314,Corrupted Hero Sword,Weapon,Basic,,2024-07-21T08:52:04Z,Secrets of the Obscure
12326,Corrupted Hero Focus,Weapon,Basic,,2024-07-21T09:41:38Z,Secrets of the Obscure
12352,Corrupted Hero Shield,Weapon,Basic,,2024-07-21T09:42:25Z,Secrets of the Obscure
12313,Corrupted Hero Torch,Weapon,Basic,,2024-07-21T09:43:37Z,Secrets of the Obscure
12328,Corrupted Hero Warhorn,Weapon,Basic,,2024-07-21T09:44:16Z,Secrets of the Obscure
12311,Corrupted Hero Greatsword,Weapon,Basic,,2024-07-21T09:44:45Z,Secrets of the Obscure
12337,Corrupted Hero Hammer,Weapon,Basic,,2024-07-21T09:45:19Z,Secrets of the Obscure
12322,Corrupted Hero Longbow,Weapon,Basic,,2024-07-21T09:47:19Z,Secrets of the Obscure
12329,Corrupted Hero Rifle,Weapon,Basic,,2024-07-21T09:47:39Z,Secrets of the Obscure
12342,Corrupted Hero Staff,Weapon,Basic,,2024-07-21T09:48:03Z,Secrets of the Obscure
12341,Corrupted Hero Spear,Weapon,Basic,,2024-07-21T09:48:56Z,Secrets of the Obscure
12332,Corrupted Hero Short Bow,Weapon,Basic,,2024-07-21T09:49:22Z,Secrets of the Obscure
12324,Magical Cape,Back,Masterwork,,2024-07-23T18:20:48Z,Secrets of the Obscure
12344,Ocean's Heart Fishing Rod,Gathering,Basic,,2024-07-23T18:27:10Z,Secrets of the Obscure
9365,Bear Ceremonial Garb,Armor,Basic,Light,2024-07-27T11:38:05Z,Secrets of the Obscure
9369,Bear Ceremonial Garb,Armor,Basic,Heavy,2024-07-27T11:38:05Z,Secrets of the Obscure
9416,Bear Ceremonial Garb,Armor,Basic,Medium,2024-07-27T11:38:05Z,Secrets of the Obscure
9368,Bear Ceremonial Leggings,Armor,Basic,Heavy,2024-07-27T11:38:31Z,Secrets of the Obscure
9389,Bear Ceremonial Leggings,Armor,Basic,Light,2024-07-27T11:38:31Z,Secrets of the Obscure
9408,Bear Ceremonial Leggings,Armor,Basic,Medium,2024-07-27T11:38:31Z,Secrets of the Obscure
9158,Raven Ceremonial Hood,Armor,Basic,Heavy,2024-07-27T12:02:10Z,Secrets of the Obscure
9162,Raven Ceremonial Hood,Armor,Basic,Medium,2024-07-27T12:02:10Z,Secrets of the Obscure
9177,Raven Ceremonial Hood,Armor,Basic,Light,2024-07-27T12:02:10Z,Secrets of the Obscure
9168,Raven Ceremonial Garb,Armor,Basic,Heavy,2024-07-27T12:03:05Z,Secrets of the Obscure
9182,Raven Ceremonial Garb,Armor,Basic,Medium,2024-07-27T12:03:05Z,Secrets of the Obscure
9193,Raven Ceremonial Garb,Armor,Basic,Light,2024-07-27T12:03:05Z,Secrets of the Obscure
9139,Raven Ceremonial Bracers,Armor,Basic,Medium,2024-07-27T12:03:40Z,Secrets of the Obscure
9180,Raven Ceremonial Bracers,Armor,Basic,Heavy,2024-07-27T12:03:40Z,Secrets of the Obscure
9186,Raven Ceremonial Bracers,Armor,Basic,Light,2024-07-27T12:03:40Z,Secrets of the Obscure
9143,Raven Ceremonial Gown,Armor,Basic,Heavy,2024-07-27T12:04:09Z,Secrets of the Obscure
9148,Raven Ceremonial Gown,Armor,Basic,Light,2024-07-27T12:04:09Z,Secrets of the Obscure
9164,Raven Ceremonial Gown,Armor,Basic,Medium,2024-07-27T12:04:09Z,Secrets of the Obscure
9154,Raven Ceremonial Sandals,Armor,Basic,Heavy,2024-07-27T12:04:45Z,Secrets of the Obscure
9170,Raven Ceremonial Sandals,Armor,Basic,Light,2024-07-27T12:04:45Z,Secrets of the Obscure
9181,Raven Ceremonial Sandals,Armor,Basic,Medium,2024-07-27T12:04:45Z,Secrets of the Obscure
12320,Sandswept Axe,Weapon,Basic,,2024-07-31T07:52:52Z,Secrets of the Obscure
12336,Sandswept Dagger,Weapon,Basic,,2024-07-31T19:10:46Z,Secrets of the Obscure
12343,Sandswept Mace,Weapon,Basic,,2024-07-31T19:11:36Z,Secrets of the Obscure
12318,Sandswept Pistol,Weapon,Basic,,2024-07-31T19:12:24Z,Secrets of the Obscure
12351,Sandswept Scepter,Weapon,Basic,,2024-07-31T19:14:20Z,Secrets of the Obscure
12345,Sandswept Sword,Weapon,Basic,,2024-07-31T19:14:56Z,Secrets of the Obscure
12312,Sandswept Focus,Weapon,Basic,,2024-07-31T19:16:55Z,Secrets of the Obscure
12348,Sandswept Shield,Weapon,Basic,,2024-07-31T19:19:43Z,Secrets of the Obscure
12327,Sandswept Torch,Weapon,Basic,,2024-07-31T19:22:05Z,Secrets of the Obscure
12349,Sandswept Warhorn,Weapon,Basic,,2024-07-31T19:23:44Z,Secrets of the Obscure
12333,Sandswept Greatsword,Weapon,Basic,,2024-07-31T19:26:39Z,Secrets of the Obscure
12316,Sandswept Hammer,Weapon,Basic,,2024-07-31T19:27:44Z,Secrets of the Obscure
12309,Sandswept Longbow,Weapon,Basic,,2024-07-31T19:28:17Z,Secrets of the Obscure
12319,Sandswept Rifle,Weapon,Basic,,2024-07-31T19:28:59Z,Secrets of the Obscure
12335,Sandswept Short Bow,Weapon,Basic,,2024-07-31T19:29:29Z,Secrets of the Obscure
12339,Sandswept Staff,Weapon,Basic,,2024-07-31T19:31:20Z,Secrets of the Obscure
12323,Sandswept Spear,Weapon,Basic,,2024-07-31T19:32:11Z,Secrets of the Obscure
9538,Sun-Blessed Zephyrite Short Bow,Weapon,Basic,,2024-07-31T20:09:03Z,Secrets of the Obscure
9539,Sun-Blessed Zephyrite Torch,Weapon,Basic,,2024-07-31T20:09:37Z,Secrets of the Obscure
9548,Sun-Blessed Zephyrite Warhorn,Weapon,Basic,,2024-07-31T20:10:07Z,Secrets of the Obscure
12365,Meteor-Wielder's Glove,Armor,Basic,Heavy,2024-08-22T16:54:24Z,Janthir Wilds
12426,Meteor-Wielder's Glove,Armor,Basic,Light,2024-08-22T16:54:24Z,Janthir Wilds
12431,Meteor-Wielder's Glove,Armor,Basic,Medium,2024-08-22T16:54:24Z,Janthir Wilds
12533,Ursan Ornamented Axe,Weapon,Basic,,2024-08-22T21:12:55Z,Janthir Wilds
12464,Ursan Ornamented Longbow,Weapon,Basic,,2024-08-22T21:13:26Z,Janthir Wilds
12432,Ursan Ornamented Short Bow,Weapon,Basic,,2024-08-22T21:13:43Z,Janthir Wilds
12462,Ursan Ornamented Dagger,Weapon,Basic,,2024-08-22T21:14:04Z,Janthir Wilds
12405,Ursan Ornamented Focus,Weapon,Basic,,2024-08-22T21:14:50Z,Janthir Wilds
12457,Ursan Ornamented Greatsword,Weapon,Basic,,2024-08-22T21:15:12Z,Janthir Wilds
12507,Ursan Ornamented Hammer,Weapon,Basic,,2024-08-22T21:15:30Z,Janthir Wilds
12446,Ursan Ornamented Mace,Weapon,Basic,,2024-08-22T21:15:42Z,Janthir Wilds
12396,Ursan Ornamented Pistol,Weapon,Basic,,2024-08-22T21:15:58Z,Janthir Wilds
12421,Ursan Ornamented Rifle,Weapon,Basic,,2024-08-22T21:16:10Z,Janthir Wilds
12571,Ursan Ornamented Scepter,Weapon,Basic,,2024-08-22T21:16:23Z,Janthir Wilds
12398,Ursan Ornamented Shield,Weapon,Basic,,2024-08-22T21:16:34Z,Janthir Wilds
12488,Ursan Ornamented Spear,Weapon,Basic,,2024-08-22T21:16:47Z,Janthir Wilds
12481,Ursan Ornamented Staff,Weapon,Basic,,2024-08-22T21:16:58Z,Janthir Wilds
12445,Ursan Ornamented Sword,Weapon,Basic,,2024-08-22T21:17:13Z,Janthir Wilds
12378,Ursan Ornamented Torch,Weapon,Basic,,2024-08-22T21:17:24Z,Janthir Wilds
12491,Ursan Ornamented Warhorn,Weapon,Basic,,2024-08-22T21:17:34Z,Janthir Wilds
12468,Full Moon Torch,Weapon,Basic,,2024-08-24T01:41:54Z,Janthir Wilds
12523,Full Moon Sword,Weapon,Basic,,2024-08-24T01:41:57Z,Janthir Wilds
12557,Full Moon Staff,Weapon,Basic,,2024-08-24T01:41:59Z,Janthir Wilds
12551,Full Moon Spear,Weapon,Basic,,2024-08-24T01:42:01Z,Janthir Wilds
12359,Full Moon Short Bow,Weapon,Basic,,2024-08-24T01:43:16Z,Janthir Wilds
12436,Full Moon Shield,Weapon,Basic,,2024-08-24T01:43:19Z,Janthir Wilds
12467,Full Moon Scepter,Weapon,Basic,,2024-08-24T01:43:23Z,Janthir Wilds
12573,Full Moon Rifle,Weapon,Basic,,2024-08-24T01:44:56Z,Janthir Wilds
12394,Full Moon Pistol,Weapon,Basic,,2024-08-24T01:44:58Z,Janthir Wilds
12427,Full Moon Mace,Weapon,Basic,,2024-08-24T01:45:00Z,Janthir Wilds
12357,Full Moon Longbow,Weapon,Basic,,2024-08-24T01:46:46Z,Janthir Wilds
12552,Full Moon Hammer,Weapon,Basic,,2024-08-24T01:46:47Z,Janthir Wilds
12506,Full Moon Greatsword,Weapon,Basic,,2024-08-24T01:46:49Z,Janthir Wilds
12415,Full Moon Focus,Weapon,Basic,,2024-08-24T01:46:54Z,Janthir Wilds
12509,Full Moon Dagger,Weapon,Basic,,2024-08-24T01:50:13Z,Janthir Wilds
12438,Full Moon Axe,Weapon,Basic,,2024-08-24T01:50:14Z,Janthir Wilds
12428,Full Moon Warhorn,Weapon,Basic,,2024-08-24T02:03:55Z,Janthir Wilds
12360,Void Corrupted Rifle,Weapon,Basic,,2024-08-24T15:05:25Z,Janthir Wilds
12461,Onyx Spider's Short Bow,Weapon,Basic,,2024-08-24T15:15:24Z,Janthir Wilds
12570,Void Corrupted Sword,Weapon,Basic,,2024-08-24T15:49:36Z,Janthir Wilds
12452,Onyx Spider's Warhorn,Weapon,Basic,,2024-08-24T15:51:22Z,Janthir Wilds
12368,Void Corrupted Shield,Weapon,Basic,,2024-08-24T16:10:41Z,Janthir Wilds
12408,Void Corrupted Short Bow,Weapon,Basic,,2024-08-24T16:15:33Z,Janthir Wilds
12380,Onyx Spider's Hammer,Weapon,Basic,,2024-08-24T16:41:34Z,Janthir Wilds
12505,Onyx Spider's Dagger,Weapon,Basic,,2024-08-24T16:53:43Z,Janthir Wilds
12554,Void Corrupted Spear,Weapon,Basic,,2024-08-24T17:49:36Z,Janthir Wilds
12356,Void Corrupted Mace,Weapon,Basic,,2024-08-24T18:43:03Z,Janthir Wilds
12522,Onyx Spider's Scepter,Weapon,Basic,,2024-08-24T19:37:38Z,Janthir Wilds
12423,Onyx Spider's Longbow,Weapon,Basic,,2024-08-24T19:37:52Z,Janthir Wilds
12559,Onyx Spider's Mace,Weapon,Basic,,2024-08-24T19:38:06Z,Janthir Wilds
12407,Onyx Spider's Staff,Weapon,Basic,,2024-08-24T19:38:20Z,Janthir Wilds
12364,Onyx Spider's Axe,Weapon,Basic,,2024-08-24T19:38:33Z,Janthir Wilds
12443,Onyx Spider's Shield,Weapon,Basic,,2024-08-24T19:38:44Z,Janthir Wilds
12563,Onyx Spider's Rifle,Weapon,Basic,,2024-08-24T19:38:57Z,Janthir Wilds
12441,Onyx Spider's Spear,Weapon,Basic,,2024-08-24T19:39:07Z,Janthir Wilds
12548,Onyx Spider's Pistol,Weapon,Basic,,2024-08-24T19:39:18Z,Janthir Wilds
12562,Onyx Spider's Greatsword,Weapon,Basic,,2024-08-24T19:39:29Z,Janthir Wilds
12450,Onyx Spider's Torch,Weapon,Basic,,2024-08-24T19:39:41Z,Janthir Wilds
12520,Onyx Spider's Sword,Weapon,Basic,,2024-08-24T19:39:53Z,Janthir Wilds
12500,Onyx Spider's Focus,Weapon,Basic,,2024-08-24T19:40:05Z,Janthir Wilds
12508,Skysteel Greatsword,Weapon,Basic,,2024-08-24T20:32:22Z,Janthir Wilds
12442,Void Corrupted Warhorn,Weapon,Basic,,2024-08-25T15:31:50Z,Janthir Wilds
12390,Void Corrupted Pistol,Weapon,Basic,,2024-08-25T15:33:57Z,Janthir Wilds
12465,Void Corrupted Hammer,Weapon,Basic,,2024-08-25T15:34:49Z,Janthir Wilds
12354,Void Corrupted Axe,Weapon,Basic,,2024-08-25T15:35:44Z,Janthir Wilds
12458,Void Corrupted Longbow,Weapon,Basic,,2024-08-25T15:36:32Z,Janthir Wilds
12568,Void Corrupted Scepter,Weapon,Basic,,2024-08-25T15:37:18Z,Janthir Wilds
12541,Void Corrupted Dagger,Weapon,Basic,,2024-08-25T15:38:10Z,Janthir Wilds
12532,Void Corrupted Torch,Weapon,Basic,,2024-08-25T15:38:50Z,Janthir Wilds
12413,Void Corrupted Focus,Weapon,Basic,,2024-08-25T15:40:25Z,Janthir Wilds
12376,Void Corrupted Greatsword,Weapon,Basic,,2024-08-25T15:42:04Z,Janthir Wilds
12379,Void Corrupted Staff,Weapon,Basic,,2024-08-25T15:50:19Z,Janthir Wilds
12542,Wisteria Spear,Weapon,Basic,,2024-08-26T17:06:17Z,Janthir Wilds
12439,Bearkin War Helm,Armor,Basic,Medium,2024-08-26T18:29:14Z,Janthir Wilds
12501,Bearkin War Helm,Armor,Basic,Heavy,2024-08-26T18:29:14Z,Janthir Wilds
12574,Bearkin War Helm,Armor,Basic,Light,2024-08-26T18:29:14Z,Janthir Wilds
12598,Luminous Partisan,Weapon,Basic,,2024-09-10T16:58:40Z,Janthir Wilds
12589,Dragon Decade Spear,Weapon,Basic,,2024-09-10T21:26:18Z,Janthir Wilds
12586,Holy Barrage Mining Tool,Gathering,Basic,,2024-09-25T13:14:45Z,Janthir Wilds
12592,Holy Barrage Harvesting Tool,Gathering,Basic,,2024-09-25T13:22:19Z,Janthir Wilds
12588,Holy Barrage Logging Tool,Gathering,Basic,,2024-09-25T13:29:30Z,Janthir Wilds
7888,Darkspear,Weapon,Basic,,2024-10-01T19:34:00Z,Janthir Wilds
12594,Darkspear,Weapon,Basic,,2024-10-01T19:34:00Z,Janthir Wilds
12629,Mystical Beast Axe,Weapon,Basic,,2024-10-08T22:50:30Z,Janthir Wilds
12613,Sanguine Focus,Weapon,Basic,,2024-10-09T00:45:48Z,Janthir Wilds
12614,Sanguine Staff,Weapon,Basic,,2024-10-09T00:49:30Z,Janthir Wilds
12600,Sanguine Shield,Weapon,Basic,,2024-10-09T00:55:37Z,Janthir Wilds
12628,Mystical Beast Dagger,Weapon,Basic,,2024-10-09T01:07:40Z,Janthir Wilds
12642,Mystical Beast Mace,Weapon,Basic,,2024-10-09T01:10:57Z,Janthir Wilds
12632,Mystical Beast Pistol,Weapon,Basic,,2024-10-09T01:12:44Z,Janthir Wilds
12636,Mystical Beast Sword,Weapon,Basic,,2024-10-09T01:19:05Z,Janthir Wilds
12611,Mystical Beast Focus,Weapon,Basic,,2024-10-09T01:24:19Z,Janthir Wilds
12637,Mystical Beast Shield,Weapon,Basic,,2024-10-09T01:25:39Z,Janthir Wilds
12626,Mystical Beast Torch,Weapon,Basic,,2024-10-09T01:26:56Z,Janthir Wilds
12599,Mystical Beast Warhorn,Weapon,Basic,,2024-10-09T01:29:27Z,Janthir Wilds
12623,Mystical Beast Greatsword,Weapon,Basic,,2024-10-09T01:30:22Z,Janthir Wilds
12615,Mystical Beast Hammer,Weapon,Basic,,2024-10-09T01:31:49Z,Janthir Wilds
12631,Mystical Beast Scepter,Weapon,Basic,,2024-10-09T01:33:51Z,Janthir Wilds
12612,Mystical Beast Longbow,Weapon,Basic,,2024-10-09T01:36:03Z,Janthir Wilds
12603,Mystical Beast Rifle,Weapon,Basic,,2024-10-09T01:37:12Z,Janthir Wilds
12620,Mystical Beast Short Bow,Weapon,Basic,,2024-10-09T01:39:21Z,Janthir Wilds
12602,Mystical Beast Staff,Weapon,Basic,,2024-10-09T01:40:10Z,Janthir Wilds
12618,Mystical Beast Spear,Weapon,Basic,,2024-10-09T01:40:58Z,Janthir Wilds
12639,Graceful Bladed Right Wing Backpack,Back,Basic,,2024-10-15T16:52:12Z,Janthir Wilds
12607,Candy Core Spear,Weapon,Basic,,2024-10-15T18:44:44Z,Janthir Wilds
12601,Clawing Shadow Plate,Armor,Basic,Light,2024-10-15T18:55:07Z,Janthir Wilds
12616,Clawing Shadow Plate,Armor,Basic,Heavy,2024-10-15T18:55:07Z,Janthir Wilds
12617,Clawing Shadow Plate,Armor,Basic,Medium,2024-10-15T18:55:07Z,Janthir Wilds
12605,Candy Core Axe,Weapon,Basic,,2024-10-16T01:46:00Z,Janthir Wilds
12643,Candy Core Dagger,Weapon,Basic,,2024-10-16T01:46:39Z,Janthir Wilds
12606,Candy Core Mace,Weapon,Basic,,2024-10-16T01:47:25Z,Janthir Wilds
12640,Candy Core Pistol,Weapon,Basic,,2024-10-16T01:47:56Z,Janthir Wilds
12609,Candy Core Scepter,Weapon,Basic,,2024-10-16T01:48:27Z,Janthir Wilds
12641,Candy Core Sword,Weapon,Basic,,2024-10-16T01:48:59Z,Janthir Wilds
12610,Candy Core Focus,Weapon,Basic,,2024-10-16T01:49:37Z,Janthir Wilds
12622,Candy Core Shield,Weapon,Basic,,2024-10-16T01:50:08Z,Janthir Wilds
12608,Candy Core Torch,Weapon,Basic,,2024-10-16T01:50:47Z,Janthir Wilds
12621,Candy Core Warhorn,Weapon,Basic,,2024-10-16T01:51:19Z,Janthir Wilds
12624,Candy Core Greatsword,Weapon,Basic,,2024-10-16T01:51:52Z,Janthir Wilds
12633,Candy Core Hammer,Weapon,Basic,,2024-10-16T01:52:59Z,Janthir Wilds
12634,Candy Core Longbow,Weapon,Basic,,2024-10-16T01:53:33Z,Janthir Wilds
12638,Candy Core Rifle,Weapon,Basic,,2024-10-16T01:54:07Z,Janthir Wilds
12635,Candy Core Short Bow,Weapon,Basic,,2024-10-16T01:55:02Z,Janthir Wilds
12619,Candy Core Staff,Weapon,Basic,,2024-10-16T01:55:36Z,Janthir Wilds
12625,Flowing Silk Backpack,Back,Basic,,2024-10-22T19:26:13Z,Janthir Wilds
12646,Mystic Visionary Cape,Back,Masterwork,,2024-11-05T23:12:41Z,Janthir Wilds
12665,Foefire Axe,Weapon,Basic,,2024-11-05T23:27:22Z,Janthir Wilds
12661,Foefire Dagger,Weapon,Basic,,2024-11-08T13:48:00Z,Janthir Wilds
12663,Foefire Mace,Weapon,Basic,,2024-11-08T14:13:09Z,Janthir Wilds
12667,Foefire Pistol,Weapon,Basic,,2024-11-08T14:13:29Z,Janthir Wilds
12671,Foefire Scepter,Weapon,Basic,,2024-11-08T14:13:54Z,Janthir Wilds
12669,Foefire Sword,Weapon,Basic,,2024-11-08T14:14:13Z,Janthir Wilds
12668,Foefire Focus,Weapon,Basic,,2024-11-08T14:14:28Z,Janthir Wilds
12653,Foefire Shield,Weapon,Basic,,2024-11-08T14:14:53Z,Janthir Wilds
12658,Foefire Torch,Weapon,Basic,,2024-11-08T14:15:17Z,Janthir Wilds
12666,Foefire Warhorn,Weapon,Basic,,2024-11-08T14:15:35Z,Janthir Wilds
12650,Foefire Greatsword,Weapon,Basic,,2024-11-08T14:15:58Z,Janthir Wilds
12645,Foefire Hammer,Weapon,Basic,,2024-11-08T14:16:17Z,Janthir Wilds
12654,Foefire Longbow,Weapon,Basic,,2024-11-08T14:16:34Z,Janthir Wilds
12662,Foefire Rifle,Weapon,Basic,,2024-11-08T14:16:55Z,Janthir Wilds
12655,Foefire Short Bow,Weapon,Basic,,2024-11-08T14:17:19Z,Janthir Wilds
12670,Foefire Staff,Weapon,Basic,,2024-11-08T14:17:35Z,Janthir Wilds
12649,Foefire Spear,Weapon,Basic,,2024-11-08T14:17:54Z,Janthir Wilds
12698,Alabaster Spider's Staff,Weapon,Basic,,2024-11-20T15:01:19Z,Janthir Wilds
12740,Alabaster Spider's Spear,Weapon,Basic,,2024-11-20T15:06:32Z,Janthir Wilds
12688,Alabaster Spider's Hammer,Weapon,Basic,,2024-11-21T08:39:30Z,Janthir Wilds
12675,The Stormpiercer Spear,Weapon,Basic,,2024-11-22T15:19:53Z,Janthir Wilds
12707,Alabaster Spider's Axe,Weapon,Basic,,2024-11-23T11:24:43Z,Janthir Wilds
12672,Alabaster Spider's Dagger,Weapon,Basic,,2024-11-23T11:26:02Z,Janthir Wilds
12696,Alabaster Spider's Mace,Weapon,Basic,,2024-11-23T11:26:47Z,Janthir Wilds
12689,Alabaster Spider's Pistol,Weapon,Basic,,2024-11-23T11:27:28Z,Janthir Wilds
12686,Alabaster Spider's Scepter,Weapon,Basic,,2024-11-23T11:28:09Z,Janthir Wilds
12729,Alabaster Spider's Sword,Weapon,Basic,,2024-11-23T11:29:01Z,Janthir Wilds
12709,Alabaster Spider's Focus,Weapon,Basic,,2024-11-23T11:29:30Z,Janthir Wilds
12735,Alabaster Spider's Shield,Weapon,Basic,,2024-11-23T11:30:02Z,Janthir Wilds
12695,Alabaster Spider's Torch,Weapon,Basic,,2024-11-23T11:30:35Z,Janthir Wilds
12733,Alabaster Spider's Warhorn,Weapon,Basic,,2024-11-23T11:31:10Z,Janthir Wilds
12682,Alabaster Spider's Greatsword,Weapon,Basic,,2024-11-23T11:31:52Z,Janthir Wilds
12731,Alabaster Spider's Longbow,Weapon,Basic,,2024-11-23T11:33:11Z,Janthir Wilds
12716,Alabaster Spider's Rifle,Weapon,Basic,,2024-11-23T11:33:40Z,Janthir Wilds
12715,Alabaster Spider's Short Bow,Weapon,Basic,,2024-11-23T11:34:12Z,Janthir Wilds
12719,Klobjarne Atgeir,Weapon,Legendary,,2024-11-23T17:02:04Z,Janthir Wilds
12691,Klobjarne Darr,Weapon,Legendary,,2024-11-23T17:03:36Z,Janthir Wilds
12683,Klobjarne Kesja,Weapon,Legendary,,2024-11-23T17:05:36Z,Janthir Wilds
12730,Klobjarne Frakka,Weapon,Legendary,,2024-11-23T17:06:28Z,Janthir Wilds
12708,Klobjarne Hler,Weapon,Legendary,,2024-11-23T17:07:53Z,Janthir Wilds
12692,Naga Spirit Backpack,Back,Basic,,2024-11-26T20:09:14Z,Janthir Wilds
12764,Plush Warhorn,Weapon,Basic,,2024-12-11T00:46:49Z,Janthir Wilds
12794,Plush Staff,Weapon,Basic,,2024-12-11T05:30:02Z,Janthir Wilds
12771,Gingerbread Rifle,Weapon,Basic,,2024-12-11T13:55:46Z,Janthir Wilds
12757,Wintersday Bash,Weapon,Basic,,2024-12-11T14:21:16Z,Janthir Wilds
12755,Gingerbread Speargun,Weapon,Basic,,2024-12-11T14:24:49Z,Janthir Wilds
12791,Ginger Shortbread Shortbow,Weapon,Basic,,2024-12-11T19:07:16Z,Janthir Wilds
12778,Plush Shield,Weapon,Basic,,2024-12-12T09:26:05Z,Janthir Wilds
12774,Plush Scepter,Weapon,Basic,,2024-12-12T09:33:21Z,Janthir Wilds
12769,Plush Longbow,Weapon,Basic,,2024-12-12T09:36:52Z,Janthir Wilds
12790,Plush Hammer,Weapon,Basic,,2024-12-12T09:39:10Z,Janthir Wilds
12776,Plush Spear,Weapon,Basic,,2024-12-12T09:45:58Z,Janthir Wilds
12782,Plush Focus,Weapon,Basic,,2024-12-12T09:47:18Z,Janthir Wilds
12772,Plush Pistol,Weapon,Basic,,2024-12-12T09:47:33Z,Janthir Wilds
12767,Plush Rifle,Weapon,Basic,,2024-12-12T09:48:29Z,Janthir Wilds
12758,Plush Greatsword,Weapon,Basic,,2024-12-12T09:49:22Z,Janthir Wilds
12773,Plush Axe,Weapon,Basic,,2024-12-12T09:50:12Z,Janthir Wilds
12770,Plush Sword,Weapon,Basic,,2024-12-12T09:51:05Z,Janthir Wilds
12762,Plush Dagger,Weapon,Basic,,2024-12-12T10:03:22Z,Janthir Wilds
12779,Plush Short Bow,Weapon,Basic,,2024-12-12T10:04:24Z,Janthir Wilds
12763,Plush Mace,Weapon,Basic,,2024-12-12T10:05:14Z,Janthir Wilds
12780,Plush Torch,Weapon,Basic,,2024-12-12T10:06:13Z,Janthir Wilds
12745,Dragon Essence Hammer,Weapon,Basic,,2024-12-12T12:21:35Z,Janthir Wilds
12746,Dragon Essence Sword,Weapon,Basic,,2024-12-12T12:25:57Z,Janthir Wilds
12789,Dragon Essence Axe,Weapon,Basic,,2024-12-12T12:29:44Z,Janthir Wilds
12754,Dragon Essence Dagger,Weapon,Basic,,2024-12-12T12:31:40Z,Janthir Wilds
12781,Dragon Essence Mace,Weapon,Basic,,2024-12-12T12:33:25Z,Janthir Wilds
12759,Dragon Essence Pistol,Weapon,Basic,,2024-12-12T12:34:25Z,Janthir Wilds
12761,Dragon Essence Scepter,Weapon,Basic,,2024-12-12T12:35:56Z,Janthir Wilds
12760,Dragon Essence Focus,Weapon,Basic,,2024-12-12T12:38:15Z,Janthir Wilds
12751,Dragon Essence Shield,Weapon,Basic,,2024-12-12T12:39:43Z,Janthir Wilds
12795,Dragon Essence Torch,Weapon,Basic,,2024-12-12T12:40:41Z,Janthir Wilds
12756,Dragon Essence Warhorn,Weapon,Basic,,2024-12-12T12:42:07Z,Janthir Wilds
12785,Dragon Essence Greatsword,Weapon,Basic,,2024-12-12T12:43:17Z,Janthir Wilds
12766,Dragon Essence Longbow,Weapon,Basic,,2024-12-12T12:44:35Z,Janthir Wilds
12750,Dragon Essence Rifle,Weapon,Basic,,2024-12-12T12:45:35Z,Janthir Wilds
12783,Dragon Essence Short Bow,Weapon,Basic,,2024-12-12T12:46:58Z,Janthir Wilds
12793,Dragon Essence Staff,Weapon,Basic,,2024-12-12T12:47:54Z,Janthir Wilds
12777,Dragon Essence Spear,Weapon,Basic,,2024-12-12T12:49:07Z,Janthir Wilds
12768,Nothorium Hammer Mace,Weapon,Basic,,2024-12-31T16:45:58Z,Janthir Wilds
12753,Diabolic Pitchfork Spear,Weapon,Basic,,2025-01-07T17:48:52Z,Janthir Wilds
12630,Graceful Bladed Left Wing Backpack,Back,Basic,,2025-01-08T22:17:04Z,Janthir Wilds
12644,Graceful Bladed Wings Backpack,Back,Basic,,2025-01-08T22:32:03Z,Janthir Wilds
12804,Vagabond's Cape,Back,Masterwork,,2025-01-14T19:57:27Z,Janthir Wilds
12821,Lucky Snake Lantern,Back,Rare,,2025-01-28T18:30:23Z,Janthir Wilds
12831,Jade Serpent Spear,Weapon,Basic,,2025-01-28T18:35:34Z,Janthir Wilds
12824,Jade Serpent Dagger,Weapon,Basic,,2025-01-28T18:38:00Z,Janthir Wilds
12827,Jade Serpent Rifle,Weapon,Basic,,2025-01-28T18:39:38Z,Janthir Wilds
12828,Lucky Great Snake Lantern,Back,Exotic,,2025-01-28T19:01:52Z,Janthir Wilds
12814,Snaketail Breeches,Armor,Basic,Medium,2025-01-28T19:26:34Z,Janthir Wilds
12819,Snaketail Breeches,Armor,Basic,Light,2025-01-28T19:26:34Z,Janthir Wilds
12820,Snaketail Breeches,Armor,Basic,Heavy,2025-01-28T19:26:34Z,Janthir Wilds
12812,Lantern Warhorn,Weapon,Basic,,2025-01-29T04:19:14Z,Janthir Wilds
12826,Lantern Spear,Weapon,Basic,,2025-01-29T06:11:57Z,Janthir Wilds
12832,Lantern Mace,Weapon,Basic,,2025-01-29T06:55:59Z,Janthir Wilds
12810,Lantern Short Bow,Weapon,Basic,,2025-01-29T08:07:39Z,Janthir Wilds
12830,Lantern Staff,Weapon,Basic,,2025-01-29T08:54:33Z,Janthir Wilds
12823,Lantern Axe,Weapon,Basic,,2025-01-29T09:02:26Z,Janthir Wilds
12818,Lantern Dagger,Weapon,Basic,,2025-01-29T09:04:00Z,Janthir Wilds
12813,Lantern Focus,Weapon,Basic,,2025-01-29T09:05:50Z,Janthir Wilds
12809,Lantern Greatsword,Weapon,Basic,,2025-01-29T09:07:14Z,Janthir Wilds
12829,Lantern Hammer,Weapon,Basic,,2025-01-29T09:08:47Z,Janthir Wilds
12816,Lantern Longbow,Weapon,Basic,,2025-01-29T09:10:25Z,Janthir Wilds
12825,Lantern Pistol,Weapon,Basic,,2025-01-29T09:13:12Z,Janthir Wilds
12833,Lantern Rifle,Weapon,Basic,,2025-01-29T09:14:30Z,Janthir Wilds
12815,Lantern Scepter,Weapon,Basic,,2025-01-29T09:15:59Z,Janthir Wilds
12817,Lantern Shield,Weapon,Basic,,2025-01-29T09:17:26Z,Janthir Wilds
12822,Lantern Sword,Weapon,Basic,,2025-01-29T09:18:40Z,Janthir Wilds
12811,Lantern Torch,Weapon,Basic,,2025-01-29T09:20:06Z,Janthir Wilds
12848,Imperial Everbloom Pistol,Weapon,Basic,,2025-02-11T18:56:16Z,Janthir Wilds
12850,Imperial Everbloom Sword,Weapon,Basic,,2025-02-11T19:20:37Z,Janthir Wilds
12838,Imperial Everbloom Hammer,Weapon,Basic,,2025-02-11T19:20:59Z,Janthir Wilds
12849,Imperial Everbloom Longbow,Weapon,Basic,,2025-02-11T19:21:21Z,Janthir Wilds
12840,Imperial Everbloom Short Bow,Weapon,Basic,,2025-02-11T19:21:44Z,Janthir Wilds
12845,Imperial Everbloom Axe,Weapon,Basic,,2025-02-11T19:22:10Z,Janthir Wilds
12852,Imperial Everbloom Dagger,Weapon,Basic,,2025-02-11T19:22:32Z,Janthir Wilds
12844,Imperial Everbloom Greatsword,Weapon,Basic,,2025-02-11T19:22:51Z,Janthir Wilds
12843,Imperial Everbloom Mace,Weapon,Basic,,2025-02-11T19:23:06Z,Janthir Wilds
12846,Imperial Everbloom Rifle,Weapon,Basic,,2025-02-11T19:23:23Z,Janthir Wilds
12847,Imperial Everbloom Scepter,Weapon,Basic,,2025-02-11T19:23:40Z,Janthir Wilds
12836,Imperial Everbloom Staff,Weapon,Basic,,2025-02-11T19:23:59Z,Janthir Wilds
12841,Imperial Everbloom Focus,Weapon,Basic,,2025-02-11T19:24:37Z,Janthir Wilds
12853,Imperial Everbloom Torch,Weapon,Basic,,2025-02-11T19:24:54Z,Janthir Wilds
12851,Imperial Everbloom Warhorn,Weapon,Basic,,2025-02-11T19:25:08Z,Janthir Wilds
12855,Imperial Everbloom Shield,Weapon,Basic,,2025-02-11T19:25:27Z,Janthir Wilds
12837,Imperial Everbloom Spear,Weapon,Basic,,2025-02-11T19:26:20Z,Janthir Wilds
12834,Dainty Bee Wings Backpack,Back,Basic,,2025-02-18T16:41:13Z,Janthir Wilds
12839,Vinelord Edgebloom Spear,Weapon,Basic,,2025-03-04T17:09:00Z,Janthir Wilds
12856,Rose Masquerade Cape,Back,Masterwork,,2025-03-04T17:15:10Z,Janthir Wilds
12927,Scavenged Obsidian Axe,Weapon,Basic,,2025-03-12T21:21:16Z,Janthir Wilds
12913,Scavenged Obsidian Dagger,Weapon,Basic,,2025-03-12T21:31:54Z,Janthir Wilds
12882,Scavenged Obsidian Focus,Weapon,Basic,,2025-03-12T21:37:11Z,Janthir Wilds
12937,Scavenged Obsidian Greatsword,Weapon,Basic,,2025-03-12T21:41:45Z,Janthir Wilds
12894,Scavenged Obsidian Hammer,Weapon,Basic,,2025-03-12T21:43:57Z,Janthir Wilds
12899,Scavenged Obsidian Longbow,Weapon,Basic,,2025-03-12T21:46:12Z,Janthir Wilds
12871,Scavenged Obsidian Mace,Weapon,Basic,,2025-03-12T21:48:29Z,Janthir Wilds
12923,Scavenged Obsidian Pistol,Weapon,Basic,,2025-03-12T21:50:01Z,Janthir Wilds
12867,Scavenged Obsidian Rifle,Weapon,Basic,,2025-03-12T21:52:51Z,Janthir Wilds
12926,Scavenged Obsidian Scepter,Weapon,Basic,,2025-03-12T21:55:08Z,Janthir Wilds
12911,Scavenged Obsidian Shield,Weapon,Basic,,2025-03-12T21:56:33Z,Janthir Wilds
12883,Scavenged Obsidian Short Bow,Weapon,Basic,,2025-03-12T21:58:47Z,Janthir Wilds
12925,Scavenged Obsidian Spear,Weapon,Basic,,2025-03-12T22:00:14Z,Janthir Wilds
12868,Scavenged Obsidian Staff,Weapon,Basic,,2025-03-12T22:02:03Z,Janthir Wilds
12889,Scavenged Obsidian Sword,Weapon,Basic,,2025-03-12T22:03:43Z,Janthir Wilds
12863,Scavenged Obsidian Torch,Weapon,Basic,,2025-03-12T22:05:25Z,Janthir Wilds
12901,Scavenged Obsidian Warhorn,Weapon,Basic,,2025-03-12T22:07:02Z,Janthir Wilds
12928,Shimmering Aurora Spear,Weapon,Basic,,2025-03-13T10:25:06Z,Janthir Wilds
12866,Old-Growth Dagger,Weapon,Basic,,2025-03-14T12:09:04Z,Janthir Wilds
12876,Old-Growth Axe,Weapon,Basic,,2025-03-14T12:12:02Z,Janthir Wilds
12857,Old-Growth Focus,Weapon,Basic,,2025-03-14T12:13:31Z,Janthir Wilds
12874,Old-Growth Greatsword,Weapon,Basic,,2025-03-14T12:15:32Z,Janthir Wilds
12916,Old-Growth Hammer,Weapon,Basic,,2025-03-14T12:16:57Z,Janthir Wilds
12895,Old-Growth Longbow,Weapon,Basic,,2025-03-14T12:18:54Z,Janthir Wilds
12933,Old-Growth Mace,Weapon,Basic,,2025-03-14T12:20:35Z,Janthir Wilds
12931,Old-Growth Pistol,Weapon,Basic,,2025-03-14T12:22:26Z,Janthir Wilds
12930,Old-Growth Rifle,Weapon,Basic,,2025-03-14T12:25:03Z,Janthir Wilds
12860,Old-Growth Scepter,Weapon,Basic,,2025-03-14T12:26:31Z,Janthir Wilds
12897,Old-Growth Shield,Weapon,Basic,,2025-03-14T12:27:51Z,Janthir Wilds
12909,Old-Growth Short Bow,Weapon,Basic,,2025-03-14T12:30:12Z,Janthir Wilds
12891,Old-Growth Spear,Weapon,Basic,,2025-03-14T12:31:47Z,Janthir Wilds
12887,Old-Growth Staff,Weapon,Basic,,2025-03-14T12:32:57Z,Janthir Wilds
12885,Old-Growth Sword,Weapon,Basic,,2025-03-14T12:34:32Z,Janthir Wilds
12912,Old-Growth Torch,Weapon,Basic,,2025-03-14T12:37:03Z,Janthir Wilds
12864,Old-Growth Warhorn,Weapon,Basic,,2025-03-14T12:38:20Z,Janthir Wilds
12964,Kurzick Tree Singer's Shield,Weapon,Basic,,2025-03-25T21:57:57Z,Janthir Wilds
12970,Kurzick Tree Singer's Axe,Weapon,Basic,,2025-03-26T07:20:24Z,Janthir Wilds
12949,Kurzick Tree Singer's Dagger,Weapon,Basic,,2025-03-26T07:22:15Z,Janthir Wilds
12955,Kurzick Tree Singer's Mace,Weapon,Basic,,2025-03-26T07:24:07Z,Janthir Wilds
12947,Kurzick Tree Singer's Pistol,Weapon,Basic,,2025-03-26T07:25:56Z,Janthir Wilds
12951,Kurzick Tree Singer's Scepter,Weapon,Basic,,2025-03-26T07:27:38Z,Janthir Wilds
12965,Kurzick Tree Singer's Sword,Weapon,Basic,,2025-03-26T07:28:43Z,Janthir Wilds
12948,Kurzick Tree Singer's Focus,Weapon,Basic,,2025-03-26T07:30:51Z,Janthir Wilds
12963,Kurzick Tree Singer's Torch,Weapon,Basic,,2025-03-26T07:32:20Z,Janthir Wilds
12958,Kurzick Tree Singer's Warhorn,Weapon,Basic,,2025-03-26T07:34:06Z,Janthir Wilds
12954,Kurzick Tree Singer's Greatsword,Weapon,Basic,,2025-03-26T07:36:19Z,Janthir Wilds
12945,Kurzick Tree Singer's Hammer,Weapon,Basic,,2025-03-26T07:38:23Z,Janthir Wilds
12962,Kurzick Tree Singer's Longbow,Weapon,Basic,,2025-03-26T07:40:18Z,Janthir Wilds
12971,Kurzick Tree Singer's Rifle,Weapon,Basic,,2025-03-26T07:41:51Z,Janthir Wilds
12957,Kurzick Tree Singer's Short Bow,Weapon,Basic,,2025-03-26T07:43:22Z,Janthir Wilds
12961,Kurzick Tree Singer's Staff,Weapon,Basic,,2025-03-26T07:44:27Z,Janthir Wilds
12950,Kurzick Tree Singer's Spear,Weapon,Basic,,2025-03-26T07:45:56Z,Janthir Wilds
12946,Sweet Treat Mining Tool,Gathering,Basic,,2025-04-08T16:25:08Z,Janthir Wilds
12943,Sweet Treat Logging Tool,Gathering,Basic,,2025-04-08T16:27:22Z,Janthir Wilds
12966,Sweet Treat Harvesting Tool,Gathering,Basic,,2025-04-08T16:29:45Z,Janthir Wilds
12975,Retro-Forged Axe,Weapon,Basic,,2025-04-15T18:45:34Z,Janthir Wilds
12981,Retro-Forged Torch,Weapon,Basic,,2025-04-15T18:47:46Z,Janthir Wilds
12978,Retro-Forged Trident,Weapon,Basic,,2025-04-15T18:49:25Z,Janthir Wilds
12991,Magical Spear,Weapon,Basic,,2025-04-15T20:59:34Z,Janthir Wilds
12986,Super Rainbow Cloud Axe,Weapon,Basic,,2025-04-15T21:06:33Z,Janthir Wilds
12977,Super Rainbow Cloud Warhorn,Weapon,Basic,,2025-04-15T21:31:16Z,Janthir Wilds
12982,Royal Layered Cape,Back,Masterwork,,2025-04-15T21:49:41Z,Janthir Wilds
12997,Super Rainbow Cloud Torch,Weapon,Basic,,2025-04-15T21:53:20Z,Janthir Wilds
12987,Super Rainbow Cloud Dagger,Weapon,Basic,,2025-04-15T23:30:30Z,Janthir Wilds
12989,Super Rainbow Cloud Mace,Weapon,Basic,,2025-04-15T23:34:49Z,Janthir Wilds
12990,Super Rainbow Cloud Pistol,Weapon,Basic,,2025-04-15T23:35:46Z,Janthir Wilds
12984,Super Rainbow Cloud Scepter,Weapon,Basic,,2025-04-15T23:36:37Z,Janthir Wilds
12976,Super Rainbow Cloud Sword,Weapon,Basic,,2025-04-15T23:37:28Z,Janthir Wilds
12999,Super Rainbow Cloud Focus,Weapon,Basic,,2025-04-15T23:38:16Z,Janthir Wilds
12995,Super Rainbow Cloud Shield,Weapon,Basic,,2025-04-15T23:39:03Z,Janthir Wilds
12998,Super Rainbow Cloud Greatsword,Weapon,Basic,,2025-04-15T23:40:13Z,Janthir Wilds
12983,Super Rainbow Cloud Hammer,Weapon,Basic,,2025-04-15T23:41:03Z,Janthir Wilds
12994,Super Rainbow Cloud Longbow,Weapon,Basic,,2025-04-15T23:41:58Z,Janthir Wilds
13000,Super Rainbow Cloud Rifle,Weapon,Basic,,2025-04-15T23:42:57Z,Janthir Wilds
12980,Super Rainbow Cloud Short Bow,Weapon,Basic,,2025-04-15T23:43:40Z,Janthir Wilds
12992,Super Rainbow Cloud Staff,Weapon,Basic,,2025-04-15T23:44:31Z,Janthir Wilds
12979,Super Rainbow Cloud Spear,Weapon,Basic,,2025-04-15T23:46:50Z,Janthir Wilds
13008,Aquarium Greatsword,Weapon,Basic,,2025-05-06T20:50:41Z,Janthir Wilds
13046,Visage of the Mists,Weapon,Basic,,2025-06-04T03:30:28Z,Janthir Wilds
13054,Fox Fire Spear,Weapon,Basic,,2025-06-04T08:50:50Z,Janthir Wilds
13031,Uncrowned Legend's Warhorn,Weapon,Basic,,2025-06-04T13:44:29Z,Janthir Wilds
13077,Stone-Growth Axe,Weapon,Basic,,2025-06-04T21:30:03Z,Janthir Wilds
13057,Stone-Growth Dagger,Weapon,Basic,,2025-06-04T21:32:36Z,Janthir Wilds
13063,Stone-Growth Focus,Weapon,Basic,,2025-06-04T21:34:17Z,Janthir Wilds
13032,Stone-Growth Greatsword,Weapon,Basic,,2025-06-04T21:35:51Z,Janthir Wilds
13073,Stone-Growth Hammer,Weapon,Basic,,2025-06-04T21:37:21Z,Janthir Wilds
13072,Stone-Growth Longbow,Weapon,Basic,,2025-06-04T21:38:38Z,Janthir Wilds
13027,Stone-Growth Mace,Weapon,Basic,,2025-06-04T21:39:51Z,Janthir Wilds
13062,Stone-Growth Pistol,Weapon,Basic,,2025-06-04T21:41:34Z,Janthir Wilds
13041,Stone-Growth Rifle,Weapon,Basic,,2025-06-04T21:42:39Z,Janthir Wilds
13016,Stone-Growth Scepter,Weapon,Basic,,2025-06-04T21:43:54Z,Janthir Wilds
13050,Stone-Growth Shield,Weapon,Basic,,2025-06-04T21:45:14Z,Janthir Wilds
13030,Stone-Growth Short Bow,Weapon,Basic,,2025-06-04T21:46:30Z,Janthir Wilds
13078,Stone-Growth Spear,Weapon,Basic,,2025-06-04T21:47:39Z,Janthir Wilds
13060,Stone-Growth Staff,Weapon,Basic,,2025-06-04T21:48:48Z,Janthir Wilds
13017,Stone-Growth Sword,Weapon,Basic,,2025-06-04T21:50:08Z,Janthir Wilds
13089,Stone-Growth Torch,Weapon,Basic,,2025-06-04T21:51:08Z,Janthir Wilds
13074,Stone-Growth Warhorn,Weapon,Basic,,2025-06-04T21:52:08Z,Janthir Wilds
12942,Ward Knight's Cape,Back,Basic,,2025-06-05T16:05:47Z,Janthir Wilds
13029,Uncrowned Legend's Greatsword,Weapon,Basic,,2025-06-06T16:00:11Z,Janthir Wilds
13040,Stellar Dragon Wings Backpack,Back,Basic,,2025-06-09T08:25:49Z,Janthir Wilds
12579,Shocking Prod Spear,Weapon,Basic,,2025-06-10T11:27:01Z,Janthir Wilds
12842,Seimur's Butterknife Spear,Weapon,Basic,,2025-06-11T05:22:03Z,Janthir Wilds
13079,Uncrowned Legend's Trident,Weapon,Basic,,2025-06-17T17:23:43Z,Janthir Wilds
13053,Sacred Raven's Axe,Weapon,Basic,,2025-06-17T19:01:13Z,Janthir Wilds
13084,Sacred Raven's Dagger,Weapon,Basic,,2025-06-17T19:07:43Z,Janthir Wilds
13043,Sacred Raven's Focus,Weapon,Basic,,2025-06-17T19:12:38Z,Janthir Wilds
13018,Sacred Raven's Greatsword,Weapon,Basic,,2025-06-17T19:14:31Z,Janthir Wilds
13058,Sacred Raven's Hammer,Weapon,Basic,,2025-06-17T19:16:13Z,Janthir Wilds
13085,Sacred Raven's Longbow,Weapon,Basic,,2025-06-17T19:18:00Z,Janthir Wilds
13028,Sacred Raven's Mace,Weapon,Basic,,2025-06-17T19:19:19Z,Janthir Wilds
13024,Sacred Raven's Pistol,Weapon,Basic,,2025-06-17T19:20:42Z,Janthir Wilds
13055,Sacred Raven's Rifle,Weapon,Basic,,2025-06-17T19:23:12Z,Janthir Wilds
13061,Sacred Raven's Scepter,Weapon,Basic,,2025-06-17T19:24:25Z,Janthir Wilds
13049,Sacred Raven's Shield,Weapon,Basic,,2025-06-17T19:26:26Z,Janthir Wilds
13086,Sacred Raven's Short Bow,Weapon,Basic,,2025-06-17T19:27:54Z,Janthir Wilds
13037,Sacred Raven's Spear,Weapon,Basic,,2025-06-17T19:29:32Z,Janthir Wilds
13097,Sacred Raven's Staff,Weapon,Basic,,2025-06-17T19:31:57Z,Janthir Wilds
13047,Sacred Raven's Sword,Weapon,Basic,,2025-06-17T19:34:02Z,Janthir Wilds
13066,Sacred Raven's Torch,Weapon,Basic,,2025-06-17T19:35:49Z,Janthir Wilds
13088,Sacred Raven's Warhorn,Weapon,Basic,,2025-06-17T19:37:52Z,Janthir Wilds
12919,Abyss Stalker Spear,Weapon,Basic,,2025-06-24T18:23:44Z,Janthir Wilds
13112,Seven Reapers Spear,Weapon,Basic,,2025-06-24T18:26:44Z,Janthir Wilds
13128,Villainous Cape,Back,Masterwork,,2025-07-01T19:55:40Z,Janthir Wilds
13139,Collapsing Star Spear,Weapon,Basic,,2025-07-16T10:34:38Z,Janthir Wilds
13137,Seashell Shield,Weapon,Basic,,2025-07-19T18:55:18Z,Janthir Wilds
13149,Seashell Focus,Weapon,Basic,,2025-07-19T19:01:58Z,Janthir Wilds
13138,Seashell Staff,Weapon,Basic,,2025-07-19T19:15:25Z,Janthir Wilds
13189,Leviathan Bone Axe,Weapon,Basic,,2025-08-05T19:24:15Z,Janthir Wilds
13135,Leviathan Bone Dagger,Weapon,Basic,,2025-08-05T19:29:56Z,Janthir Wilds
13167,Leviathan Bone Mace,Weapon,Basic,,2025-08-05T19:31:33Z,Janthir Wilds
13190,Leviathan Bone Pistol,Weapon,Basic,,2025-08-05T19:33:08Z,Janthir Wilds
13153,Leviathan Bone Scepter,Weapon,Basic,,2025-08-05T19:34:41Z,Janthir Wilds
13178,Leviathan Bone Sword,Weapon,Basic,,2025-08-05T19:36:29Z,Janthir Wilds
13174,Leviathan Bone Focus,Weapon,Basic,,2025-08-05T19:38:29Z,Janthir Wilds
13172,Leviathan Bone Shield,Weapon,Basic,,2025-08-05T19:40:07Z,Janthir Wilds
13191,Leviathan Bone Torch,Weapon,Basic,,2025-08-05T19:41:53Z,Janthir Wilds
13152,Leviathan Bone Warhorn,Weapon,Basic,,2025-08-05T19:43:25Z,Janthir Wilds
13159,Leviathan Bone Greatsword,Weapon,Basic,,2025-08-05T19:45:24Z,Janthir Wilds
13140,Leviathan Bone Hammer,Weapon,Basic,,2025-08-05T19:47:12Z,Janthir Wilds
13145,Leviathan Bone Longbow,Weapon,Basic,,2025-08-05T19:48:27Z,Janthir Wilds
13181,Leviathan Bone Rifle,Weapon,Basic,,2025-08-05T19:49:56Z,Janthir Wilds
13147,Leviathan Bone Short Bow,Weapon,Basic,,2025-08-05T19:51:24Z,Janthir Wilds
13192,Leviathan Bone Staff,Weapon,Basic,,2025-08-05T19:52:44Z,Janthir Wilds
13165,Leviathan Bone Spear,Weapon,Basic,,2025-08-05T19:54:00Z,Janthir Wilds
13169,Cloud Cuirass,Armor,Basic,Heavy,2025-08-05T22:51:04Z,Janthir Wilds
13177,Cloud Cuirass,Armor,Basic,Light,2025-08-05T22:51:04Z,Janthir Wilds
13186,Cloud Cuirass,Armor,Basic,Medium,2025-08-05T22:51:04Z,Janthir Wilds
13164,Prospector's Mining Tool,Gathering,Basic,,2025-08-12T20:08:03Z,Janthir Wilds
13187,Prospector's Harvesting Tool,Gathering,Basic,,2025-08-12T20:14:06Z,Janthir Wilds
13162,Prospector's Logging Tool,Gathering,Basic,,2025-08-12T20:17:18Z,Janthir Wilds
13195,Haunted Anchor Axe,Weapon,Basic,,2025-08-20T17:15:32Z,Janthir Wilds
13197,Slender Fairy Wings Backpack,Back,Basic,,2025-08-26T16:50:22Z,Janthir Wilds
13205,Austral Mantle,Armor,Basic,Heavy,2025-09-09T19:25:33Z,Janthir Wilds
13218,Austral Mantle,Armor,Basic,Medium,2025-09-09T19:25:33Z,Janthir Wilds
13229,Austral Mantle,Armor,Basic,Light,2025-09-09T19:25:33Z,Janthir Wilds
13233,Guild Captain's Cape,Back,Masterwork,,2025-09-10T15:35:31Z,Janthir Wilds
13225,Shade-Touched Warhorn,Weapon,Basic,,2025-09-10T17:27:22Z,Janthir Wilds
13223,Shade-Touched Scepter,Weapon,Basic,,2025-09-10T17:34:45Z,Janthir Wilds
13204,Shade-Touched Axe,Weapon,Basic,,2025-09-10T17:36:05Z,Janthir Wilds
13220,Shade-Touched Longbow,Weapon,Basic,,2025-09-10T17:38:28Z,Janthir Wilds
13216,Shade-Touched Hammer,Weapon,Basic,,2025-09-10T17:41:37Z,Janthir Wilds
13214,Shade-Touched Sword,Weapon,Basic,,2025-09-10T17:42:34Z,Janthir Wilds
13211,Shade-Touched Pistol,Weapon,Basic,,2025-09-10T17:43:46Z,Janthir Wilds
13207,Shade-Touched Mace,Weapon,Basic,,2025-09-10T17:45:01Z,Janthir Wilds
13209,Shade-Touched Shield,Weapon,Basic,,2025-09-10T17:46:38Z,Janthir Wilds
13219,Shade-Touched Greatsword,Weapon,Basic,,2025-09-10T17:48:37Z,Janthir Wilds
13232,Shade-Touched Rifle,Weapon,Basic,,2025-09-10T17:49:53Z,Janthir Wilds
13206,Shade-Touched Focus,Weapon,Basic,,2025-09-10T17:50:51Z,Janthir Wilds
13221,Shade-Touched Torch,Weapon,Basic,,2025-09-10T17:52:06Z,Janthir Wilds
13217,Shade-Touched Short Bow,Weapon,Basic,,2025-09-10T17:53:19Z,Janthir Wilds
13210,Shade-Touched Dagger,Weapon,Basic,,2025-09-10T17:54:12Z,Janthir Wilds
13231,Shade-Touched Staff,Weapon,Basic,,2025-09-10T17:55:07Z,Janthir Wilds
13203,Shade-Touched Spear,Weapon,Basic,,2025-09-10T17:56:02Z,Janthir Wilds
13222,"Eikasia, Mists-Grasper",Armor,Basic,Medium,2025-09-22T22:51:32Z,Janthir Wilds
13224,"Eikasia, Mists-Grasper",Armor,Basic,Light,2025-09-22T22:51:32Z,Janthir Wilds
13230,"Eikasia, Mists-Grasper",Armor,Basic,Heavy,2025-09-22T22:51:32Z,Janthir Wilds
13215,Traveling Knight's Cape,Back,Masterwork,,2025-09-30T16:30:36Z,Janthir Wilds
13256,Chained Spear,Weapon,Basic,,2025-10-07T17:27:49Z,Janthir Wilds
13258,Unchained Longbow,Weapon,Basic,,2025-10-07T17:35:55Z,Janthir Wilds
13248,Unchained Sword,Weapon,Basic,,2025-10-07T17:40:18Z,Janthir Wilds
13251,Unchained Torch,Weapon,Basic,,2025-10-07T17:42:12Z,Janthir Wilds
13236,Unchained Dagger,Weapon,Basic,,2025-10-07T17:44:03Z,Janthir Wilds
13235,Unchained Axe,Weapon,Basic,,2025-10-07T17:45:47Z,Janthir Wilds
13245,Unchained Greatsword,Weapon,Basic,,2025-10-07T17:55:06Z,Janthir Wilds
13263,Unchained Mace,Weapon,Basic,,2025-10-07T17:55:10Z,Janthir Wilds
13238,Unchained Rifle,Weapon,Basic,,2025-10-07T17:55:14Z,Janthir Wilds
13262,Unchained Pistol,Weapon,Basic,,2025-10-07T17:55:16Z,Janthir Wilds
13246,Unchained Warhorn,Weapon,Basic,,2025-10-07T17:55:19Z,Janthir Wilds
13237,Unchained Spear,Weapon,Basic,,2025-10-07T17:55:22Z,Janthir Wilds
13249,Unchained Shield,Weapon,Basic,,2025-10-07T17:55:28Z,Janthir Wilds
13253,Unchained Hammer,Weapon,Basic,,2025-10-07T17:55:32Z,Janthir Wilds
13239,Unchained Staff,Weapon,Basic,,2025-10-07T17:55:38Z,Janthir Wilds
13240,Unchained Scepter,Weapon,Basic,,2025-10-07T17:55:40Z,Janthir Wilds
13255,Plush Zhaia Backpack,Back,Exotic,,2025-10-07T18:25:29Z,Janthir Wilds
13252,Unchained Focus,Weapon,Basic,,2025-10-07T18:30:33Z,Janthir Wilds
13259,Unchained Short Bow,Weapon,Basic,,2025-10-07T18:30:42Z,Janthir Wilds
13382,Mystic Bident,Weapon,Basic,,2025-10-31T06:35:52Z,Visions of Eternity
13574,Bronze Javelin,Weapon,Basic,,2025-10-31T10:18:06Z,Visions of Eternity
13569,Darksteel Javelin,Weapon,Basic,,2025-10-31T10:20:00Z,Visions of Eternity
13461,Mithril Javelin,Weapon,Basic,,2025-10-31T10:21:45Z,Visions of Eternity
13289,Seaside Scholar's Shades,Armor,Basic,Light,2025-11-01T04:49:08Z,Visions of Eternity
13381,Seaside Scholar's Shades,Armor,Basic,Medium,2025-11-01T04:49:08Z,Visions of Eternity
13386,Seaside Scholar's Shades,Armor,Basic,Heavy,2025-11-01T04:49:08Z,Visions of Eternity
13447,Pearlshell Short Bow,Weapon,Basic,,2025-11-02T14:14:38Z,Visions of Eternity
13356,Pearlshell Longbow,Weapon,Basic,,2025-11-02T16:23:33Z,Visions of Eternity
13441,Stormcaller Spear,Weapon,Basic,,2025-11-02T19:23:26Z,Visions of Eternity
13315,Charged Stormcaller Spear,Weapon,Basic,,2025-11-02T19:39:33Z,Visions of Eternity
13345,Volcanic Stormcaller Spear,Weapon,Basic,,2025-11-02T19:46:21Z,Visions of Eternity
13361,Priory's Historical Glaive,Weapon,Basic,,2025-11-03T05:25:11Z,Visions of Eternity
13407,Blazing Cape,Back,Basic,,2025-11-06T15:22:22Z,Visions of Eternity
13284,Pearlshell Hammer,Weapon,Basic,,2025-11-06T19:13:10Z,Visions of Eternity
13479,Pearlshell Scepter,Weapon,Basic,,2025-11-06T19:16:54Z,Visions of Eternity
13400,Pearlshell Mace,Weapon,Basic,,2025-11-06T19:18:34Z,Visions of Eternity
3418,Vigil's Honor Spear,Weapon,Basic,,2025-11-08T00:28:35Z,Visions of Eternity
13535,Pearlshell Axe,Weapon,Basic,,2025-11-08T01:28:02Z,Visions of Eternity
13508,Pearlshell Dagger,Weapon,Basic,,2025-11-08T01:28:52Z,Visions of Eternity
13501,Pearlshell Pistol,Weapon,Basic,,2025-11-08T01:30:36Z,Visions of Eternity
13554,Pearlshell Sword,Weapon,Basic,,2025-11-08T01:32:08Z,Visions of Eternity
13417,Pearlshell Focus,Weapon,Basic,,2025-11-08T01:32:50Z,Visions of Eternity
13296,Pearlshell Shield,Weapon,Basic,,2025-11-08T01:33:31Z,Visions of Eternity
13402,Pearlshell Torch,Weapon,Basic,,2025-11-08T01:34:09Z,Visions of Eternity
13264,Pearlshell Warhorn,Weapon,Basic,,2025-11-08T01:34:56Z,Visions of Eternity
13337,Pearlshell Greatsword,Weapon,Basic,,2025-11-08T01:35:31Z,Visions of Eternity
13512,Pearlshell Rifle,Weapon,Basic,,2025-11-08T01:36:58Z,Visions of Eternity
13516,Pearlshell Staff,Weapon,Basic,,2025-11-08T01:39:08Z,Visions of Eternity
13620,Pearlshell Spear,Weapon,Basic,,2025-11-08T01:40:08Z,Visions of Eternity
13548,Painter's Brilliance Backpack,Back,Basic,,2025-11-08T21:27:53Z,Visions of Eternity
13475,Calligrapher's Longbow,Weapon,Basic,,2025-11-18T18:39:14Z,Visions of Eternity
13626,Calligrapher's Staff,Weapon,Basic,,2025-11-18T18:42:51Z,Visions of Eternity
13529,Calligrapher's Axe,Weapon,Basic,,2025-11-18T19:01:43Z,Visions of Eternity
13394,Calligrapher's Dagger,Weapon,Basic,,2025-11-18T19:03:31Z,Visions of Eternity
13274,Calligrapher's Mace,Weapon,Basic,,2025-11-18T19:06:48Z,Visions of Eternity
13389,Calligrapher's Pistol,Weapon,Basic,,2025-11-18T19:08:52Z,Visions of Eternity
13482,Calligrapher's Scepter,Weapon,Basic,,2025-11-18T19:10:37Z,Visions of Eternity
13573,Calligrapher's Sword,Weapon,Basic,,2025-11-18T19:12:14Z,Visions of Eternity
13424,Calligrapher's Focus,Weapon,Basic,,2025-11-18T19:13:52Z,Visions of Eternity
13363,Calligrapher's Shield,Weapon,Basic,,2025-11-18T19:15:24Z,Visions of Eternity
13534,Calligrapher's Torch,Weapon,Basic,,2025-11-18T19:17:00Z,Visions of Eternity
13342,Calligrapher's Warhorn,Weapon,Basic,,2025-11-18T19:18:32Z,Visions of Eternity
13518,Calligrapher's Greatsword,Weapon,Basic,,2025-11-18T19:19:43Z,Visions of Eternity
13414,Calligrapher's Hammer,Weapon,Basic,,2025-11-18T19:21:03Z,Visions of Eternity
13575,Calligrapher's Rifle,Weapon,Basic,,2025-11-18T19:22:33Z,Visions of Eternity
13379,Calligrapher's Short Bow,Weapon,Basic,,2025-11-18T19:24:09Z,Visions of Eternity
13458,Calligrapher's Spear,Weapon,Basic,,2025-11-18T19:25:19Z,Visions of Eternity
13243,Plush Jorms Backpack,Back,Exotic,,2025-12-10T00:50:55Z,Visions of Eternity
13667,Snowdrift Spear,Weapon,Basic,,2025-12-10T06:59:03Z,Visions of Eternity
13669,Winter Snow Goggles,Armor,Basic,Heavy,2025-12-10T15:36:40Z,Visions of Eternity
13670,Winter Snow Goggles,Armor,Basic,Medium,2025-12-10T15:36:40Z,Visions of Eternity
13673,Winter Snow Goggles,Armor,Basic,Light,2025-12-10T15:36:40Z,Visions of Eternity
13678,Sugardrift Axe,Weapon,Basic,,2025-12-10T19:19:01Z,Visions of Eternity
13665,Sugardrift Dagger,Weapon,Basic,,2025-12-10T19:31:12Z,Visions of Eternity
13664,Sugardrift Mace,Weapon,Basic,,2025-12-10T19:32:08Z,Visions of Eternity
13655,Sugardrift Pistol,Weapon,Basic,,2025-12-10T19:33:09Z,Visions of Eternity
13659,Sugardrift Scepter,Weapon,Basic,,2025-12-10T19:33:49Z,Visions of Eternity
13658,Sugardrift Sword,Weapon,Basic,,2025-12-10T19:34:23Z,Visions of Eternity
13660,Sugardrift Focus,Weapon,Basic,,2025-12-10T19:34:58Z,Visions of Eternity
13674,Sugardrift Shield,Weapon,Basic,,2025-12-10T19:35:35Z,Visions of Eternity
13653,Sugardrift Torch,Weapon,Basic,,2025-12-10T19:36:10Z,Visions of Eternity
13662,Sugardrift Warhorn,Weapon,Basic,,2025-12-10T19:36:39Z,Visions of Eternity
13649,Sugardrift Greatsword,Weapon,Basic,,2025-12-10T19:37:11Z,Visions of Eternity
13661,Sugardrift Hammer,Weapon,Basic,,2025-12-10T19:37:44Z,Visions of Eternity
13666,Sugardrift Longbow,Weapon,Basic,,2025-12-10T19:38:26Z,Visions of Eternity
13671,Sugardrift Rifle,Weapon,Basic,,2025-12-10T19:39:01Z,Visions of Eternity
13654,Sugardrift Short Bow,Weapon,Basic,,2025-12-10T19:39:37Z,Visions of Eternity
13677,Sugardrift Staff,Weapon,Basic,,2025-12-10T19:40:15Z,Visions of Eternity
13651,Sugardrift Spear,Weapon,Basic,,2025-12-10T19:40:51Z,Visions of Eternity
13668,Metal Legion Logging Tool,Gathering,Basic,,2025-12-16T17:25:52Z,Visions of Eternity
13679,Metal Legion Harvesting Tool,Gathering,Basic,,2025-12-16T17:31:08Z,Visions of Eternity
13675,Metal Legion Mining Tool,Gathering,Basic,,2025-12-16T17:31:09Z,Visions of Eternity
13681,Vermilion Staff Skin,Weapon,Basic,,2026-01-13T17:53:47Z,Visions of Eternity
13257,Plush Mordy Backpack,Back,Exotic,,2026-02-03T18:18:14Z,Visions of Eternity
13726,Painter's Brilliance Axe,Weapon,Basic,,2026-02-03T22:45:17Z,Visions of Eternity
13753,Painter's Brilliance Dagger,Weapon,Basic,,2026-02-03T22:48:09Z,Visions of Eternity
13777,Painter's Brilliance Mace,Weapon,Basic,,2026-02-03T22:50:02Z,Visions of Eternity
13735,Painter's Brilliance Pistol,Weapon,Basic,,2026-02-03T22:51:41Z,Visions of Eternity
13688,Painter's Brilliance Scepter,Weapon,Basic,,2026-02-03T22:53:32Z,Visions of Eternity
13690,Painter's Brilliance Sword,Weapon,Basic,,2026-02-03T22:55:49Z,Visions of Eternity
13781,Painter's Brilliance Focus,Weapon,Basic,,2026-02-03T22:57:33Z,Visions of Eternity
13712,Painter's Brilliance Shield,Weapon,Basic,,2026-02-03T22:59:23Z,Visions of Eternity
13769,Painter's Brilliance Torch,Weapon,Basic,,2026-02-03T23:01:31Z,Visions of Eternity
13717,Painter's Brilliance Warhorn,Weapon,Basic,,2026-02-03T23:03:17Z,Visions of Eternity
13741,Painter's Brilliance Greatsword,Weapon,Basic,,2026-02-03T23:04:50Z,Visions of Eternity
13764,Painter's Brilliance Hammer,Weapon,Basic,,2026-02-03T23:06:26Z,Visions of Eternity
13744,Painter's Brilliance Longbow,Weapon,Basic,,2026-02-03T23:09:35Z,Visions of Eternity
13784,Painter's Brilliance Rifle,Weapon,Basic,,2026-02-03T23:11:52Z,Visions of Eternity
13787,Painter's Brilliance Short Bow,Weapon,Basic,,2026-02-03T23:15:48Z,Visions of Eternity
13707,Painter's Brilliance Staff,Weapon,Basic,,2026-02-03T23:21:33Z,Visions of Eternity
13752,Painter's Brilliance Spear,Weapon,Basic,,2026-02-03T23:23:50Z,Visions of Eternity
13729,Lucky Horse Lantern,Back,Rare,,2026-02-04T00:33:14Z,Visions of Eternity
13373,Orrian Glaive,Weapon,Basic,,2026-02-04T10:00:44Z,Visions of Eternity
13364,Pearl Halberd,Weapon,Basic,,2026-02-04T10:07:01Z,Visions of Eternity
13526,Tribal Bident,Weapon,Basic,,2026-02-04T10:12:16Z,Visions of Eternity
13619,Peacemaker's Javelin,Weapon,Basic,,2026-02-04T10:17:10Z,Visions of Eternity
13571,"Pirate ""Fork""",Weapon,Basic,,2026-02-04T10:22:27Z,Visions of Eternity
13354,Verdant Glaive,Weapon,Basic,,2026-02-04T10:24:57Z,Visions of Eternity
13406,Warden Pike,Weapon,Basic,,2026-02-04T10:32:38Z,Visions of Eternity
13758,Toxinshell Axe,Weapon,Basic,,2026-02-04T10:43:49Z,Visions of Eternity
13685,Toxinshell Dagger,Weapon,Basic,,2026-02-04T10:45:49Z,Visions of Eternity
13751,Toxinshell Mace,Weapon,Basic,,2026-02-04T10:47:00Z,Visions of Eternity
13713,Toxinshell Pistol,Weapon,Basic,,2026-02-04T10:48:10Z,Visions of Eternity
13778,Toxinshell Scepter,Weapon,Basic,,2026-02-04T10:49:14Z,Visions of Eternity
13696,Toxinshell Sword,Weapon,Basic,,2026-02-04T10:50:23Z,Visions of Eternity
13786,Toxinshell Focus,Weapon,Basic,,2026-02-04T10:51:34Z,Visions of Eternity
13742,Toxinshell Shield,Weapon,Basic,,2026-02-04T10:52:33Z,Visions of Eternity
13737,Toxinshell Torch,Weapon,Basic,,2026-02-04T10:53:31Z,Visions of Eternity
13748,Toxinshell Warhorn,Weapon,Basic,,2026-02-04T10:54:32Z,Visions of Eternity
13728,Toxinshell Greatsword,Weapon,Basic,,2026-02-04T10:55:35Z,Visions of Eternity
13732,Toxinshell Hammer,Weapon,Basic,,2026-02-04T10:56:31Z,Visions of Eternity
13687,Toxinshell Longbow,Weapon,Basic,,2026-02-04T10:58:12Z,Visions of Eternity
13750,Toxinshell Rifle,Weapon,Basic,,2026-02-04T10:59:11Z,Visions of Eternity
13720,Toxinshell Short Bow,Weapon,Basic,,2026-02-04T11:00:05Z,Visions of Eternity
13776,Toxinshell Staff,Weapon,Basic,,2026-02-04T11:02:19Z,Visions of Eternity
13706,Toxinshell Spear,Weapon,Basic,,2026-02-04T11:03:38Z,Visions of Eternity
13788,Tropical Leaf Cape,Back,Basic,,2026-02-04T12:10:24Z,Visions of Eternity
13766,Firework Spear,Weapon,Basic,,2026-02-04T19:55:58Z,Visions of Eternity
13725,Lucky Great Horse Lantern,Back,Exotic,,2026-02-04T20:04:29Z,Visions of Eternity
13704,Celestial's Firework Axe,Weapon,Basic,,2026-02-05T10:12:35Z,Visions of Eternity
13745,Celestial's Firework Rifle,Weapon,Basic,,2026-02-05T10:18:36Z,Visions of Eternity
13734,Celestial's Firework Focus,Weapon,Basic,,2026-02-05T10:22:22Z,Visions of Eternity
13773,Celestial's Firework Shield,Weapon,Basic,,2026-02-05T10:23:30Z,Visions of Eternity
13770,Celestial's Firework Short Bow,Weapon,Basic,,2026-02-05T10:25:53Z,Visions of Eternity
13746,Celestial's Firework Longbow,Weapon,Basic,,2026-02-05T10:27:14Z,Visions of Eternity
13772,Celestial's Firework Spear,Weapon,Basic,,2026-02-05T10:28:23Z,Visions of Eternity
13747,Celestial's Firework Torch,Weapon,Basic,,2026-02-05T10:31:16Z,Visions of Eternity
13684,Celestial's Firework Warhorn,Weapon,Basic,,2026-02-05T10:32:56Z,Visions of Eternity
13718,Celestial's Firework Sword,Weapon,Basic,,2026-02-05T10:34:06Z,Visions of Eternity
13709,Celestial's Firework Greatsword,Weapon,Basic,,2026-02-05T10:38:14Z,Visions of Eternity
13719,Celestial's Firework Scepter,Weapon,Basic,,2026-02-05T10:41:10Z,Visions of Eternity
13785,Celestial's Firework Mace,Weapon,Basic,,2026-02-05T10:42:18Z,Visions of Eternity
13761,Celestial's Firework Hammer,Weapon,Basic,,2026-02-05T10:43:08Z,Visions of Eternity
13708,Celestial's Firework Pistol,Weapon,Basic,,2026-02-05T10:47:48Z,Visions of Eternity
13739,Celestial's Firework Dagger,Weapon,Basic,,2026-02-05T11:01:16Z,Visions of Eternity
13749,Celestial's Firework Staff,Weapon,Basic,,2026-02-05T11:05:03Z,Visions of Eternity
13790,Inverted Blade Wings Backpack,Back,Basic,,2026-03-03T17:42:14Z,Visions of Eternity
13797,Portable Portal Backpack Skin,Back,Basic,,2026-03-18T17:58:24Z,Visions of Eternity
13807,Dynamics Hoverboard Backpack,Back,Basic,,2026-03-24T20:00:41Z,Visions of Eternity
13838,Retro-Forged Focus,Weapon,Basic,,2026-04-14T21:42:24Z,Visions of Eternity
13823,Retro-Forged Greatsword,Weapon,Basic,,2026-04-14T21:45:23Z,Visions of Eternity
13837,Retro-Forged Longbow,Weapon,Basic,,2026-04-14T21:46:55Z,Visions of Eternity
13831,Hardlight Spear,Weapon,Basic,,2026-04-14T21:55:37Z,Visions of Eternity
13261,Plush Ess Backpack,Back,Exotic,,2026-04-14T22:04:13Z,Visions of Eternity
13836,Forged-Light Axe,Weapon,Basic,,2026-04-14T22:14:38Z,Visions of Eternity
13813,Forged-Light Dagger,Weapon,Basic,,2026-04-14T22:16:27Z,Visions of Eternity
13844,Forged-Light Mace,Weapon,Basic,,2026-04-14T22:17:44Z,Visions of Eternity
13819,Forged-Light Pistol,Weapon,Basic,,2026-04-14T22:19:08Z,Visions of Eternity
13834,Forged-Light Scepter,Weapon,Basic,,2026-04-14T22:20:18Z,Visions of Eternity
13825,Forged-Light Sword,Weapon,Basic,,2026-04-14T22:21:18Z,Visions of Eternity
13839,Forged-Light Focus,Weapon,Basic,,2026-04-14T22:22:19Z,Visions of Eternity
13843,Forged-Light Shield,Weapon,Basic,,2026-04-14T22:23:33Z,Visions of Eternity
13811,Forged-Light Torch,Weapon,Basic,,2026-04-14T22:24:37Z,Visions of Eternity
13829,Forged-Light Warhorn,Weapon,Basic,,2026-04-14T22:25:38Z,Visions of Eternity
13842,Accelerated Edge Axe,Weapon,Basic,,2026-04-14T22:26:30Z,Visions of Eternity
13830,Forged-Light Greatsword,Weapon,Basic,,2026-04-14T22:27:27Z,Visions of Eternity
13841,Forged-Light Hammer,Weapon,Basic,,2026-04-14T22:28:31Z,Visions of Eternity
13818,Accelerated Edge Dagger,Weapon,Basic,,2026-04-14T22:28:50Z,Visions of Eternity
13817,Accelerated Edge Focus,Weapon,Basic,,2026-04-14T22:29:41Z,Visions of Eternity
13812,Forged-Light Longbow,Weapon,Basic,,2026-04-14T22:29:57Z,Visions of Eternity
13832,Forged-Light Rifle,Weapon,Basic,,2026-04-14T22:31:07Z,Visions of Eternity
13827,Forged-Light Short Bow,Weapon,Basic,,2026-04-14T22:32:14Z,Visions of Eternity
13846,Forged-Light Staff,Weapon,Basic,,2026-04-14T22:33:18Z,Visions of Eternity
13826,Forged-Light Spear,Weapon,Basic,,2026-04-14T22:34:15Z,Visions of Eternity
13840,Dynamics Extractor Logging Tool,Gathering,Basic,,2026-04-14T22:47:36Z,Visions of Eternity
13847,Dynamics Extractor Mining Tool,Gathering,Basic,,2026-04-14T22:52:39Z,Visions of Eternity
13820,Dynamics Extractor Harvesting Tool,Gathering,Basic,,2026-04-14T22:56:25Z,Visions of Eternity
13814,Salvaged Dredge Backpack,Back,Exotic,,2026-05-03T12:59:00Z,Visions of Eternity
13824,Salvaged Dredge Inferno Backpack,Back,Ascended,,2026-05-03T22:15:42Z,Visions of Eternity
13935,Gwyl Monarch's Axe,Weapon,Basic,,2026-05-13T10:05:15Z,Visions of Eternity
13936,Gwyl Monarch's Dagger,Weapon,Basic,,2026-05-13T10:07:22Z,Visions of Eternity
13977,Gwyl Monarch's Focus,Weapon,Basic,,2026-05-13T10:08:39Z,Visions of Eternity
13922,Gwyl Monarch's Greatsword,Weapon,Basic,,2026-05-13T10:10:06Z,Visions of Eternity
13905,Gwyl Monarch's Hammer,Weapon,Basic,,2026-05-13T10:11:09Z,Visions of Eternity
13888,Gwyl Monarch's Longbow,Weapon,Basic,,2026-05-13T10:12:24Z,Visions of Eternity
13993,Gwyl Monarch's Mace,Weapon,Basic,,2026-05-13T10:13:23Z,Visions of Eternity
13927,Gwyl Monarch's Pistol,Weapon,Basic,,2026-05-13T10:14:20Z,Visions of Eternity
13949,Gwyl Monarch's Rifle,Weapon,Basic,,2026-05-13T10:15:19Z,Visions of Eternity
13925,Gwyl Monarch's Scepter,Weapon,Basic,,2026-05-13T10:16:46Z,Visions of Eternity
13987,Gwyl Monarch's Shield,Weapon,Basic,,2026-05-13T10:17:58Z,Visions of Eternity
13873,Gwyl Monarch's Short Bow,Weapon,Basic,,2026-05-13T10:18:51Z,Visions of Eternity
13940,Gwyl Monarch's Spear,Weapon,Basic,,2026-05-13T10:20:03Z,Visions of Eternity
13892,Gwyl Monarch's Staff,Weapon,Basic,,2026-05-13T10:20:52Z,Visions of Eternity
13872,Gwyl Monarch's Sword,Weapon,Basic,,2026-05-13T10:21:50Z,Visions of Eternity
13898,Gwyl Monarch's Torch,Weapon,Basic,,2026-05-13T10:22:41Z,Visions of Eternity
13893,Gwyl Monarch's Warhorn,Weapon,Basic,,2026-05-13T10:23:33Z,Visions of Eternity
13779,Heavy Inquest Aquabreather,Armor,Exotic,Heavy,2026-05-14T12:27:41Z,Visions of Eternity
13976,Synergetics Axe,Weapon,Basic,,2026-05-14T14:04:50Z,Visions of Eternity
13965,Synergetics Dagger,Weapon,Basic,,2026-05-14T14:10:10Z,Visions of Eternity
13857,Synergetics Focus,Weapon,Basic,,2026-05-14T14:11:53Z,Visions of Eternity
13880,Synergetics Greatsword,Weapon,Basic,,2026-05-14T14:14:34Z,Visions of Eternity
13994,Synergetics Hammer,Weapon,Basic,,2026-05-14T14:15:42Z,Visions of Eternity
13944,Synergetics Longbow,Weapon,Basic,,2026-05-14T14:18:57Z,Visions of Eternity
13902,Synergetics Mace,Weapon,Basic,,2026-05-14T14:21:02Z,Visions of Eternity
13973,Synergetics Pistol,Weapon,Basic,,2026-05-14T14:24:53Z,Visions of Eternity
13969,Synergetics Rifle,Weapon,Basic,,2026-05-14T14:28:14Z,Visions of Eternity
13924,Synergetics Scepter,Weapon,Basic,,2026-05-14T14:30:26Z,Visions of Eternity
13970,Synergetics Shield,Weapon,Basic,,2026-05-14T14:31:48Z,Visions of Eternity
13885,Synergetics Short Bow,Weapon,Basic,,2026-05-14T14:33:47Z,Visions of Eternity
13997,Synergetics Staff,Weapon,Basic,,2026-05-14T14:34:47Z,Visions of Eternity
13901,Synergetics Sword,Weapon,Basic,,2026-05-14T14:36:08Z,Visions of Eternity
13899,Synergetics Torch,Weapon,Basic,,2026-05-14T14:37:04Z,Visions of Eternity
13961,Synergetics Warhorn,Weapon,Basic,,2026-05-14T14:37:55Z,Visions of Eternity
13904,Synergetics Spear,Weapon,Basic,,2026-05-14T14:43:46Z,Visions of Eternity
13856,Glimmering Resin Mace,Weapon,Basic,,2026-05-15T17:04:26Z,Visions of Eternity
13959,Glimmering Resin Axe,Weapon,Basic,,2026-05-15T17:40:41Z,Visions of Eternity
13861,Glimmering Resin Dagger,Weapon,Basic,,2026-05-15T17:43:09Z,Visions of Eternity
13971,Glimmering Resin Focus,Weapon,Basic,,2026-05-15T17:44:43Z,Visions of Eternity
13986,Glimmering Resin Greatsword,Weapon,Basic,,2026-05-15T17:46:37Z,Visions of Eternity
13985,Glimmering Resin Hammer,Weapon,Basic,,2026-05-15T17:48:12Z,Visions of Eternity
13945,Glimmering Resin Longbow,Weapon,Basic,,2026-05-15T17:49:34Z,Visions of Eternity
13978,Glimmering Resin Pistol,Weapon,Basic,,2026-05-15T17:54:47Z,Visions of Eternity
13866,Glimmering Resin Rifle,Weapon,Basic,,2026-05-15T17:56:39Z,Visions of Eternity
13934,Glimmering Resin Scepter,Weapon,Basic,,2026-05-15T17:57:59Z,Visions of Eternity
13850,Glimmering Resin Shield,Weapon,Basic,,2026-05-15T17:59:47Z,Visions of Eternity
13990,Glimmering Resin Short Bow,Weapon,Basic,,2026-05-15T18:01:01Z,Visions of Eternity
13982,Glimmering Resin Spear,Weapon,Basic,,2026-05-15T18:02:12Z,Visions of Eternity
13964,Glimmering Resin Staff,Weapon,Basic,,2026-05-15T18:03:30Z,Visions of Eternity
13933,Glimmering Resin Sword,Weapon,Basic,,2026-05-15T18:04:54Z,Visions of Eternity
13865,Glimmering Resin Torch,Weapon,Basic,,2026-05-15T18:06:21Z,Visions of Eternity
13917,Glimmering Resin Warhorn,Weapon,Basic,,2026-05-15T18:08:01Z,Visions of Eternity
7113,Spire of Samarog,Weapon,Basic,,2026-05-17T19:27:06Z,Visions of Eternity
13420,Spire of Samarog,Weapon,Basic,,2026-05-17T19:27:06Z,Visions of Eternity
13914,Devil-Rending Staff,Weapon,Basic,,2026-05-19T16:41:06Z,Visions of Eternity
14017,Guild Warrior Cape,Back,Basic,,2026-06-02T17:32:08Z,Visions of Eternity
13241,Plush Primo Backpack,Back,Exotic,,2026-06-02T17:52:53Z,Visions of Eternity
14026,Dragonbone Spear,Weapon,Basic,,2026-06-03T07:53:30Z,Visions of Eternity
14029,Icebone Warhorn,Weapon,Basic,,2026-06-03T10:21:50Z,Visions of Eternity
14030,Icebone Torch,Weapon,Basic,,2026-06-03T10:24:40Z,Visions of Eternity
14016,Icebone Sword,Weapon,Basic,,2026-06-03T10:25:04Z,Visions of Eternity
14025,Icebone Staff,Weapon,Basic,,2026-06-03T10:25:35Z,Visions of Eternity
14022,Icebone Spear,Weapon,Basic,,2026-06-03T10:27:10Z,Visions of Eternity
14007,Icebone Short Bow,Weapon,Basic,,2026-06-03T10:27:42Z,Visions of Eternity
14008,Icebone Shield,Weapon,Basic,,2026-06-03T10:27:58Z,Visions of Eternity
14014,Icebone Scepter,Weapon,Basic,,2026-06-03T10:28:42Z,Visions of Eternity
14028,Icebone Blunderbuss,Weapon,Basic,,2026-06-03T10:29:00Z,Visions of Eternity
13999,Icebone Pistol,Weapon,Basic,,2026-06-03T10:30:06Z,Visions of Eternity
14005,Icebone Mace,Weapon,Basic,,2026-06-03T10:30:26Z,Visions of Eternity
14000,Icebone Longbow,Weapon,Basic,,2026-06-03T10:30:45Z,Visions of Eternity
14031,Icebone Hammer,Weapon,Basic,,2026-06-03T10:31:01Z,Visions of Eternity
14019,Icebone Greatsword,Weapon,Basic,,2026-06-03T10:31:28Z,Visions of Eternity
14024,Icebone Focus,Weapon,Basic,,2026-06-03T10:31:51Z,Visions of Eternity
14003,Icebone Dagger,Weapon,Basic,,2026-06-03T10:32:09Z,Visions of Eternity
14021,Icebone Axe,Weapon,Basic,,2026-06-03T10:32:26Z,Visions of Eternity
14046,Boosted Jetpack Backpack,Back,Basic,,2026-06-23T17:40:37Z,Visions of Eternity
14070,Bubble Wand Dagger,Weapon,Basic,,2026-07-15T18:02:09Z,Visions of Eternity
14072,Bubble Wand Sword,Weapon,Basic,,2026-07-15T18:04:18Z,Visions of Eternity
14063,Embroidered Shoulder Cape,Back,Masterwork,,2026-07-28T17:28:24Z,Visions of Eternity
14068,Extravagant Shoulder Cape,Back,Masterwork,,2026-07-28T17:32:24Z,Visions of Eternity
14101,Primeval Sword,Weapon,Basic,,2026-08-11T17:16:07Z,Visions of Eternity
14091,Primeval Axe,Weapon,Basic,,2026-08-11T17:23:36Z,Visions of Eternity
14108,Primeval Scepter,Weapon,Basic,,2026-08-11T17:25:11Z,Visions of Eternity
14085,Primeval Pistol,Weapon,Basic,,2026-08-11T17:26:40Z,Visions of Eternity
14124,Primeval Mace,Weapon,Basic,,2026-08-11T17:27:44Z,Visions of Eternity
14122,Primeval Dagger,Weapon,Basic,,2026-08-11T17:28:44Z,Visions of Eternity
14118,Primeval Warhorn,Weapon,Basic,,2026-08-11T17:29:34Z,Visions of Eternity
14126,Primeval Torch,Weapon,Basic,,2026-08-11T17:30:35Z,Visions of Eternity
14103,Primeval Shield,Weapon,Basic,,2026-08-11T17:31:20Z,Visions of Eternity
14109,Primeval Focus,Weapon,Basic,,2026-08-11T17:32:21Z,Visions of Eternity
14092,Primeval Staff,Weapon,Basic,,2026-08-11T17:33:29Z,Visions of Eternity
14083,Primeval Rifle,Weapon,Basic,,2026-08-11T17:34:17Z,Visions of Eternity
14127,Primeval Longbow,Weapon,Basic,,2026-08-11T17:35:17Z,Visions of Eternity
14090,Primeval Hammer,Weapon,Basic,,2026-08-11T17:35:56Z,Visions of Eternity
14107,Primeval Greatsword,Weapon,Basic,,2026-08-11T17:36:42Z,Visions of Eternity
14077,Primeval Spear,Weapon,Basic,,2026-08-11T17:37:44Z,Visions of Eternity
14079,Primeval Short Bow,Weapon,Basic,,2026-08-11T17:39:13Z,Visions of Eternity
14128,Watchwork Spear,Weapon,Basic,,2026-08-11T17:46:54Z,Visions of Eternity
14082,Cloud Pteruges,Armor,Basic,Light,2026-08-11T17:53:25Z,Visions of Eternity
14102,Cloud Pteruges,Armor,Basic,Heavy,2026-08-11T17:53:25Z,Visions of Eternity
14116,Cloud Pteruges,Armor,Basic,Medium,2026-08-11T17:53:25Z,Visions of Eternity
13247,Plush Kralky Backpack,Back,Exotic,,2026-08-11T19:23:47Z,Visions of Eternity
14117,Spellwork Axe,Weapon,Basic,,2026-08-11T23:13:56Z,Visions of Eternity
14123,Spellwork Mace,Weapon,Basic,,2026-08-12T09:37:36Z,Visions of Eternity
14111,Spellwork Dagger,Weapon,Basic,,2026-08-12T09:38:16Z,Visions of Eternity
14113,Spellwork Focus,Weapon,Basic,,2026-08-12T09:38:53Z,Visions of Eternity
14100,Spellwork Greatsword,Weapon,Basic,,2026-08-12T09:39:55Z,Visions of Eternity
14125,Spellwork Hammer,Weapon,Basic,,2026-08-12T09:40:58Z,Visions of Eternity
14080,Spellwork Longbow,Weapon,Basic,,2026-08-12T09:41:39Z,Visions of Eternity
14105,Spellwork Pistol,Weapon,Basic,,2026-08-12T09:42:23Z,Visions of Eternity
14098,Spellwork Rifle,Weapon,Basic,,2026-08-12T09:43:07Z,Visions of Eternity
14110,Spellwork Scepter,Weapon,Basic,,2026-08-12T09:43:50Z,Visions of Eternity
14093,Spellwork Shield,Weapon,Basic,,2026-08-12T09:44:42Z,Visions of Eternity
14086,Spellwork Spear,Weapon,Basic,,2026-08-12T09:45:22Z,Visions of Eternity
14129,Spellwork Staff,Weapon,Basic,,2026-08-12T09:46:01Z,Visions of Eternity
14078,Spellwork Sword,Weapon,Basic,,2026-08-12T09:46:46Z,Visions of Eternity
14084,Spellwork Torch,Weapon,Basic,,2026-08-12T09:47:25Z,Visions of Eternity
14088,Spellwork Warhorn,Weapon,Basic,,2026-08-12T09:48:00Z,Visions of Eternity
14120,Spellwork Short Bow,Weapon,Basic,,2026-08-12T09:48:35Z,Visions of Eternity
14087,Piñata Mining Tool,Gathering,Basic,,2026-08-25T16:49:05Z,Visions of Eternity
14121,Piñata Logging Tool,Gathering,Basic,,2026-08-25T16:49:57Z,Visions of Eternity
14115,Piñata Harvesting Tool,Gathering,Basic,,2026-08-25T16:51:36Z,Visions of Eternity
14153,Explorer's Kukri,Weapon,Basic,,2026-09-15T23:49:09Z,Visions of Eternity
681,,Armor,Basic,Medium,,unknown (no wiki page found)
1042,,Armor,Basic,Clothing,,unknown (no wiki page found)
1043,,Armor,Basic,Clothing,,unknown (no wiki page found)
1047,,Armor,Basic,Clothing,,unknown (no wiki page found)
1053,,Armor,Basic,Clothing,,unknown (no wiki page found)
1054,,Armor,Basic,Clothing,,unknown (no wiki page found)
1055,,Armor,Basic,Clothing,,unknown (no wiki page found)
1056,,Armor,Basic,Clothing,,unknown (no wiki page found)
1058,,Armor,Basic,Clothing,,unknown (no wiki page found)
1059,,Armor,Basic,Clothing,,unknown (no wiki page found)
1061,,Armor,Basic,Clothing,,unknown (no wiki page found)
1063,,Armor,Basic,Clothing,,unknown (no wiki page found)
1065,,Armor,Basic,Clothing,,unknown (no wiki page found)
1067,,Armor,Basic,Clothing,,unknown (no wiki page found)
1068,,Armor,Basic,Clothing,,unknown (no wiki page found)
1070,,Armor,Basic,Clothing,,unknown (no wiki page found)
1073,,Armor,Basic,Clothing,,unknown (no wiki page found)
1076,,Armor,Basic,Clothing,,unknown (no wiki page found)
1078,,Armor,Basic,Clothing,,unknown (no wiki page found)
1080,,Armor,Basic,Clothing,,unknown (no wiki page found)
1083,,Armor,Basic,Clothing,,unknown (no wiki page found)
1088,,Armor,Basic,Clothing,,unknown (no wiki page found)
1089,,Armor,Basic,Clothing,,unknown (no wiki page found)
1096,,Armor,Basic,Clothing,,unknown (no wiki page found)
1104,,Armor,Basic,Clothing,,unknown (no wiki page found)
1108,,Armor,Basic,Clothing,,unknown (no wiki page found)
1109,,Armor,Basic,Clothing,,unknown (no wiki page found)
1110,,Armor,Basic,Clothing,,unknown (no wiki page found)
1112,,Armor,Basic,Clothing,,unknown (no wiki page found)
1114,,Armor,Basic,Clothing,,unknown (no wiki page found)
1115,,Armor,Basic,Clothing,,unknown (no wiki page found)
1117,,Armor,Basic,Clothing,,unknown (no wiki page found)
1118,,Armor,Basic,Clothing,,unknown (no wiki page found)
1129,,Armor,Basic,Clothing,,unknown (no wiki page found)
1133,,Armor,Basic,Clothing,,unknown (no wiki page found)
1138,,Armor,Basic,Clothing,,unknown (no wiki page found)
1139,,Armor,Basic,Clothing,,unknown (no wiki page found)
1140,,Armor,Basic,Clothing,,unknown (no wiki page found)
1142,,Armor,Basic,Clothing,,unknown (no wiki page found)
1146,,Armor,Basic,Clothing,,unknown (no wiki page found)
1147,,Armor,Basic,Clothing,,unknown (no wiki page found)
1148,,Armor,Basic,Clothing,,unknown (no wiki page found)
1149,,Armor,Basic,Clothing,,unknown (no wiki page found)
1150,,Armor,Basic,Clothing,,unknown (no wiki page found)
1158,,Armor,Basic,Clothing,,unknown (no wiki page found)
1159,,Armor,Basic,Clothing,,unknown (no wiki page found)
1161,,Armor,Basic,Clothing,,unknown (no wiki page found)
1164,,Armor,Basic,Clothing,,unknown (no wiki page found)
1165,,Armor,Basic,Clothing,,unknown (no wiki page found)
1166,,Armor,Basic,Clothing,,unknown (no wiki page found)
1167,,Armor,Basic,Clothing,,unknown (no wiki page found)
1168,,Armor,Basic,Clothing,,unknown (no wiki page found)
1170,,Armor,Basic,Clothing,,unknown (no wiki page found)
1171,,Armor,Basic,Clothing,,unknown (no wiki page found)
1173,,Armor,Basic,Clothing,,unknown (no wiki page found)
1174,,Armor,Basic,Clothing,,unknown (no wiki page found)
1175,,Armor,Basic,Clothing,,unknown (no wiki page found)
1176,,Armor,Basic,Clothing,,unknown (no wiki page found)
1177,,Armor,Basic,Clothing,,unknown (no wiki page found)
1178,,Armor,Basic,Clothing,,unknown (no wiki page found)
1179,,Armor,Basic,Clothing,,unknown (no wiki page found)
1180,,Armor,Basic,Clothing,,unknown (no wiki page found)
1182,,Armor,Basic,Clothing,,unknown (no wiki page found)
1183,,Armor,Basic,Clothing,,unknown (no wiki page found)
1193,,Armor,Basic,Clothing,,unknown (no wiki page found)
1194,,Armor,Basic,Clothing,,unknown (no wiki page found)
1211,,Armor,Basic,Clothing,,unknown (no wiki page found)
1212,,Armor,Basic,Clothing,,unknown (no wiki page found)
1213,,Armor,Basic,Clothing,,unknown (no wiki page found)
1214,,Armor,Basic,Clothing,,unknown (no wiki page found)
1215,,Armor,Basic,Clothing,,unknown (no wiki page found)
1216,,Armor,Basic,Clothing,,unknown (no wiki page found)
1217,,Armor,Basic,Clothing,,unknown (no wiki page found)
1218,,Armor,Basic,Clothing,,unknown (no wiki page found)
1233,,Armor,Basic,Clothing,,unknown (no wiki page found)
1247,,Armor,Basic,Clothing,,unknown (no wiki page found)
1248,,Armor,Basic,Clothing,,unknown (no wiki page found)
1249,,Armor,Basic,Clothing,,unknown (no wiki page found)
1447,,Armor,Basic,Medium,,unknown (no wiki page found)
2036,,Armor,Basic,Heavy,,unknown (no wiki page found)
2118,,Armor,Basic,Heavy,,unknown (no wiki page found)
2119,,Armor,Basic,Heavy,,unknown (no wiki page found)
2329,,Back,Basic,,,unknown (no wiki page found)
2339,,Back,Basic,,,unknown (no wiki page found)
2393,,Gathering,Basic,,,unknown (no wiki page found)
2394,,Gathering,Basic,,,unknown (no wiki page found)
2434,,Weapon,Basic,,,unknown (no wiki page found)
2445,,Weapon,Basic,,,unknown (no wiki page found)
2451,,Weapon,Basic,,,unknown (no wiki page found)
2562,,Weapon,Basic,,,unknown (no wiki page found)
2604,,Weapon,Basic,,,unknown (no wiki page found)
2605,,Weapon,Basic,,,unknown (no wiki page found)
2661,,Weapon,Basic,,,unknown (no wiki page found)
2689,,Weapon,Basic,,,unknown (no wiki page found)
2743,,Weapon,Basic,,,unknown (no wiki page found)
2773,,Weapon,Basic,,,unknown (no wiki page found)
2775,,Weapon,Basic,,,unknown (no wiki page found)
2788,,Weapon,Basic,,,unknown (no wiki page found)
2809,,Weapon,Basic,,,unknown (no wiki page found)
2829,,Weapon,Basic,,,unknown (no wiki page found)
2835,,Weapon,Basic,,,unknown (no wiki page found)
2838,,Weapon,Basic,,,unknown (no wiki page found)
2851,,Weapon,Basic,,,unknown (no wiki page found)
2866,,Weapon,Basic,,,unknown (no wiki page found)
2869,,Weapon,Basic,,,unknown (no wiki page found)
2913,,Weapon,Basic,,,unknown (no wiki page found)
2930,,Weapon,Basic,,,unknown (no wiki page found)
3005,,Weapon,Basic,,,unknown (no wiki page found)
3020,,Weapon,Basic,,,unknown (no wiki page found)
3046,,Weapon,Basic,,,unknown (no wiki page found)
3080,,Weapon,Basic,,,unknown (no wiki page found)
3119,,Weapon,Basic,,,unknown (no wiki page found)
3145,,Weapon,Basic,,,unknown (no wiki page found)
3150,,Weapon,Basic,,,unknown (no wiki page found)
3185,,Weapon,Basic,,,unknown (no wiki page found)
3186,,Weapon,Basic,,,unknown (no wiki page found)
3187,,Weapon,Basic,,,unknown (no wiki page found)
3188,,Weapon,Basic,,,unknown (no wiki page found)
3190,,Weapon,Basic,,,unknown (no wiki page found)
3192,,Weapon,Basic,,,unknown (no wiki page found)
3239,,Weapon,Basic,,,unknown (no wiki page found)
3241,,Weapon,Basic,,,unknown (no wiki page found)
3242,,Weapon,Basic,,,unknown (no wiki page found)
3244,,Weapon,Basic,,,unknown (no wiki page found)
3245,,Weapon,Basic,,,unknown (no wiki page found)
3264,,Weapon,Basic,,,unknown (no wiki page found)
3265,,Weapon,Basic,,,unknown (no wiki page found)
3272,,Weapon,Basic,,,unknown (no wiki page found)
3273,,Weapon,Basic,,,unknown (no wiki page found)
3355,,Weapon,Basic,,,unknown (no wiki page found)
3491,,Weapon,Basic,,,unknown (no wiki page found)
3566,,Weapon,Basic,,,unknown (no wiki page found)
3689,,Weapon,Basic,,,unknown (no wiki page found)
5353,,Weapon,Basic,,,unknown (no wiki page found)
5658,,Gathering,Basic,,,unknown (no wiki page found)
5749,,Gathering,Basic,,,unknown (no wiki page found)
6641,,Weapon,Basic,,,unknown (no wiki page found)
7487,,Weapon,Basic,,,unknown (no wiki page found)
7700,,Armor,Basic,Clothing,,unknown (no wiki page found)
8355,,Weapon,Basic,,,unknown (no wiki page found)
8433,,Armor,Rare,Light,,unknown (no wiki page found)
7309,Abaddon's Mask,Armor,Basic,Medium,,unknown (no wiki page found)
7326,Abaddon's Mask,Armor,Basic,Heavy,,unknown (no wiki page found)
7336,Abaddon's Mask,Armor,Basic,Light,,unknown (no wiki page found)
12583,Acclaimed Militia Chestpiece,Armor,Basic,Heavy,,unknown (no wiki page found)
12587,Acclaimed Militia Chestpiece,Armor,Basic,Light,,unknown (no wiki page found)
12596,Acclaimed Militia Chestpiece,Armor,Basic,Medium,,unknown (no wiki page found)
13789,Acclaimed Militia Leggings,Armor,Basic,Light,,unknown (no wiki page found)
13792,Acclaimed Militia Leggings,Armor,Basic,Medium,,unknown (no wiki page found)
13793,Acclaimed Militia Leggings,Armor,Basic,Heavy,,unknown (no wiki page found)
2021,Air-Filtration Device,Armor,Basic,Heavy,,unknown (no wiki page found)
2022,Air-Filtration Device,Armor,Basic,Medium,,unknown (no wiki page found)
2023,Air-Filtration Device,Armor,Basic,Light,,unknown (no wiki page found)
10255,Angler Hat,Armor,Basic,Heavy,,unknown (no wiki page found)
10312,Angler Hat,Armor,Basic,Medium,,unknown (no wiki page found)
10377,Angler Hat,Armor,Basic,Light,,unknown (no wiki page found)
10291,Angler Vest,Armor,Basic,Medium,,unknown (no wiki page found)
10484,Angler Vest,Armor,Basic,Heavy,,unknown (no wiki page found)
10643,Angler Vest,Armor,Basic,Light,,unknown (no wiki page found)
13887,Arcane Occultist's Hat,Armor,Basic,Light,,unknown (no wiki page found)
13903,Arcane Occultist's Hat,Armor,Basic,Heavy,,unknown (no wiki page found)
13992,Arcane Occultist's Hat,Armor,Basic,Medium,,unknown (no wiki page found)
11532,Arcane Spellweaver's Hat,Armor,Basic,Medium,,unknown (no wiki page found)
11534,Arcane Spellweaver's Hat,Armor,Basic,Heavy,,unknown (no wiki page found)
11540,Arcane Spellweaver's Hat,Armor,Basic,Light,,unknown (no wiki page found)
11418,Artisan Zharra's Hood,Armor,Basic,Medium,,unknown (no wiki page found)
11419,Artisan Zharra's Hood,Armor,Basic,Light,,unknown (no wiki page found)
11431,Artisan Zharra's Hood,Armor,Basic,Heavy,,unknown (no wiki page found)
13489,Aureate Partisan,Weapon,Basic,,,unknown (no wiki page found)
9452,Aurene's Crystalline Diadem,Armor,Basic,Light,,unknown (no wiki page found)
9458,Aurene's Crystalline Diadem,Armor,Basic,Medium,,unknown (no wiki page found)
9464,Aurene's Crystalline Diadem,Armor,Basic,Heavy,,unknown (no wiki page found)
11182,Aurene's Crystalline Pauldrons,Armor,Basic,Medium,,unknown (no wiki page found)
11188,Aurene's Crystalline Pauldrons,Armor,Basic,Heavy,,unknown (no wiki page found)
11192,Aurene's Crystalline Pauldrons,Armor,Basic,Light,,unknown (no wiki page found)
12956,Avian Aspect Helm,Armor,Basic,Light,,unknown (no wiki page found)
12967,Avian Aspect Helm,Armor,Basic,Medium,,unknown (no wiki page found)
12969,Avian Aspect Helm,Armor,Basic,Heavy,,unknown (no wiki page found)
14193,Backbone Breaker Spear,Weapon,Basic,,,unknown (no wiki page found)
12012,Baggy Cargo Pants,Armor,Basic,Heavy,,unknown (no wiki page found)
12037,Baggy Cargo Pants,Armor,Basic,Light,,unknown (no wiki page found)
12072,Baggy Cargo Pants,Armor,Basic,Medium,,unknown (no wiki page found)
11151,Battlelord's Hood Helm,Armor,Basic,Light,,unknown (no wiki page found)
11162,Battlelord's Hood Helm,Armor,Basic,Medium,,unknown (no wiki page found)
11167,Battlelord's Hood Helm,Armor,Basic,Heavy,,unknown (no wiki page found)
12281,Beach Bracelet,Armor,Basic,Medium,,unknown (no wiki page found)
12289,Beach Bracelet,Armor,Basic,Light,,unknown (no wiki page found)
12300,Beach Bracelet,Armor,Basic,Heavy,,unknown (no wiki page found)
12290,Beach Hat,Armor,Basic,Heavy,,unknown (no wiki page found)
12292,Beach Hat,Armor,Basic,Light,,unknown (no wiki page found)
12308,Beach Hat,Armor,Basic,Medium,,unknown (no wiki page found)
12283,Beach Sandals,Armor,Basic,Medium,,unknown (no wiki page found)
12285,Beach Sandals,Armor,Basic,Heavy,,unknown (no wiki page found)
12294,Beach Sandals,Armor,Basic,Light,,unknown (no wiki page found)
13311,Beaded Spear,Weapon,Basic,,,unknown (no wiki page found)
14001,Bear-Blessed Visage,Armor,Basic,Medium,,unknown (no wiki page found)
14011,Bear-Blessed Visage,Armor,Basic,Light,,unknown (no wiki page found)
14013,Bear-Blessed Visage,Armor,Basic,Heavy,,unknown (no wiki page found)
11286,Bestial Tides Tattoo Chest,Armor,Basic,Heavy,,unknown (no wiki page found)
11304,Bestial Tides Tattoo Chest,Armor,Basic,Light,,unknown (no wiki page found)
11346,Bestial Tides Tattoo Chest,Armor,Basic,Medium,,unknown (no wiki page found)
11258,Bestial Tides Tattoo Legs,Armor,Basic,Light,,unknown (no wiki page found)
11279,Bestial Tides Tattoo Legs,Armor,Basic,Heavy,,unknown (no wiki page found)
11336,Bestial Tides Tattoo Legs,Armor,Basic,Medium,,unknown (no wiki page found)
12582,Blissful Boots,Armor,Basic,Light,,unknown (no wiki page found)
12584,Blissful Boots,Armor,Basic,Heavy,,unknown (no wiki page found)
12597,Blissful Boots,Armor,Basic,Medium,,unknown (no wiki page found)
12585,Blissful Skirt,Armor,Basic,Heavy,,unknown (no wiki page found)
12591,Blissful Skirt,Armor,Basic,Light,,unknown (no wiki page found)
12593,Blissful Skirt,Armor,Basic,Medium,,unknown (no wiki page found)
9429,Blood Legion Soldier Helm,Armor,Basic,Light,,unknown (no wiki page found)
9436,Blood Legion Soldier Helm,Armor,Basic,Heavy,,unknown (no wiki page found)
9439,Blood Legion Soldier Helm,Armor,Basic,Medium,,unknown (no wiki page found)
11479,Brawler's Silk Jacket,Armor,Basic,Light,,unknown (no wiki page found)
11499,Brawler's Silk Jacket,Armor,Basic,Heavy,,unknown (no wiki page found)
11505,Brawler's Silk Jacket,Armor,Basic,Medium,,unknown (no wiki page found)
12282,Breezy Swim Bottoms,Armor,Basic,Light,,unknown (no wiki page found)
12293,Breezy Swim Bottoms,Armor,Basic,Heavy,,unknown (no wiki page found)
12295,Breezy Swim Bottoms,Armor,Basic,Medium,,unknown (no wiki page found)
12288,Breezy Swim Top,Armor,Basic,Heavy,,unknown (no wiki page found)
12297,Breezy Swim Top,Armor,Basic,Medium,,unknown (no wiki page found)
12304,Breezy Swim Top,Armor,Basic,Light,,unknown (no wiki page found)
14066,Bucket Hat,Armor,Basic,Light,,unknown (no wiki page found)
14071,Bucket Hat,Armor,Basic,Medium,,unknown (no wiki page found)
14075,Bucket Hat,Armor,Basic,Heavy,,unknown (no wiki page found)
13101,Buoyant Chestpiece,Armor,Basic,Heavy,,unknown (no wiki page found)
13104,Buoyant Chestpiece,Armor,Basic,Light,,unknown (no wiki page found)
13113,Buoyant Chestpiece,Armor,Basic,Medium,,unknown (no wiki page found)
10761,Canthan Sun Hat,Armor,Basic,Medium,,unknown (no wiki page found)
10764,Canthan Sun Hat,Armor,Basic,Light,,unknown (no wiki page found)
10765,Canthan Sun Hat,Armor,Basic,Heavy,,unknown (no wiki page found)
14062,Cartwheel Hat,Armor,Basic,Light,,unknown (no wiki page found)
14065,Cartwheel Hat,Armor,Basic,Heavy,,unknown (no wiki page found)
14073,Cartwheel Hat,Armor,Basic,Medium,,unknown (no wiki page found)
6700,Chaos Gloves,Armor,Basic,Light,,unknown (no wiki page found)
6727,Chaos Gloves,Armor,Basic,Heavy,,unknown (no wiki page found)
6732,Chaos Gloves,Armor,Basic,Medium,,unknown (no wiki page found)
9421,Charr War Mask,Armor,Basic,Light,,unknown (no wiki page found)
9428,Charr War Mask,Armor,Basic,Medium,,unknown (no wiki page found)
9443,Charr War Mask,Armor,Basic,Heavy,,unknown (no wiki page found)
13680,Classic Leather Boots,Armor,Basic,Medium,,unknown (no wiki page found)
13682,Classic Leather Boots,Armor,Basic,Light,,unknown (no wiki page found)
13683,Classic Leather Boots,Armor,Basic,Heavy,,unknown (no wiki page found)
11053,Clawing Shadow Gloves,Armor,Basic,Medium,,unknown (no wiki page found)
11065,Clawing Shadow Gloves,Armor,Basic,Heavy,,unknown (no wiki page found)
11069,Clawing Shadow Gloves,Armor,Basic,Light,,unknown (no wiki page found)
11857,Clawing Shadow Greaves,Armor,Basic,Light,,unknown (no wiki page found)
11865,Clawing Shadow Greaves,Armor,Basic,Heavy,,unknown (no wiki page found)
11867,Clawing Shadow Greaves,Armor,Basic,Medium,,unknown (no wiki page found)
12960,Cloaked Cat Mantle,Armor,Basic,Light,,unknown (no wiki page found)
12968,Cloaked Cat Mantle,Armor,Basic,Medium,,unknown (no wiki page found)
12974,Cloaked Cat Mantle,Armor,Basic,Heavy,,unknown (no wiki page found)
9695,Conjured Starlight Hat,Armor,Basic,Heavy,,unknown (no wiki page found)
9699,Conjured Starlight Hat,Armor,Basic,Medium,,unknown (no wiki page found)
9707,Conjured Starlight Hat,Armor,Basic,Light,,unknown (no wiki page found)
7004,Crystalline Wings Backpack,Back,Basic,,,unknown (no wiki page found)
12652,Dapper Coat,Armor,Basic,Light,,unknown (no wiki page found)
12657,Dapper Coat,Armor,Basic,Heavy,,unknown (no wiki page found)
12664,Dapper Coat,Armor,Basic,Medium,,unknown (no wiki page found)
12651,Dapper Pants,Armor,Basic,Medium,,unknown (no wiki page found)
12656,Dapper Pants,Armor,Basic,Heavy,,unknown (no wiki page found)
12660,Dapper Pants,Armor,Basic,Light,,unknown (no wiki page found)
12647,Dapper Wingtips,Armor,Basic,Light,,unknown (no wiki page found)
12648,Dapper Wingtips,Armor,Basic,Medium,,unknown (no wiki page found)
12659,Dapper Wingtips,Armor,Basic,Heavy,,unknown (no wiki page found)
10991,Decade's End,Armor,Basic,Medium,,unknown (no wiki page found)
11012,Decade's End,Armor,Basic,Light,,unknown (no wiki page found)
11018,Decade's End,Armor,Basic,Heavy,,unknown (no wiki page found)
10986,Decade's Heart,Armor,Basic,Medium,,unknown (no wiki page found)
10996,Decade's Heart,Armor,Basic,Heavy,,unknown (no wiki page found)
11031,Decade's Heart,Armor,Basic,Light,,unknown (no wiki page found)
10976,Decade's Path,Armor,Basic,Heavy,,unknown (no wiki page found)
10978,Decade's Path,Armor,Basic,Light,,unknown (no wiki page found)
10994,Decade's Path,Armor,Basic,Medium,,unknown (no wiki page found)
10974,Decade's Reach,Armor,Basic,Light,,unknown (no wiki page found)
10981,Decade's Reach,Armor,Basic,Heavy,,unknown (no wiki page found)
11005,Decade's Reach,Armor,Basic,Medium,,unknown (no wiki page found)
10982,Decade's Saga,Armor,Basic,Heavy,,unknown (no wiki page found)
10995,Decade's Saga,Armor,Basic,Light,,unknown (no wiki page found)
11026,Decade's Saga,Armor,Basic,Medium,,unknown (no wiki page found)
11008,Decade's Star,Armor,Basic,Medium,,unknown (no wiki page found)
11009,Decade's Star,Armor,Basic,Heavy,,unknown (no wiki page found)
11028,Decade's Star,Armor,Basic,Light,,unknown (no wiki page found)
12712,Decima's Manica,Armor,Basic,Heavy,,unknown (no wiki page found)
12726,Decima's Manica,Armor,Basic,Medium,,unknown (no wiki page found)
12728,Decima's Manica,Armor,Basic,Light,,unknown (no wiki page found)
9503,Dominion Tribune Manica,Armor,Basic,Medium,,unknown (no wiki page found)
9523,Dominion Tribune Manica,Armor,Basic,Heavy,,unknown (no wiki page found)
9526,Dominion Tribune Manica,Armor,Basic,Light,,unknown (no wiki page found)
5850,Dragon's Mask,Armor,Basic,Light,,unknown (no wiki page found)
5852,Dragon's Mask,Armor,Basic,Heavy,,unknown (no wiki page found)
5853,Dragon's Mask,Armor,Basic,Medium,,unknown (no wiki page found)
13440,Dredge Halberd,Weapon,Basic,,,unknown (no wiki page found)
9796,Dusk and Dawn Shoulders,Armor,Basic,Heavy,,unknown (no wiki page found)
9817,Dusk and Dawn Shoulders,Armor,Basic,Light,,unknown (no wiki page found)
9820,Dusk and Dawn Shoulders,Armor,Basic,Medium,,unknown (no wiki page found)
7021,Eir's Legacy Longbow,Weapon,Basic,,,unknown (no wiki page found)
13007,Enduring Fiery Dragon Sword,Weapon,Basic,,,unknown (no wiki page found)
13003,Enduring Icy Dragon Sword,Weapon,Basic,,,unknown (no wiki page found)
13004,Enduring Infinite Light,Weapon,Basic,,,unknown (no wiki page found)
8617,Exalted Shoulders,Armor,Rare,Medium,,unknown (no wiki page found)
8618,Exalted Shoulders,Armor,Rare,Light,,unknown (no wiki page found)
8621,Exalted Shoulders,Armor,Rare,Heavy,,unknown (no wiki page found)
13150,Explosive Turbo Greaves,Armor,Basic,Light,,unknown (no wiki page found)
13154,Explosive Turbo Greaves,Armor,Basic,Heavy,,unknown (no wiki page found)
13193,Explosive Turbo Greaves,Armor,Basic,Medium,,unknown (no wiki page found)
12020,Fashionable Kilt,Armor,Basic,Light,,unknown (no wiki page found)
12052,Fashionable Kilt,Armor,Basic,Heavy,,unknown (no wiki page found)
12087,Fashionable Kilt,Armor,Basic,Medium,,unknown (no wiki page found)
13365,Feathered Inquest Breastplate,Armor,Basic,Light,,unknown (no wiki page found)
13469,Feathered Inquest Breastplate,Armor,Basic,Medium,,unknown (no wiki page found)
13476,Feathered Inquest Breastplate,Armor,Basic,Heavy,,unknown (no wiki page found)
13434,Feathered Inquest Helm,Armor,Basic,Heavy,,unknown (no wiki page found)
13532,Feathered Inquest Helm,Armor,Basic,Light,,unknown (no wiki page found)
13583,Feathered Inquest Helm,Armor,Basic,Medium,,unknown (no wiki page found)
13359,Feathered Inquest Leggings,Armor,Basic,Medium,,unknown (no wiki page found)
13504,Feathered Inquest Leggings,Armor,Basic,Light,,unknown (no wiki page found)
13570,Feathered Inquest Leggings,Armor,Basic,Heavy,,unknown (no wiki page found)
13390,Feathered Inquest Mantle,Armor,Basic,Light,,unknown (no wiki page found)
13405,Feathered Inquest Mantle,Armor,Basic,Heavy,,unknown (no wiki page found)
13487,Feathered Inquest Mantle,Armor,Basic,Medium,,unknown (no wiki page found)
11270,Fire Bloom Tattoo Chest,Armor,Basic,Medium,,unknown (no wiki page found)
11314,Fire Bloom Tattoo Chest,Armor,Basic,Light,,unknown (no wiki page found)
11331,Fire Bloom Tattoo Chest,Armor,Basic,Heavy,,unknown (no wiki page found)
11259,Fire Bloom Tattoo Legs,Armor,Basic,Heavy,,unknown (no wiki page found)
11302,Fire Bloom Tattoo Legs,Armor,Basic,Light,,unknown (no wiki page found)
11328,Fire Bloom Tattoo Legs,Armor,Basic,Medium,,unknown (no wiki page found)
10440,Fishing Bait,Gathering,Basic,,,unknown (no wiki page found)
13141,Flat Boatsman Hat,Armor,Basic,Medium,,unknown (no wiki page found)
13144,Flat Boatsman Hat,Armor,Basic,Light,,unknown (no wiki page found)
13151,Flat Boatsman Hat,Armor,Basic,Heavy,,unknown (no wiki page found)
13798,Flower Corsage Shoulder,Armor,Basic,Medium,,unknown (no wiki page found)
13799,Flower Corsage Shoulder,Armor,Basic,Heavy,,unknown (no wiki page found)
13804,Flower Corsage Shoulder,Armor,Basic,Light,,unknown (no wiki page found)
12419,Flower Diadem,Armor,Basic,Light,,unknown (no wiki page found)
12455,Flower Diadem,Armor,Basic,Heavy,,unknown (no wiki page found)
12495,Flower Diadem,Armor,Basic,Medium,,unknown (no wiki page found)
13796,Flower Eyepatch,Armor,Basic,Heavy,,unknown (no wiki page found)
13809,Flower Eyepatch,Armor,Basic,Medium,,unknown (no wiki page found)
13810,Flower Eyepatch,Armor,Basic,Light,,unknown (no wiki page found)
10123,Foefire Chestguard,Armor,Basic,Medium,,unknown (no wiki page found)
10125,Foefire Chestguard,Armor,Basic,Light,,unknown (no wiki page found)
10126,Foefire Chestguard,Armor,Basic,Heavy,,unknown (no wiki page found)
10120,Foefire Legwraps,Armor,Basic,Light,,unknown (no wiki page found)
10127,Foefire Legwraps,Armor,Basic,Medium,,unknown (no wiki page found)
10133,Foefire Legwraps,Armor,Basic,Heavy,,unknown (no wiki page found)
10182,Foefire Mask,Armor,Basic,Heavy,,unknown (no wiki page found)
10198,Foefire Mask,Armor,Basic,Light,,unknown (no wiki page found)
10211,Foefire Mask,Armor,Basic,Medium,,unknown (no wiki page found)
13107,Fresh Swim Bottoms,Armor,Basic,Medium,,unknown (no wiki page found)
13114,Fresh Swim Bottoms,Armor,Basic,Light,,unknown (no wiki page found)
13118,Fresh Swim Bottoms,Armor,Basic,Heavy,,unknown (no wiki page found)
13102,Fresh Swim Top,Armor,Basic,Medium,,unknown (no wiki page found)
13116,Fresh Swim Top,Armor,Basic,Heavy,,unknown (no wiki page found)
13123,Fresh Swim Top,Armor,Basic,Light,,unknown (no wiki page found)
10043,Ghost of the Deep Spaulders,Armor,Basic,Heavy,,unknown (no wiki page found)
10044,Ghost of the Deep Spaulders,Armor,Basic,Light,,unknown (no wiki page found)
10046,Ghost of the Deep Spaulders,Armor,Basic,Medium,,unknown (no wiki page found)
13596,Glyphic Javelin,Weapon,Basic,,,unknown (no wiki page found)
13998,Gradient Glasses (Down),Armor,Basic,Heavy,,unknown (no wiki page found)
14004,Gradient Glasses (Down),Armor,Basic,Medium,,unknown (no wiki page found)
14010,Gradient Glasses (Down),Armor,Basic,Light,,unknown (no wiki page found)
14006,Gradient Glasses (Up),Armor,Basic,Heavy,,unknown (no wiki page found)
14023,Gradient Glasses (Up),Armor,Basic,Light,,unknown (no wiki page found)
14027,Gradient Glasses (Up),Armor,Basic,Medium,,unknown (no wiki page found)
14002,Guild Warrior Shoulders,Armor,Basic,Heavy,,unknown (no wiki page found)
14015,Guild Warrior Shoulders,Armor,Basic,Medium,,unknown (no wiki page found)
14020,Guild Warrior Shoulders,Armor,Basic,Light,,unknown (no wiki page found)
14250,Gwyl Knight's Axe,Weapon,Basic,,,unknown (no wiki page found)
14206,Gwyl Knight's Dagger,Weapon,Basic,,,unknown (no wiki page found)
14133,Gwyl Knight's Focus,Weapon,Basic,,,unknown (no wiki page found)
14184,Gwyl Knight's Greatsword,Weapon,Basic,,,unknown (no wiki page found)
14189,Gwyl Knight's Hammer,Weapon,Basic,,,unknown (no wiki page found)
14228,Gwyl Knight's Longbow,Weapon,Basic,,,unknown (no wiki page found)
14224,Gwyl Knight's Mace,Weapon,Basic,,,unknown (no wiki page found)
14215,Gwyl Knight's Pistol,Weapon,Basic,,,unknown (no wiki page found)
14232,Gwyl Knight's Rifle,Weapon,Basic,,,unknown (no wiki page found)
14167,Gwyl Knight's Scepter,Weapon,Basic,,,unknown (no wiki page found)
14233,Gwyl Knight's Shield,Weapon,Basic,,,unknown (no wiki page found)
14185,Gwyl Knight's Short Bow,Weapon,Basic,,,unknown (no wiki page found)
14180,Gwyl Knight's Spear,Weapon,Basic,,,unknown (no wiki page found)
14205,Gwyl Knight's Staff,Weapon,Basic,,,unknown (no wiki page found)
14225,Gwyl Knight's Sword,Weapon,Basic,,,unknown (no wiki page found)
14222,Gwyl Knight's Torch,Weapon,Basic,,,unknown (no wiki page found)
14240,Gwyl Knight's Warhorn,Weapon,Basic,,,unknown (no wiki page found)
769,Hellfire Greaves,Armor,Basic,Light,,unknown (no wiki page found)
774,Hellfire Greaves,Armor,Basic,Medium,,unknown (no wiki page found)
777,Hellfire Greaves,Armor,Basic,Heavy,,unknown (no wiki page found)
768,Hellfire Mantle,Armor,Basic,Heavy,,unknown (no wiki page found)
775,Hellfire Mantle,Armor,Basic,Light,,unknown (no wiki page found)
779,Hellfire Mantle,Armor,Basic,Medium,,unknown (no wiki page found)
771,Hellfire Vambraces,Armor,Basic,Heavy,,unknown (no wiki page found)
772,Hellfire Vambraces,Armor,Basic,Light,,unknown (no wiki page found)
778,Hellfire Vambraces,Armor,Basic,Medium,,unknown (no wiki page found)
770,Hellfire Warhelm,Armor,Basic,Heavy,,unknown (no wiki page found)
773,Hellfire Warhelm,Armor,Basic,Light,,unknown (no wiki page found)
776,Hellfire Warhelm,Armor,Basic,Medium,,unknown (no wiki page found)
11936,Heretical Scholar's Hood,Armor,Basic,Heavy,,unknown (no wiki page found)
11956,Heretical Scholar's Hood,Armor,Basic,Light,,unknown (no wiki page found)
11977,Heretical Scholar's Hood,Armor,Basic,Medium,,unknown (no wiki page found)
12798,Hooded Windbreaker (Down),Armor,Basic,Heavy,,unknown (no wiki page found)
12800,Hooded Windbreaker (Down),Armor,Basic,Medium,,unknown (no wiki page found)
12802,Hooded Windbreaker (Down),Armor,Basic,Light,,unknown (no wiki page found)
12799,Hooded Windbreaker (Up),Armor,Basic,Medium,,unknown (no wiki page found)
12805,Hooded Windbreaker (Up),Armor,Basic,Heavy,,unknown (no wiki page found)
12807,Hooded Windbreaker (Up),Armor,Basic,Light,,unknown (no wiki page found)
13691,Hoofed Shoes,Armor,Basic,Light,,unknown (no wiki page found)
13705,Hoofed Shoes,Armor,Basic,Heavy,,unknown (no wiki page found)
13724,Hoofed Shoes,Armor,Basic,Medium,,unknown (no wiki page found)
9998,Ice Reaver Chestguard,Armor,Basic,Heavy,,unknown (no wiki page found)
10002,Ice Reaver Chestguard,Armor,Basic,Medium,,unknown (no wiki page found)
10004,Ice Reaver Chestguard,Armor,Basic,Light,,unknown (no wiki page found)
9794,Ice Reaver Greaves,Armor,Basic,Light,,unknown (no wiki page found)
9823,Ice Reaver Greaves,Armor,Basic,Heavy,,unknown (no wiki page found)
9831,Ice Reaver Greaves,Armor,Basic,Medium,,unknown (no wiki page found)
9989,Ice Reaver Helm,Armor,Basic,Medium,,unknown (no wiki page found)
9996,Ice Reaver Helm,Armor,Basic,Light,,unknown (no wiki page found)
9997,Ice Reaver Helm,Armor,Basic,Heavy,,unknown (no wiki page found)
10000,Ice Reaver Legguards,Armor,Basic,Heavy,,unknown (no wiki page found)
10001,Ice Reaver Legguards,Armor,Basic,Light,,unknown (no wiki page found)
10003,Ice Reaver Legguards,Armor,Basic,Medium,,unknown (no wiki page found)
9551,Ice Reaver Pauldrons,Armor,Basic,Medium,,unknown (no wiki page found)
9554,Ice Reaver Pauldrons,Armor,Basic,Light,,unknown (no wiki page found)
9559,Ice Reaver Pauldrons,Armor,Basic,Heavy,,unknown (no wiki page found)
10173,Icy Demon Horns,Armor,Basic,Light,,unknown (no wiki page found)
10201,Icy Demon Horns,Armor,Basic,Heavy,,unknown (no wiki page found)
10214,Icy Demon Horns,Armor,Basic,Medium,,unknown (no wiki page found)
10074,Immortal Fire Nimbus,Armor,Basic,Medium,,unknown (no wiki page found)
10081,Immortal Fire Nimbus,Armor,Basic,Heavy,,unknown (no wiki page found)
10097,Immortal Fire Nimbus,Armor,Basic,Light,,unknown (no wiki page found)
10115,Immortal Fire Ring,Armor,Basic,Medium,,unknown (no wiki page found)
10116,Immortal Fire Ring,Armor,Basic,Light,,unknown (no wiki page found)
10117,Immortal Fire Ring,Armor,Basic,Heavy,,unknown (no wiki page found)
10080,Immortal Light Nimbus,Armor,Basic,Medium,,unknown (no wiki page found)
10086,Immortal Light Nimbus,Armor,Basic,Heavy,,unknown (no wiki page found)
10094,Immortal Light Nimbus,Armor,Basic,Light,,unknown (no wiki page found)
10109,Immortal Light Ring,Armor,Basic,Medium,,unknown (no wiki page found)
10111,Immortal Light Ring,Armor,Basic,Light,,unknown (no wiki page found)
10112,Immortal Light Ring,Armor,Basic,Heavy,,unknown (no wiki page found)
11560,Infused Aurora Chestguard,Armor,Basic,Heavy,,unknown (no wiki page found)
11561,Infused Aurora Chestguard,Armor,Basic,Light,,unknown (no wiki page found)
11564,Infused Aurora Chestguard,Armor,Basic,Medium,,unknown (no wiki page found)
11725,Infused Aurora Gloves,Armor,Basic,Medium,,unknown (no wiki page found)
11728,Infused Aurora Gloves,Armor,Basic,Light,,unknown (no wiki page found)
11768,Infused Aurora Gloves,Armor,Basic,Heavy,,unknown (no wiki page found)
12861,Infused Aurora Leggings,Armor,Basic,Light,,unknown (no wiki page found)
12896,Infused Aurora Leggings,Armor,Basic,Heavy,,unknown (no wiki page found)
12932,Infused Aurora Leggings,Armor,Basic,Medium,,unknown (no wiki page found)
14218,Inquest Rifleblade Greatsword,Weapon,Basic,,,unknown (no wiki page found)
10880,Jade Prosthesis Gauntlet,Armor,Basic,Medium,,unknown (no wiki page found)
10896,Jade Prosthesis Gauntlet,Armor,Basic,Light,,unknown (no wiki page found)
10897,Jade Prosthesis Gauntlet,Armor,Basic,Heavy,,unknown (no wiki page found)
13644,Janthir Outdoors T-Shirt,Armor,Basic,Light,,unknown (no wiki page found)
13645,Janthir Outdoors T-Shirt,Armor,Basic,Medium,,unknown (no wiki page found)
13648,Janthir Outdoors T-Shirt,Armor,Basic,Heavy,,unknown (no wiki page found)
2361,King Toad Backpack Cover,Back,Basic,,,unknown (no wiki page found)
11849,Krytan Rogue Chestpiece,Armor,Basic,Heavy,,unknown (no wiki page found)
11863,Krytan Rogue Chestpiece,Armor,Basic,Medium,,unknown (no wiki page found)
11864,Krytan Rogue Chestpiece,Armor,Basic,Light,,unknown (no wiki page found)
11143,Lambent Battlelord's Hood Helm,Armor,Basic,Medium,,unknown (no wiki page found)
11150,Lambent Battlelord's Hood Helm,Armor,Basic,Light,,unknown (no wiki page found)
11158,Lambent Battlelord's Hood Helm,Armor,Basic,Heavy,,unknown (no wiki page found)
1361,Lawless Boots,Armor,Basic,Medium,,unknown (no wiki page found)
1369,Lawless Boots,Armor,Basic,Heavy,,unknown (no wiki page found)
1370,Lawless Boots,Armor,Basic,Light,,unknown (no wiki page found)
1366,Lawless Gloves,Armor,Basic,Medium,,unknown (no wiki page found)
1372,Lawless Gloves,Armor,Basic,Heavy,,unknown (no wiki page found)
1373,Lawless Gloves,Armor,Basic,Light,,unknown (no wiki page found)
1364,Lawless Helmet,Armor,Basic,Medium,,unknown (no wiki page found)
1365,Lawless Helmet,Armor,Basic,Light,,unknown (no wiki page found)
1367,Lawless Helmet,Armor,Basic,Heavy,,unknown (no wiki page found)
1362,Lawless Shoulders,Armor,Basic,Light,,unknown (no wiki page found)
1368,Lawless Shoulders,Armor,Basic,Medium,,unknown (no wiki page found)
1371,Lawless Shoulders,Armor,Basic,Heavy,,unknown (no wiki page found)
11523,Leather Straps Chestpiece,Armor,Basic,Heavy,,unknown (no wiki page found)
11530,Leather Straps Chestpiece,Armor,Basic,Light,,unknown (no wiki page found)
11539,Leather Straps Chestpiece,Armor,Basic,Medium,,unknown (no wiki page found)
11522,Leather Straps Cingulum,Armor,Basic,Medium,,unknown (no wiki page found)
11529,Leather Straps Cingulum,Armor,Basic,Light,,unknown (no wiki page found)
11541,Leather Straps Cingulum,Armor,Basic,Heavy,,unknown (no wiki page found)
10230,Left Oni Arm,Armor,Basic,Heavy,,unknown (no wiki page found)
10594,Left Oni Arm,Armor,Basic,Medium,,unknown (no wiki page found)
10631,Left Oni Arm,Armor,Basic,Light,,unknown (no wiki page found)
5851,Lion's Mask,Armor,Basic,Medium,,unknown (no wiki page found)
5854,Lion's Mask,Armor,Basic,Heavy,,unknown (no wiki page found)
5855,Lion's Mask,Armor,Basic,Light,,unknown (no wiki page found)
11216,Lunar Rabbit Helm,Armor,Basic,Heavy,,unknown (no wiki page found)
11221,Lunar Rabbit Helm,Armor,Basic,Light,,unknown (no wiki page found)
11231,Lunar Rabbit Helm,Armor,Basic,Medium,,unknown (no wiki page found)
11200,Lunar Rabbit Stompers,Armor,Basic,Heavy,,unknown (no wiki page found)
11224,Lunar Rabbit Stompers,Armor,Basic,Light,,unknown (no wiki page found)
11228,Lunar Rabbit Stompers,Armor,Basic,Medium,,unknown (no wiki page found)
13234,Lunatic Jester's Trousers,Armor,Basic,Heavy,,unknown (no wiki page found)
13242,Lunatic Jester's Trousers,Armor,Basic,Light,,unknown (no wiki page found)
13260,Lunatic Jester's Trousers,Armor,Basic,Medium,,unknown (no wiki page found)
10854,Magical Unicorn Horn,Armor,Basic,Light,,unknown (no wiki page found)
10862,Magical Unicorn Horn,Armor,Basic,Medium,,unknown (no wiki page found)
10865,Magical Unicorn Horn,Armor,Basic,Heavy,,unknown (no wiki page found)
833,Magnus's Left Eye Patch,Armor,Basic,Light,,unknown (no wiki page found)
839,Magnus's Left Eye Patch,Armor,Basic,Heavy,,unknown (no wiki page found)
841,Magnus's Left Eye Patch,Armor,Basic,Medium,,unknown (no wiki page found)
840,Magnus's Right Eye Patch,Armor,Basic,Light,,unknown (no wiki page found)
842,Magnus's Right Eye Patch,Armor,Basic,Medium,,unknown (no wiki page found)
843,Magnus's Right Eye Patch,Armor,Basic,Heavy,,unknown (no wiki page found)
9219,Maguuma's Grasp,Armor,Basic,Heavy,,unknown (no wiki page found)
9228,Maguuma's Grasp,Armor,Basic,Light,,unknown (no wiki page found)
9239,Maguuma's Grasp,Armor,Basic,Medium,,unknown (no wiki page found)
9222,Maguuma's Mantle,Armor,Basic,Light,,unknown (no wiki page found)
9224,Maguuma's Mantle,Armor,Basic,Medium,,unknown (no wiki page found)
9226,Maguuma's Mantle,Armor,Basic,Heavy,,unknown (no wiki page found)
9339,Maguuma's Treads,Armor,Basic,Medium,,unknown (no wiki page found)
9343,Maguuma's Treads,Armor,Basic,Heavy,,unknown (no wiki page found)
9350,Maguuma's Treads,Armor,Basic,Light,,unknown (no wiki page found)
1190,Mask of the Crown,Armor,Basic,Light,,unknown (no wiki page found)
1191,Mask of the Crown,Armor,Basic,Medium,,unknown (no wiki page found)
1192,Mask of the Crown,Armor,Basic,Heavy,,unknown (no wiki page found)
1184,Mask of the Jubilee,Armor,Basic,Light,,unknown (no wiki page found)
1185,Mask of the Jubilee,Armor,Basic,Medium,,unknown (no wiki page found)
1186,Mask of the Jubilee,Armor,Basic,Heavy,,unknown (no wiki page found)
2027,Mask of the Night,Armor,Basic,Medium,,unknown (no wiki page found)
2028,Mask of the Night,Armor,Basic,Light,,unknown (no wiki page found)
2029,Mask of the Night,Armor,Basic,Heavy,,unknown (no wiki page found)
1187,Mask of the Queen,Armor,Basic,Light,,unknown (no wiki page found)
1188,Mask of the Queen,Armor,Basic,Medium,,unknown (no wiki page found)
1189,Mask of the Queen,Armor,Basic,Heavy,,unknown (no wiki page found)
1049,Mask of the Silent,Armor,Basic,Heavy,,unknown (no wiki page found)
1050,Mask of the Silent,Armor,Basic,Medium,,unknown (no wiki page found)
1051,Mask of the Silent,Armor,Basic,Light,,unknown (no wiki page found)
1250,Mask of the Wanderer,Armor,Basic,Medium,,unknown (no wiki page found)
1251,Mask of the Wanderer,Armor,Basic,Light,,unknown (no wiki page found)
1252,Mask of the Wanderer,Armor,Basic,Heavy,,unknown (no wiki page found)
13802,Masked Cat Hat,Armor,Basic,Light,,unknown (no wiki page found)
13805,Masked Cat Hat,Armor,Basic,Medium,,unknown (no wiki page found)
13806,Masked Cat Hat,Armor,Basic,Heavy,,unknown (no wiki page found)
13638,Metrica Sports T-Shirt,Armor,Basic,Light,,unknown (no wiki page found)
13640,Metrica Sports T-Shirt,Armor,Basic,Heavy,,unknown (no wiki page found)
13643,Metrica Sports T-Shirt,Armor,Basic,Medium,,unknown (no wiki page found)
13212,Mists-Grasper Gloves,Armor,Basic,Heavy,,unknown (no wiki page found)
13227,Mists-Grasper Gloves,Armor,Basic,Light,,unknown (no wiki page found)
13228,Mists-Grasper Gloves,Armor,Basic,Medium,,unknown (no wiki page found)
10847,Mystical Dragon Horns,Armor,Basic,Medium,,unknown (no wiki page found)
10849,Mystical Dragon Horns,Armor,Basic,Heavy,,unknown (no wiki page found)
10867,Mystical Dragon Horns,Armor,Basic,Light,,unknown (no wiki page found)
12287,Neon Demon Mask,Armor,Basic,Medium,,unknown (no wiki page found)
12299,Neon Demon Mask,Armor,Basic,Light,,unknown (no wiki page found)
12301,Neon Demon Mask,Armor,Basic,Heavy,,unknown (no wiki page found)
11038,Noble Pointed Ears,Armor,Basic,Heavy,,unknown (no wiki page found)
11040,Noble Pointed Ears,Armor,Basic,Light,,unknown (no wiki page found)
11041,Noble Pointed Ears,Armor,Basic,Medium,,unknown (no wiki page found)
1238,Paper Bag Helm (Angry),Armor,Basic,Heavy,,unknown (no wiki page found)
1239,Paper Bag Helm (Angry),Armor,Basic,Light,,unknown (no wiki page found)
1240,Paper Bag Helm (Angry),Armor,Basic,Medium,,unknown (no wiki page found)
1235,Paper Bag Helm (Blush),Armor,Basic,Heavy,,unknown (no wiki page found)
1236,Paper Bag Helm (Blush),Armor,Basic,Light,,unknown (no wiki page found)
1237,Paper Bag Helm (Blush),Armor,Basic,Medium,,unknown (no wiki page found)
1241,Paper Bag Helm (Happy),Armor,Basic,Heavy,,unknown (no wiki page found)
1242,Paper Bag Helm (Happy),Armor,Basic,Light,,unknown (no wiki page found)
1243,Paper Bag Helm (Happy),Armor,Basic,Medium,,unknown (no wiki page found)
1244,Paper Bag Helm (Sad),Armor,Basic,Heavy,,unknown (no wiki page found)
1245,Paper Bag Helm (Sad),Armor,Basic,Light,,unknown (no wiki page found)
1246,Paper Bag Helm (Sad),Armor,Basic,Medium,,unknown (no wiki page found)
13637,Party Hat,Armor,Basic,Medium,,unknown (no wiki page found)
13639,Party Hat,Armor,Basic,Heavy,,unknown (no wiki page found)
13641,Party Hat,Armor,Basic,Light,,unknown (no wiki page found)
13001,Patterned Racing Scarf,Armor,Basic,Medium,,unknown (no wiki page found)
13002,Patterned Racing Scarf,Armor,Basic,Light,,unknown (no wiki page found)
13009,Patterned Racing Scarf,Armor,Basic,Heavy,,unknown (no wiki page found)
6905,Peg-Leg Boots,Armor,Basic,Light,,unknown (no wiki page found)
6909,Peg-Leg Boots,Armor,Basic,Heavy,,unknown (no wiki page found)
6916,Peg-Leg Boots,Armor,Basic,Medium,,unknown (no wiki page found)
6914,Pirate Corsair Hat,Armor,Basic,Light,,unknown (no wiki page found)
6915,Pirate Corsair Hat,Armor,Basic,Medium,,unknown (no wiki page found)
6931,Pirate Corsair Hat,Armor,Basic,Heavy,,unknown (no wiki page found)
6903,Pirate Hook,Armor,Basic,Medium,,unknown (no wiki page found)
6910,Pirate Hook,Armor,Basic,Light,,unknown (no wiki page found)
6943,Pirate Hook,Armor,Basic,Heavy,,unknown (no wiki page found)
13816,Plaid Shirt (Closed),Armor,Basic,Heavy,,unknown (no wiki page found)
13845,Plaid Shirt (Closed),Armor,Basic,Light,,unknown (no wiki page found)
13848,Plaid Shirt (Closed),Armor,Basic,Medium,,unknown (no wiki page found)
13815,Plaid Shirt (Open),Armor,Basic,Light,,unknown (no wiki page found)
13822,Plaid Shirt (Open),Armor,Basic,Heavy,,unknown (no wiki page found)
13828,Plaid Shirt (Open),Armor,Basic,Medium,,unknown (no wiki page found)
14064,Plaid Shorts (Long),Armor,Basic,Light,,unknown (no wiki page found)
14067,Plaid Shorts (Long),Armor,Basic,Medium,,unknown (no wiki page found)
14076,Plaid Shorts (Long),Armor,Basic,Heavy,,unknown (no wiki page found)
14061,Plaid Shorts (Short),Armor,Basic,Light,,unknown (no wiki page found)
14069,Plaid Shorts (Short),Armor,Basic,Heavy,,unknown (no wiki page found)
14074,Plaid Shorts (Short),Armor,Basic,Medium,,unknown (no wiki page found)
13148,Plumed Commodore's Hat,Armor,Basic,Heavy,,unknown (no wiki page found)
13173,Plumed Commodore's Hat,Armor,Basic,Medium,,unknown (no wiki page found)
13183,Plumed Commodore's Hat,Armor,Basic,Light,,unknown (no wiki page found)
11032,Pointed Ears,Armor,Basic,Medium,,unknown (no wiki page found)
11035,Pointed Ears,Armor,Basic,Heavy,,unknown (no wiki page found)
11047,Pointed Ears,Armor,Basic,Light,,unknown (no wiki page found)
12988,Powered Boots,Armor,Basic,Heavy,,unknown (no wiki page found)
12993,Powered Boots,Armor,Basic,Light,,unknown (no wiki page found)
12996,Powered Boots,Armor,Basic,Medium,,unknown (no wiki page found)
13821,Powered Vest,Armor,Basic,Heavy,,unknown (no wiki page found)
13833,Powered Vest,Armor,Basic,Medium,,unknown (no wiki page found)
13835,Powered Vest,Armor,Basic,Light,,unknown (no wiki page found)
10454,Prayer Bead Wraps,Armor,Basic,Heavy,,unknown (no wiki page found)
10584,Prayer Bead Wraps,Armor,Basic,Light,,unknown (no wiki page found)
10641,Prayer Bead Wraps,Armor,Basic,Medium,,unknown (no wiki page found)
11275,Processing Line Control Bracers,Armor,Basic,Light,,unknown (no wiki page found)
11317,Processing Line Control Bracers,Armor,Basic,Medium,,unknown (no wiki page found)
11326,Processing Line Control Bracers,Armor,Basic,Heavy,,unknown (no wiki page found)
14081,Pyre Boots,Armor,Basic,Light,,unknown (no wiki page found)
14094,Pyre Boots,Armor,Basic,Medium,,unknown (no wiki page found)
14114,Pyre Boots,Armor,Basic,Heavy,,unknown (no wiki page found)
10155,Pyre Circlet,Armor,Basic,Heavy,,unknown (no wiki page found)
10157,Pyre Circlet,Armor,Basic,Light,,unknown (no wiki page found)
10160,Pyre Circlet,Armor,Basic,Medium,,unknown (no wiki page found)
10019,Pyre Horns,Armor,Basic,Heavy,,unknown (no wiki page found)
10020,Pyre Horns,Armor,Basic,Medium,,unknown (no wiki page found)
10038,Pyre Horns,Armor,Basic,Light,,unknown (no wiki page found)
757,Radiant Greaves,Armor,Basic,Heavy,,unknown (no wiki page found)
760,Radiant Greaves,Armor,Basic,Medium,,unknown (no wiki page found)
764,Radiant Greaves,Armor,Basic,Light,,unknown (no wiki page found)
756,Radiant Mantle,Armor,Basic,Heavy,,unknown (no wiki page found)
763,Radiant Mantle,Armor,Basic,Light,,unknown (no wiki page found)
767,Radiant Mantle,Armor,Basic,Medium,,unknown (no wiki page found)
759,Radiant Vambraces,Armor,Basic,Heavy,,unknown (no wiki page found)
761,Radiant Vambraces,Armor,Basic,Light,,unknown (no wiki page found)
766,Radiant Vambraces,Armor,Basic,Medium,,unknown (no wiki page found)
758,Radiant Warhelm,Armor,Basic,Heavy,,unknown (no wiki page found)
762,Radiant Warhelm,Armor,Basic,Light,,unknown (no wiki page found)
765,Radiant Warhelm,Armor,Basic,Medium,,unknown (no wiki page found)
12105,Raven Greaves,Armor,Basic,Heavy,,unknown (no wiki page found)
12118,Raven Greaves,Armor,Basic,Light,,unknown (no wiki page found)
12127,Raven Greaves,Armor,Basic,Medium,,unknown (no wiki page found)
12148,Raven Leggings,Armor,Basic,Medium,,unknown (no wiki page found)
12170,Raven Leggings,Armor,Basic,Heavy,,unknown (no wiki page found)
12191,Raven Leggings,Armor,Basic,Light,,unknown (no wiki page found)
12181,Raven Vest,Armor,Basic,Medium,,unknown (no wiki page found)
12193,Raven Vest,Armor,Basic,Heavy,,unknown (no wiki page found)
12194,Raven Vest,Armor,Basic,Light,,unknown (no wiki page found)
13051,Raven-Blessed Visage,Armor,Basic,Heavy,,unknown (no wiki page found)
13064,Raven-Blessed Visage,Armor,Basic,Light,,unknown (no wiki page found)
13069,Raven-Blessed Visage,Armor,Basic,Medium,,unknown (no wiki page found)
13005,Rebel Jacket,Armor,Basic,Light,,unknown (no wiki page found)
13006,Rebel Jacket,Armor,Basic,Medium,,unknown (no wiki page found)
13010,Rebel Jacket,Armor,Basic,Heavy,,unknown (no wiki page found)
11354,Rebel Long Boots,Armor,Basic,Heavy,,unknown (no wiki page found)
11357,Rebel Long Boots,Armor,Basic,Light,,unknown (no wiki page found)
11363,Rebel Long Boots,Armor,Basic,Medium,,unknown (no wiki page found)
11350,Rebel Short Boots,Armor,Basic,Heavy,,unknown (no wiki page found)
11355,Rebel Short Boots,Armor,Basic,Medium,,unknown (no wiki page found)
11360,Rebel Short Boots,Armor,Basic,Light,,unknown (no wiki page found)
14097,Rose Monarch's Crown,Armor,Basic,Heavy,,unknown (no wiki page found)
14099,Rose Monarch's Crown,Armor,Basic,Light,,unknown (no wiki page found)
14112,Rose Monarch's Crown,Armor,Basic,Medium,,unknown (no wiki page found)
12463,Rot Stalker Boots,Armor,Basic,Light,,unknown (no wiki page found)
12498,Rot Stalker Boots,Armor,Basic,Heavy,,unknown (no wiki page found)
12540,Rot Stalker Boots,Armor,Basic,Medium,,unknown (no wiki page found)
12399,Rot Stalker Coat,Armor,Basic,Light,,unknown (no wiki page found)
12499,Rot Stalker Coat,Armor,Basic,Heavy,,unknown (no wiki page found)
12502,Rot Stalker Coat,Armor,Basic,Medium,,unknown (no wiki page found)
12381,Rot Stalker Gloves,Armor,Basic,Heavy,,unknown (no wiki page found)
12460,Rot Stalker Gloves,Armor,Basic,Light,,unknown (no wiki page found)
12511,Rot Stalker Gloves,Armor,Basic,Medium,,unknown (no wiki page found)
12377,Rot Stalker Helm,Armor,Basic,Light,,unknown (no wiki page found)
12525,Rot Stalker Helm,Armor,Basic,Medium,,unknown (no wiki page found)
12546,Rot Stalker Helm,Armor,Basic,Heavy,,unknown (no wiki page found)
12389,Rot Stalker Leggings,Armor,Basic,Heavy,,unknown (no wiki page found)
12471,Rot Stalker Leggings,Armor,Basic,Medium,,unknown (no wiki page found)
12519,Rot Stalker Leggings,Armor,Basic,Light,,unknown (no wiki page found)
12366,Rot Stalker Shoulders,Armor,Basic,Medium,,unknown (no wiki page found)
12400,Rot Stalker Shoulders,Armor,Basic,Light,,unknown (no wiki page found)
12401,Rot Stalker Shoulders,Armor,Basic,Heavy,,unknown (no wiki page found)
13136,Round Boatsman Hat,Armor,Basic,Heavy,,unknown (no wiki page found)
13171,Round Boatsman Hat,Armor,Basic,Medium,,unknown (no wiki page found)
13180,Round Boatsman Hat,Armor,Basic,Light,,unknown (no wiki page found)
11039,Royal Pointed Ears,Armor,Basic,Light,,unknown (no wiki page found)
11044,Royal Pointed Ears,Armor,Basic,Heavy,,unknown (no wiki page found)
11045,Royal Pointed Ears,Armor,Basic,Medium,,unknown (no wiki page found)
11654,Sanctified Boots,Armor,Basic,Heavy,,unknown (no wiki page found)
11713,Sanctified Boots,Armor,Basic,Light,,unknown (no wiki page found)
11777,Sanctified Boots,Armor,Basic,Medium,,unknown (no wiki page found)
11611,Sanctified Coat,Armor,Basic,Heavy,,unknown (no wiki page found)
11682,Sanctified Coat,Armor,Basic,Medium,,unknown (no wiki page found)
11793,Sanctified Coat,Armor,Basic,Light,,unknown (no wiki page found)
11643,Sanctified Gloves,Armor,Basic,Light,,unknown (no wiki page found)
11767,Sanctified Gloves,Armor,Basic,Heavy,,unknown (no wiki page found)
11796,Sanctified Gloves,Armor,Basic,Medium,,unknown (no wiki page found)
11629,Sanctified Helm,Armor,Basic,Medium,,unknown (no wiki page found)
11709,Sanctified Helm,Armor,Basic,Heavy,,unknown (no wiki page found)
11764,Sanctified Helm,Armor,Basic,Light,,unknown (no wiki page found)
11578,Sanctified Leggings,Armor,Basic,Light,,unknown (no wiki page found)
11689,Sanctified Leggings,Armor,Basic,Heavy,,unknown (no wiki page found)
11752,Sanctified Leggings,Armor,Basic,Medium,,unknown (no wiki page found)
11667,Sanctified Shoulders,Armor,Basic,Heavy,,unknown (no wiki page found)
11727,Sanctified Shoulders,Armor,Basic,Light,,unknown (no wiki page found)
11749,Sanctified Shoulders,Armor,Basic,Medium,,unknown (no wiki page found)
11106,Savage Scale Chest,Armor,Basic,Light,,unknown (no wiki page found)
11129,Savage Scale Chest,Armor,Basic,Medium,,unknown (no wiki page found)
11133,Savage Scale Chest,Armor,Basic,Heavy,,unknown (no wiki page found)
11100,Savage Scale Loincloth,Armor,Basic,Light,,unknown (no wiki page found)
11124,Savage Scale Loincloth,Armor,Basic,Medium,,unknown (no wiki page found)
11142,Savage Scale Loincloth,Armor,Basic,Heavy,,unknown (no wiki page found)
827,Scarlet's Veil,Armor,Basic,Medium,,unknown (no wiki page found)
830,Scarlet's Veil,Armor,Basic,Light,,unknown (no wiki page found)
838,Scarlet's Veil,Armor,Basic,Heavy,,unknown (no wiki page found)
11409,Scrivener's Knowledge Shoulders,Armor,Basic,Light,,unknown (no wiki page found)
11411,Scrivener's Knowledge Shoulders,Armor,Basic,Heavy,,unknown (no wiki page found)
11413,Scrivener's Knowledge Shoulders,Armor,Basic,Medium,,unknown (no wiki page found)
13285,Seaside Scholar's Bracelets,Armor,Basic,Heavy,,unknown (no wiki page found)
13564,Seaside Scholar's Bracelets,Armor,Basic,Light,,unknown (no wiki page found)
13613,Seaside Scholar's Bracelets,Armor,Basic,Medium,,unknown (no wiki page found)
13283,Seaside Scholar's Hat,Armor,Basic,Heavy,,unknown (no wiki page found)
13621,Seaside Scholar's Hat,Armor,Basic,Medium,,unknown (no wiki page found)
13631,Seaside Scholar's Hat,Armor,Basic,Light,,unknown (no wiki page found)
13307,Seaside Scholar's Robes,Armor,Basic,Medium,,unknown (no wiki page found)
13540,Seaside Scholar's Robes,Armor,Basic,Heavy,,unknown (no wiki page found)
13561,Seaside Scholar's Robes,Armor,Basic,Light,,unknown (no wiki page found)
13317,Seaside Scholar's Sandals,Armor,Basic,Light,,unknown (no wiki page found)
13377,Seaside Scholar's Sandals,Armor,Basic,Medium,,unknown (no wiki page found)
13618,Seaside Scholar's Sandals,Armor,Basic,Heavy,,unknown (no wiki page found)
13442,Seaside Scholar's Sash,Armor,Basic,Heavy,,unknown (no wiki page found)
13530,Seaside Scholar's Sash,Armor,Basic,Medium,,unknown (no wiki page found)
13562,Seaside Scholar's Sash,Armor,Basic,Light,,unknown (no wiki page found)
13314,Seaside Scholar's Shorts,Armor,Basic,Medium,,unknown (no wiki page found)
13531,Seaside Scholar's Shorts,Armor,Basic,Heavy,,unknown (no wiki page found)
13610,Seaside Scholar's Shorts,Armor,Basic,Light,,unknown (no wiki page found)
13436,Seaside Scholar's Tank Top,Armor,Basic,Light,,unknown (no wiki page found)
13480,Seaside Scholar's Tank Top,Armor,Basic,Heavy,,unknown (no wiki page found)
13602,Seaside Scholar's Tank Top,Armor,Basic,Medium,,unknown (no wiki page found)
11267,Serpentine Tattoo Chest,Armor,Basic,Heavy,,unknown (no wiki page found)
11308,Serpentine Tattoo Chest,Armor,Basic,Medium,,unknown (no wiki page found)
11349,Serpentine Tattoo Chest,Armor,Basic,Light,,unknown (no wiki page found)
11291,Serpentine Tattoo Legs,Armor,Basic,Light,,unknown (no wiki page found)
11305,Serpentine Tattoo Legs,Armor,Basic,Heavy,,unknown (no wiki page found)
11307,Serpentine Tattoo Legs,Armor,Basic,Medium,,unknown (no wiki page found)
11110,Seven Reapers Breastplate,Armor,Basic,Light,,unknown (no wiki page found)
11113,Seven Reapers Breastplate,Armor,Basic,Heavy,,unknown (no wiki page found)
11134,Seven Reapers Breastplate,Armor,Basic,Medium,,unknown (no wiki page found)
10098,Seven Reapers Greaves,Armor,Basic,Medium,,unknown (no wiki page found)
10100,Seven Reapers Greaves,Armor,Basic,Light,,unknown (no wiki page found)
10106,Seven Reapers Greaves,Armor,Basic,Heavy,,unknown (no wiki page found)
10124,Seven Reapers Helm,Armor,Basic,Light,,unknown (no wiki page found)
10129,Seven Reapers Helm,Armor,Basic,Medium,,unknown (no wiki page found)
10131,Seven Reapers Helm,Armor,Basic,Heavy,,unknown (no wiki page found)
11059,Seven Reapers Legguards,Armor,Basic,Heavy,,unknown (no wiki page found)
11068,Seven Reapers Legguards,Armor,Basic,Medium,,unknown (no wiki page found)
11080,Seven Reapers Legguards,Armor,Basic,Light,,unknown (no wiki page found)
9890,Seven Reapers Pauldrons,Armor,Basic,Heavy,,unknown (no wiki page found)
9891,Seven Reapers Pauldrons,Armor,Basic,Light,,unknown (no wiki page found)
9894,Seven Reapers Pauldrons,Armor,Basic,Medium,,unknown (no wiki page found)
6072,Shadow Assassin Short Bow,Weapon,Basic,,,unknown (no wiki page found)
5815,Shadow of the Dragon Shoulders,Armor,Basic,Heavy,,unknown (no wiki page found)
5816,Shadow of the Dragon Shoulders,Armor,Basic,Light,,unknown (no wiki page found)
5820,Shadow of the Dragon Shoulders,Armor,Basic,Medium,,unknown (no wiki page found)
11842,Side-Lace Pants,Armor,Basic,Medium,,unknown (no wiki page found)
11843,Side-Lace Pants,Armor,Basic,Heavy,,unknown (no wiki page found)
11845,Side-Lace Pants,Armor,Basic,Light,,unknown (no wiki page found)
12029,Skysage's Boots,Armor,Basic,Light,,unknown (no wiki page found)
12054,Skysage's Boots,Armor,Basic,Medium,,unknown (no wiki page found)
12091,Skysage's Boots,Armor,Basic,Heavy,,unknown (no wiki page found)
12013,Skysage's Coat,Armor,Basic,Heavy,,unknown (no wiki page found)
12074,Skysage's Coat,Armor,Basic,Medium,,unknown (no wiki page found)
12075,Skysage's Coat,Armor,Basic,Light,,unknown (no wiki page found)
12036,Skysage's Gloves,Armor,Basic,Light,,unknown (no wiki page found)
12076,Skysage's Gloves,Armor,Basic,Medium,,unknown (no wiki page found)
12094,Skysage's Gloves,Armor,Basic,Heavy,,unknown (no wiki page found)
12017,Skysage's Helm,Armor,Basic,Heavy,,unknown (no wiki page found)
12062,Skysage's Helm,Armor,Basic,Light,,unknown (no wiki page found)
12095,Skysage's Helm,Armor,Basic,Medium,,unknown (no wiki page found)
12044,Skysage's Leggings,Armor,Basic,Light,,unknown (no wiki page found)
12050,Skysage's Leggings,Armor,Basic,Heavy,,unknown (no wiki page found)
12079,Skysage's Leggings,Armor,Basic,Medium,,unknown (no wiki page found)
12014,Skysage's Shoulders,Armor,Basic,Light,,unknown (no wiki page found)
12018,Skysage's Shoulders,Armor,Basic,Medium,,unknown (no wiki page found)
12088,Skysage's Shoulders,Armor,Basic,Heavy,,unknown (no wiki page found)
12016,Skysage's Spectacles,Armor,Basic,Light,,unknown (no wiki page found)
12066,Skysage's Spectacles,Armor,Basic,Medium,,unknown (no wiki page found)
12092,Skysage's Spectacles,Armor,Basic,Heavy,,unknown (no wiki page found)
14039,Sleeveless Wetsuit Bottoms,Armor,Basic,Light,,unknown (no wiki page found)
14050,Sleeveless Wetsuit Bottoms,Armor,Basic,Heavy,,unknown (no wiki page found)
14053,Sleeveless Wetsuit Bottoms,Armor,Basic,Medium,,unknown (no wiki page found)
14043,Sleeveless Wetsuit Top,Armor,Basic,Light,,unknown (no wiki page found)
14045,Sleeveless Wetsuit Top,Armor,Basic,Heavy,,unknown (no wiki page found)
14058,Sleeveless Wetsuit Top,Armor,Basic,Medium,,unknown (no wiki page found)
8329,Slumbering Mistforged Obsidian Axe,Weapon,Basic,,,unknown (no wiki page found)
7926,Slumbering Mistforged Obsidian Dagger,Weapon,Basic,,,unknown (no wiki page found)
8129,Slumbering Mistforged Obsidian Focus,Weapon,Basic,,,unknown (no wiki page found)
8137,Slumbering Mistforged Obsidian Greatsword,Weapon,Basic,,,unknown (no wiki page found)
8139,Slumbering Mistforged Obsidian Hammer,Weapon,Basic,,,unknown (no wiki page found)
7935,Slumbering Mistforged Obsidian Longbow,Weapon,Basic,,,unknown (no wiki page found)
8077,Slumbering Mistforged Obsidian Mace,Weapon,Basic,,,unknown (no wiki page found)
8076,Slumbering Mistforged Obsidian Pistol,Weapon,Basic,,,unknown (no wiki page found)
8318,Slumbering Mistforged Obsidian Rifle,Weapon,Basic,,,unknown (no wiki page found)
8067,Slumbering Mistforged Obsidian Scepter,Weapon,Basic,,,unknown (no wiki page found)
7958,Slumbering Mistforged Obsidian Shield,Weapon,Basic,,,unknown (no wiki page found)
8314,Slumbering Mistforged Obsidian Short Bow,Weapon,Basic,,,unknown (no wiki page found)
7961,Slumbering Mistforged Obsidian Staff,Weapon,Basic,,,unknown (no wiki page found)
7951,Slumbering Mistforged Obsidian Sword,Weapon,Basic,,,unknown (no wiki page found)
7978,Slumbering Mistforged Obsidian Torch,Weapon,Basic,,,unknown (no wiki page found)
8332,Slumbering Mistforged Obsidian Warhorn,Weapon,Basic,,,unknown (no wiki page found)
8302,Slumbering Obsidian Axe,Weapon,Basic,,,unknown (no wiki page found)
7946,Slumbering Obsidian Dagger,Weapon,Basic,,,unknown (no wiki page found)
8136,Slumbering Obsidian Focus,Weapon,Basic,,,unknown (no wiki page found)
8140,Slumbering Obsidian Greatsword,Weapon,Basic,,,unknown (no wiki page found)
8130,Slumbering Obsidian Hammer,Weapon,Basic,,,unknown (no wiki page found)
7980,Slumbering Obsidian Longbow,Weapon,Basic,,,unknown (no wiki page found)
8074,Slumbering Obsidian Mace,Weapon,Basic,,,unknown (no wiki page found)
8078,Slumbering Obsidian Pistol,Weapon,Basic,,,unknown (no wiki page found)
8323,Slumbering Obsidian Rifle,Weapon,Basic,,,unknown (no wiki page found)
8065,Slumbering Obsidian Scepter,Weapon,Basic,,,unknown (no wiki page found)
7928,Slumbering Obsidian Shield,Weapon,Basic,,,unknown (no wiki page found)
8308,Slumbering Obsidian Short Bow,Weapon,Basic,,,unknown (no wiki page found)
7953,Slumbering Obsidian Staff,Weapon,Basic,,,unknown (no wiki page found)
7992,Slumbering Obsidian Sword,Weapon,Basic,,,unknown (no wiki page found)
7971,Slumbering Obsidian Torch,Weapon,Basic,,,unknown (no wiki page found)
8304,Slumbering Obsidian Warhorn,Weapon,Basic,,,unknown (no wiki page found)
13105,Snorkel Mask,Armor,Basic,Medium,,unknown (no wiki page found)
13122,Snorkel Mask,Armor,Basic,Heavy,,unknown (no wiki page found)
13133,Snorkel Mask,Armor,Basic,Light,,unknown (no wiki page found)
13642,Southsun Waves T-Shirt,Armor,Basic,Heavy,,unknown (no wiki page found)
13646,Southsun Waves T-Shirt,Armor,Basic,Light,,unknown (no wiki page found)
13647,Southsun Waves T-Shirt,Armor,Basic,Medium,,unknown (no wiki page found)
11294,Special Ops Captain's Helmet,Armor,Basic,Heavy,,unknown (no wiki page found)
11319,Special Ops Captain's Helmet,Armor,Basic,Medium,,unknown (no wiki page found)
11342,Special Ops Captain's Helmet,Armor,Basic,Light,,unknown (no wiki page found)
13702,Spiked Inquest Gloves,Armor,Basic,Heavy,,unknown (no wiki page found)
13711,Spiked Inquest Gloves,Armor,Basic,Light,,unknown (no wiki page found)
13759,Spiked Inquest Gloves,Armor,Basic,Medium,,unknown (no wiki page found)
13714,Spiked Inquest Greaves,Armor,Basic,Light,,unknown (no wiki page found)
13780,Spiked Inquest Greaves,Armor,Basic,Medium,,unknown (no wiki page found)
13782,Spiked Inquest Greaves,Armor,Basic,Heavy,,unknown (no wiki page found)
13760,Spiked Inquest Helm,Armor,Basic,Heavy,,unknown (no wiki page found)
13768,Spiked Inquest Helm,Armor,Basic,Light,,unknown (no wiki page found)
13775,Spiked Inquest Helm,Armor,Basic,Medium,,unknown (no wiki page found)
13650,Steam-Powered Legwear (Left),Armor,Basic,Heavy,,unknown (no wiki page found)
13663,Steam-Powered Legwear (Left),Armor,Basic,Light,,unknown (no wiki page found)
13676,Steam-Powered Legwear (Left),Armor,Basic,Medium,,unknown (no wiki page found)
13656,Steam-Powered Legwear (Right),Armor,Basic,Medium,,unknown (no wiki page found)
13657,Steam-Powered Legwear (Right),Armor,Basic,Light,,unknown (no wiki page found)
13672,Steam-Powered Legwear (Right),Armor,Basic,Heavy,,unknown (no wiki page found)
9307,Stone Summit Boots,Armor,Basic,Medium,,unknown (no wiki page found)
9316,Stone Summit Boots,Armor,Basic,Heavy,,unknown (no wiki page found)
9327,Stone Summit Boots,Armor,Basic,Light,,unknown (no wiki page found)
9262,Stone Summit Gauntlets,Armor,Basic,Light,,unknown (no wiki page found)
9276,Stone Summit Gauntlets,Armor,Basic,Heavy,,unknown (no wiki page found)
9279,Stone Summit Gauntlets,Armor,Basic,Medium,,unknown (no wiki page found)
9248,Stone Summit Helmet,Armor,Basic,Heavy,,unknown (no wiki page found)
9258,Stone Summit Helmet,Armor,Basic,Light,,unknown (no wiki page found)
9277,Stone Summit Helmet,Armor,Basic,Medium,,unknown (no wiki page found)
9259,Stone Summit Pauldrons,Armor,Basic,Heavy,,unknown (no wiki page found)
9284,Stone Summit Pauldrons,Armor,Basic,Light,,unknown (no wiki page found)
9311,Stone Summit Pauldrons,Armor,Basic,Medium,,unknown (no wiki page found)
14048,Summer Runner Bracelets,Armor,Basic,Heavy,,unknown (no wiki page found)
14049,Summer Runner Bracelets,Armor,Basic,Light,,unknown (no wiki page found)
14056,Summer Runner Bracelets,Armor,Basic,Medium,,unknown (no wiki page found)
14040,Summer Runner Gaiter,Armor,Basic,Heavy,,unknown (no wiki page found)
14044,Summer Runner Gaiter,Armor,Basic,Light,,unknown (no wiki page found)
14055,Summer Runner Gaiter,Armor,Basic,Medium,,unknown (no wiki page found)
14037,Summer Runner Shoes,Armor,Basic,Medium,,unknown (no wiki page found)
14038,Summer Runner Shoes,Armor,Basic,Heavy,,unknown (no wiki page found)
14057,Summer Runner Shoes,Armor,Basic,Light,,unknown (no wiki page found)
14047,Summer Runner Shorts,Armor,Basic,Heavy,,unknown (no wiki page found)
14054,Summer Runner Shorts,Armor,Basic,Light,,unknown (no wiki page found)
14059,Summer Runner Shorts,Armor,Basic,Medium,,unknown (no wiki page found)
14032,Summer Runner Vest,Armor,Basic,Medium,,unknown (no wiki page found)
14036,Summer Runner Vest,Armor,Basic,Light,,unknown (no wiki page found)
14041,Summer Runner Vest,Armor,Basic,Heavy,,unknown (no wiki page found)
14035,Summer Runner Visor,Armor,Basic,Light,,unknown (no wiki page found)
14042,Summer Runner Visor,Armor,Basic,Medium,,unknown (no wiki page found)
14060,Summer Runner Visor,Armor,Basic,Heavy,,unknown (no wiki page found)
14009,Summer T-Shirt,Armor,Basic,Light,,unknown (no wiki page found)
14012,Summer T-Shirt,Armor,Basic,Medium,,unknown (no wiki page found)
14018,Summer T-Shirt,Armor,Basic,Heavy,,unknown (no wiki page found)
13103,Sunshine Bracelet,Armor,Basic,Medium,,unknown (no wiki page found)
13119,Sunshine Bracelet,Armor,Basic,Heavy,,unknown (no wiki page found)
13129,Sunshine Bracelet,Armor,Basic,Light,,unknown (no wiki page found)
13100,Sunshine Flower Headpiece,Armor,Basic,Medium,,unknown (no wiki page found)
13115,Sunshine Flower Headpiece,Armor,Basic,Light,,unknown (no wiki page found)
13131,Sunshine Flower Headpiece,Armor,Basic,Heavy,,unknown (no wiki page found)
13106,Sunshine Sandals,Armor,Basic,Medium,,unknown (no wiki page found)
13110,Sunshine Sandals,Armor,Basic,Light,,unknown (no wiki page found)
13127,Sunshine Sandals,Armor,Basic,Heavy,,unknown (no wiki page found)
13099,Sunshine Shirt,Armor,Basic,Light,,unknown (no wiki page found)
13108,Sunshine Shirt,Armor,Basic,Heavy,,unknown (no wiki page found)
13121,Sunshine Shirt,Armor,Basic,Medium,,unknown (no wiki page found)
13117,Sunshine Shorts,Armor,Basic,Medium,,unknown (no wiki page found)
13125,Sunshine Shorts,Armor,Basic,Light,,unknown (no wiki page found)
13130,Sunshine Shorts,Armor,Basic,Heavy,,unknown (no wiki page found)
12944,Synergetics Headset (Down),Armor,Basic,Medium,,unknown (no wiki page found)
12952,Synergetics Headset (Down),Armor,Basic,Light,,unknown (no wiki page found)
12959,Synergetics Headset (Down),Armor,Basic,Heavy,,unknown (no wiki page found)
12953,Synergetics Headset (Up),Armor,Basic,Heavy,,unknown (no wiki page found)
12972,Synergetics Headset (Up),Armor,Basic,Light,,unknown (no wiki page found)
12973,Synergetics Headset (Up),Armor,Basic,Medium,,unknown (no wiki page found)
11340,Tahkayun's Reverse-Grip Edge,Weapon,Basic,,,unknown (no wiki page found)
9789,Tempest Gaze,Armor,Basic,Heavy,,unknown (no wiki page found)
9790,Tempest Gaze,Armor,Basic,Medium,,unknown (no wiki page found)
9792,Tempest Gaze,Armor,Basic,Light,,unknown (no wiki page found)
14183,Tenebral Ward Heavy Boots,Armor,Basic,Heavy,,unknown (no wiki page found)
14194,Tenebral Ward Heavy Gloves,Armor,Basic,Heavy,,unknown (no wiki page found)
14175,Tenebral Ward Heavy Helmet,Armor,Basic,Heavy,,unknown (no wiki page found)
14174,Tenebral Ward Heavy Leggings,Armor,Basic,Heavy,,unknown (no wiki page found)
14219,Tenebral Ward Heavy Pauldrons,Armor,Basic,Heavy,,unknown (no wiki page found)
14209,Tenebral Ward Light Boots,Armor,Basic,Light,,unknown (no wiki page found)
14139,Tenebral Ward Light Gloves,Armor,Basic,Light,,unknown (no wiki page found)
14202,Tenebral Ward Light Helmet,Armor,Basic,Light,,unknown (no wiki page found)
14155,Tenebral Ward Light Leggings,Armor,Basic,Light,,unknown (no wiki page found)
14201,Tenebral Ward Light Pauldrons,Armor,Basic,Light,,unknown (no wiki page found)
14144,Tenebral Ward Medium Boots,Armor,Basic,Medium,,unknown (no wiki page found)
14162,Tenebral Ward Medium Gloves,Armor,Basic,Medium,,unknown (no wiki page found)
14130,Tenebral Ward Medium Helmet,Armor,Basic,Medium,,unknown (no wiki page found)
14165,Tenebral Ward Medium Leggings,Armor,Basic,Medium,,unknown (no wiki page found)
14142,Tenebral Ward Medium Pauldrons,Armor,Basic,Medium,,unknown (no wiki page found)
14192,The Tyrant's Justification,Weapon,Basic,,,unknown (no wiki page found)
14134,The Tyrant's Selection Process,Weapon,Basic,,,unknown (no wiki page found)
12775,Tiny Royal Crown,Armor,Basic,Medium,,unknown (no wiki page found)
12787,Tiny Royal Crown,Armor,Basic,Light,,unknown (no wiki page found)
12788,Tiny Royal Crown,Armor,Basic,Heavy,,unknown (no wiki page found)
14169,Torrs Calare Greatsword,Weapon,Basic,,,unknown (no wiki page found)
13208,Traveling Knight's Hooded Helm,Armor,Basic,Medium,,unknown (no wiki page found)
13213,Traveling Knight's Hooded Helm,Armor,Basic,Light,,unknown (no wiki page found)
13226,Traveling Knight's Hooded Helm,Armor,Basic,Heavy,,unknown (no wiki page found)
12296,Tropical Chest,Armor,Basic,Heavy,,unknown (no wiki page found)
12303,Tropical Chest,Armor,Basic,Medium,,unknown (no wiki page found)
12305,Tropical Chest,Armor,Basic,Light,,unknown (no wiki page found)
13697,Tropical Leaf Shoulders,Armor,Basic,Light,,unknown (no wiki page found)
13736,Tropical Leaf Shoulders,Armor,Basic,Medium,,unknown (no wiki page found)
13740,Tropical Leaf Shoulders,Armor,Basic,Heavy,,unknown (no wiki page found)
12291,Tropical Legwear,Armor,Basic,Medium,,unknown (no wiki page found)
12298,Tropical Legwear,Armor,Basic,Light,,unknown (no wiki page found)
12307,Tropical Legwear,Armor,Basic,Heavy,,unknown (no wiki page found)
14089,Unclouded Cuirass,Armor,Basic,Heavy,,unknown (no wiki page found)
14096,Unclouded Cuirass,Armor,Basic,Light,,unknown (no wiki page found)
14119,Unclouded Cuirass,Armor,Basic,Medium,,unknown (no wiki page found)
14095,Unclouded Pteruges,Armor,Basic,Light,,unknown (no wiki page found)
14104,Unclouded Pteruges,Armor,Basic,Medium,,unknown (no wiki page found)
14106,Unclouded Pteruges,Armor,Basic,Heavy,,unknown (no wiki page found)
10846,Unicorn Horn,Armor,Basic,Light,,unknown (no wiki page found)
10852,Unicorn Horn,Armor,Basic,Heavy,,unknown (no wiki page found)
10853,Unicorn Horn,Armor,Basic,Medium,,unknown (no wiki page found)
12796,Vagabond's Hood,Armor,Basic,Medium,,unknown (no wiki page found)
12806,Vagabond's Hood,Armor,Basic,Heavy,,unknown (no wiki page found)
12808,Vagabond's Hood,Armor,Basic,Light,,unknown (no wiki page found)
12797,Vagabond's Shoulders,Armor,Basic,Light,,unknown (no wiki page found)
12801,Vagabond's Shoulders,Armor,Basic,Medium,,unknown (no wiki page found)
12803,Vagabond's Shoulders,Armor,Basic,Heavy,,unknown (no wiki page found)
13111,Valkyrie's Champion Helm,Armor,Basic,Light,,unknown (no wiki page found)
13120,Valkyrie's Champion Helm,Armor,Basic,Medium,,unknown (no wiki page found)
13124,Valkyrie's Champion Helm,Armor,Basic,Heavy,,unknown (no wiki page found)
12749,Vengeful Wolf Rider Helm,Armor,Basic,Medium,,unknown (no wiki page found)
12752,Vengeful Wolf Rider Helm,Armor,Basic,Light,,unknown (no wiki page found)
12784,Vengeful Wolf Rider Helm,Armor,Basic,Heavy,,unknown (no wiki page found)
13019,Vibrant Wings Backpack,Back,Basic,,,unknown (no wiki page found)
1404,Vigil's Honor Gloves,Armor,Basic,Light,,unknown (no wiki page found)
1407,Vigil's Honor Gloves,Armor,Basic,Medium,,unknown (no wiki page found)
13244,Vigilant Physician's Mask,Armor,Basic,Light,,unknown (no wiki page found)
13250,Vigilant Physician's Mask,Armor,Basic,Heavy,,unknown (no wiki page found)
13254,Vigilant Physician's Mask,Armor,Basic,Medium,,unknown (no wiki page found)
13109,Villainous Hood,Armor,Basic,Heavy,,unknown (no wiki page found)
13126,Villainous Hood,Armor,Basic,Medium,,unknown (no wiki page found)
13132,Villainous Hood,Armor,Basic,Light,,unknown (no wiki page found)
13875,Ward Hunter's Boots,Armor,Basic,Light,,unknown (no wiki page found)
13920,Ward Hunter's Boots,Armor,Basic,Medium,,unknown (no wiki page found)
13972,Ward Hunter's Boots,Armor,Basic,Heavy,,unknown (no wiki page found)
13952,Ward Hunter's Cape,Back,Basic,,,unknown (no wiki page found)
13891,Ward Hunter's Coat,Armor,Basic,Medium,,unknown (no wiki page found)
13951,Ward Hunter's Coat,Armor,Basic,Light,,unknown (no wiki page found)
13995,Ward Hunter's Coat,Armor,Basic,Heavy,,unknown (no wiki page found)
13871,Ward Hunter's Gloves,Armor,Basic,Medium,,unknown (no wiki page found)
13881,Ward Hunter's Gloves,Armor,Basic,Heavy,,unknown (no wiki page found)
13915,Ward Hunter's Gloves,Armor,Basic,Light,,unknown (no wiki page found)
13882,Ward Hunter's Leggings,Armor,Basic,Light,,unknown (no wiki page found)
13923,Ward Hunter's Leggings,Armor,Basic,Medium,,unknown (no wiki page found)
13948,Ward Hunter's Leggings,Armor,Basic,Heavy,,unknown (no wiki page found)
13897,Ward Hunter's Mask,Armor,Basic,Light,,unknown (no wiki page found)
13918,Ward Hunter's Mask,Armor,Basic,Medium,,unknown (no wiki page found)
13988,Ward Hunter's Mask,Armor,Basic,Heavy,,unknown (no wiki page found)
13869,Ward Hunter's Shoulders,Armor,Basic,Light,,unknown (no wiki page found)
13931,Ward Hunter's Shoulders,Armor,Basic,Heavy,,unknown (no wiki page found)
13942,Ward Hunter's Shoulders,Armor,Basic,Medium,,unknown (no wiki page found)
12888,Ward Knight's Boots,Armor,Basic,Medium,,unknown (no wiki page found)
12892,Ward Knight's Boots,Armor,Basic,Light,,unknown (no wiki page found)
12917,Ward Knight's Boots,Armor,Basic,Heavy,,unknown (no wiki page found)
12869,Ward Knight's Coat,Armor,Basic,Light,,unknown (no wiki page found)
12910,Ward Knight's Coat,Armor,Basic,Heavy,,unknown (no wiki page found)
12924,Ward Knight's Coat,Armor,Basic,Medium,,unknown (no wiki page found)
12870,Ward Knight's Gloves,Armor,Basic,Medium,,unknown (no wiki page found)
12936,Ward Knight's Gloves,Armor,Basic,Light,,unknown (no wiki page found)
12938,Ward Knight's Gloves,Armor,Basic,Heavy,,unknown (no wiki page found)
12862,Ward Knight's Helm,Armor,Basic,Medium,,unknown (no wiki page found)
12880,Ward Knight's Helm,Armor,Basic,Light,,unknown (no wiki page found)
12941,Ward Knight's Helm,Armor,Basic,Heavy,,unknown (no wiki page found)
12878,Ward Knight's Leggings,Armor,Basic,Light,,unknown (no wiki page found)
12884,Ward Knight's Leggings,Armor,Basic,Medium,,unknown (no wiki page found)
12902,Ward Knight's Leggings,Armor,Basic,Heavy,,unknown (no wiki page found)
12903,Ward Knight's Shoulders,Armor,Basic,Medium,,unknown (no wiki page found)
12914,Ward Knight's Shoulders,Armor,Basic,Light,,unknown (no wiki page found)
12918,Ward Knight's Shoulders,Armor,Basic,Heavy,,unknown (no wiki page found)
10969,Water Dragon Crest,Armor,Basic,Heavy,,unknown (no wiki page found)
10992,Water Dragon Crest,Armor,Basic,Medium,,unknown (no wiki page found)
10993,Water Dragon Crest,Armor,Basic,Light,,unknown (no wiki page found)
10918,Water Dragon Helm,Armor,Basic,Medium,,unknown (no wiki page found)
10924,Water Dragon Helm,Armor,Basic,Heavy,,unknown (no wiki page found)
10967,Water Dragon Helm,Armor,Basic,Light,,unknown (no wiki page found)
10906,Water Dragon Pauldrons,Armor,Basic,Light,,unknown (no wiki page found)
10916,Water Dragon Pauldrons,Armor,Basic,Medium,,unknown (no wiki page found)
10925,Water Dragon Pauldrons,Armor,Basic,Heavy,,unknown (no wiki page found)
1420,Whisper's Secret Gloves,Armor,Basic,Light,,unknown (no wiki page found)
1423,Whisper's Secret Gloves,Armor,Basic,Medium,,unknown (no wiki page found)
1418,Whisper's Secret Leggings,Armor,Basic,Light,,unknown (no wiki page found)
1425,Whisper's Secret Leggings,Armor,Basic,Medium,,unknown (no wiki page found)
12252,Whispering Serpents Pauldrons,Armor,Basic,Heavy,,unknown (no wiki page found)
12256,Whispering Serpents Pauldrons,Armor,Basic,Light,,unknown (no wiki page found)
12276,Whispering Serpents Pauldrons,Armor,Basic,Medium,,unknown (no wiki page found)
6805,White Mantle Sledge,Weapon,Basic,,,unknown (no wiki page found)
982,Wide-Rim Glasses,Armor,Basic,Medium,,unknown (no wiki page found)
986,Wide-Rim Glasses,Armor,Basic,Light,,unknown (no wiki page found)
987,Wide-Rim Glasses,Armor,Basic,Heavy,,unknown (no wiki page found)
11952,Winter Fur Shoulders,Armor,Basic,Medium,,unknown (no wiki page found)
11957,Winter Fur Shoulders,Armor,Basic,Light,,unknown (no wiki page found)
11961,Winter Fur Shoulders,Armor,Basic,Heavy,,unknown (no wiki page found)
12748,Winter Mittens,Armor,Basic,Heavy,,unknown (no wiki page found)
12765,Winter Mittens,Armor,Basic,Light,,unknown (no wiki page found)
12786,Winter Mittens,Armor,Basic,Medium,,unknown (no wiki page found)
11171,Wintersday Snow Boots,Armor,Basic,Heavy,,unknown (no wiki page found)
11179,Wintersday Snow Boots,Armor,Basic,Medium,,unknown (no wiki page found)
11184,Wintersday Snow Boots,Armor,Basic,Light,,unknown (no wiki page found)
1208,Zephyrite Lightning Helm,Armor,Basic,Heavy,,unknown (no wiki page found)
1209,Zephyrite Lightning Helm,Armor,Basic,Light,,unknown (no wiki page found)
1210,Zephyrite Lightning Helm,Armor,Basic,Medium,,unknown (no wiki page found)
1205,Zephyrite Sun Helm,Armor,Basic,Heavy,,unknown (no wiki page found)
1206,Zephyrite Sun Helm,Armor,Basic,Light,,unknown (no wiki page found)
1207,Zephyrite Sun Helm,Armor,Basic,Medium,,unknown (no wiki page found)
1202,Zephyrite Wind Helm,Armor,Basic,Heavy,,unknown (no wiki page found)
1203,Zephyrite Wind Helm,Armor,Basic,Light,,unknown (no wiki page found)
1204,Zephyrite Wind Helm,Armor,Basic,Medium,,unknown (no wiki page found)